"Country","Year","Forestland","FConsumption","Food Retail","IPPU","Rural population","Urban population","MPopulation","FPopulation","CO2emissions","AvTemp"
"Afghanistan",1990,-2388.803,79.0851,109.6446,209.9778,9655167,2593947,5348387,5346409,2198.96353899658,0.536166666666667
"Afghanistan",1991,-2388.803,80.4885,116.6789,217.0388,10230490,2763167,5372959,5372208,2323.87662913165,0.0206666666666666
"Afghanistan",1992,-2388.803,80.7692,126.1721,222.1156,10995568,2985663,6028494,6028939,2356.30422913165,-0.259583333333333
"Afghanistan",1993,-2388.803,85.0678,81.4607,201.2057,11858090,3237009,7003641,7000119,2368.47052913165,0.101916666666667
"Afghanistan",1994,-2388.803,88.8058,90.4008,182.2905,12690115,3482604,7733458,7722096,2500.76872913165,0.37225
"Afghanistan",1995,-2388.803,90.1626,98.868,174.3647,13401971,3697570,8219467,8199445,2624.61252913165,0.285583333333333
"Afghanistan",1996,-2388.803,93.7905,21.6458,165.423,13952791,3870093,8569175,8537421,2838.92132913165,0.0365833333333333
"Afghanistan",1997,-2388.803,93.9696,28.2132,164.4681,14373573,4008032,8916862,8871958,3204.18011482975,0.415166666666667
"Afghanistan",1998,-2388.803,95.2597,30.887,163.5052,14733655,4130344,9275541,9217591,3560.71666120256,0.890833333333333
"Afghanistan",1999,-2388.803,98.9876,39.4317,163.5503,15137497,4266179,9667811,9595036,3694.80653299675,1.0585
"Afghanistan",2000,-2388.803,103.4192,73.7401,164.6033,15657474,4436282,9815442,9727541,3113.52841482975,0.975666666666667
"Afghanistan",2001,121.9016,105.3407,102.0122,151.6748,16318324,4648139,9895467,9793166,5038.53396752271,1.40891666666667
"Afghanistan",2002,121.9016,108.7956,128.807,157.7543,17086910,4893013,10562202,10438055,6035.81646752271,1.08416666666667
"Afghanistan",2003,121.9016,110.807,157.5576,158.8417,17909063,5155788,11397483,11247647,6449.08923089425,0.679333333333333
"Afghanistan",2004,121.9016,105.601,190.2416,160.9265,18692107,5426872,11862726,11690825,6734.99823089424,1.39883333333333
"Afghanistan",2005,121.9016,115.7245,230.9986,161.0008,19378962,5691836,12302104,12109086,7001.29752730812,0.457333333333333
"Afghanistan",2006,121.9016,107.8508,241.914,168.067,19961972,5931478,12828447,12614497,7076.18194695906,1.47733333333333
"Afghanistan",2007,121.9016,113.6165,246.2698,170.1253,20464923,6151869,13067961,12835340,7281.05338069308,0.7865
"Afghanistan",2008,121.9016,130.3898,254.0779,177.1783,20929119,6364912,13339006,13088192,8069.08633047617,0.835833333333333
"Afghanistan",2009,121.9016,188.6719,261.1027,179.2366,21415593,6588738,13827977,13557331,8735.04244656368,0.897416666666667
"Afghanistan",2010,121.9016,286.0954,255.1159,192.3002,21966187,6836980,14240377,13949295,9871.63866628562,1.52925
"Afghanistan",2011,-246.2191,522.6275,270.6066,192.3717,22594126,7114473,14780282,14468875,10925.5343157868,1.25458333333333
"Afghanistan",2012,-246.2191,534.4065,271.2397,266.4513,23280663,7416295,15399105,15067373,11280.2765109356,0.344166666666667
"Afghanistan",2013,-246.2191,833.2319,276.2396,333.5334,23997856,7733832,15946572,15594637,11694.0041951535,1.29091666666667
"Afghanistan",2014,-246.2191,1094.1338,333.4255,282.6155,24703798,8054222,16543889,16172321,12128.6982840044,0.468666666666667
"Afghanistan",2015,-246.2191,1570.3394,370.6039,256.703,25368923,8367571,17071446,16682054,12652.8761105804,1.10391666666667
"Afghanistan",2016,154.6574,1649.8382,425.9346,302.756,25985093,8670939,17520861,17115346,12988.3843797553,1.83941666666667
"Afghanistan",2017,154.6574,1431.53,477.3314,273.8355,26558609,8971472,18028696,17614722,12786.218761862,1.28991666666667
"Afghanistan",2018,154.6574,1392.548,534.8263,298.915,27099874,9273302,18549862,18136922,13054.9826487538,1.61158333333333
"Afghanistan",2019,154.6574,1520.2581,590.6114,308.968,27626382,9582625,19090409,18679089,13354.3604731142,0.92725
"Afghanistan",2020,154.6574,1548.1399,630.7575,341.0475,28150604,9904337,19692301,19279930,14032.420621091,0.20925
"Albania",1990,72.8581,16.0124,8.3013,767.1456,2086075,1195379,1676902,1618163,3475.29124039086,0.73575
"Albania",1991,72.8581,11.4657,2.7448,628.6596,2073348,1202083,1675168,1626914,5680.13577247156,-0.4615
"Albania",1992,72.8581,7.9077,3.4281,247.2039,2033508,1207079,1670550,1633189,5221.13157247156,0.31825
"Albania",1993,72.8581,16.5217,7.0102,263.8111,1983942,1205641,1663515,1637195,5316.97327247156,0.2705
"Albania",1994,72.8581,17.5634,5.7802,212.3739,1936056,1204539,1654796,1639203,5564.28767247156,1.20266666666667
"Albania",1995,72.8581,11.5553,4.2759,278.2638,1897862,1208874,1644902,1639462,5582.37134894787,-0.0388333333333334
"Albania",1996,72.8581,9.3235,4.6712,266.1984,1871645,1220583,1633759,1637572,3231.95674747106,-0.145916666666667
"Albania",1997,72.8581,11.2326,4.587,199.1235,1854740,1238301,1620795,1632924,3035.1640159877,0.0874166666666667
"Albania",1998,72.8581,15.1067,6.3115,193.1484,1843604,1260155,1606618,1625558,3033.2386159877,0.582333333333333
"Albania",1999,72.8581,49.6806,8.2905,223.296,1832914,1282662,1592223,1616037,3336.6393159877,0.941083333333333
"Albania",2000,72.8581,64.9993,11.1932,245.5081,1818833,1303137,1577591,1604429,3516.5506159877,1.11916666666667
"Albania",2001,-1233.2859,73.238,15.2996,160.1936,1797423,1324985,1562949,1590663,2074.2010159877,1.0385
"Albania",2002,-1233.2859,93.955,20.1063,178.0886,1762229,1356800,1548482,1575069,2148.6725159877,0.875666666666667
"Albania",2003,-1233.2859,73.6972,25.5938,514.5821,1724344,1386661,1534566,1558425,2319.1719159877,0.935333333333333
"Albania",2004,-1233.2859,80.9737,33.4117,523.7442,1683584,1414163,1521272,1541351,2548.7889159877,0.570416666666667
"Albania",2005,-1233.2859,32.1791,45.9153,496.1337,1640246,1438933,1508427,1524207,2531.8138159877,0.07325
"Albania",2006,-1233.2859,107.6431,45.4328,501.0019,1593892,1460439,1496029,1507358,2745.4753159877,0.360833333333333
"Albania",2007,-1233.2859,103.2809,51.291,685.4249,1545166,1478741,1484648,1491436,2866.28076173182,1.17258333333333
"Albania",2008,-1233.2859,122.4814,62.4115,727.2608,1496108,1495543,1474662,1477027,2798.75182576436,1.17391666666667
"Albania",2009,-1233.2859,119.7744,62.0187,814.7647,1449427,1513208,1466053,1464488,2784.42939656447,0.99275
"Albania",2010,-1233.2859,137.5797,71.1151,1103.9133,1406665,1533860,1459102,1454297,3185.58479656447,1.0785
"Albania",2011,-961.0391,123.709,75.1379,1258.9436,1368297,1558362,1453895,1446759,3651.40829656447,1.0705
"Albania",2012,-961.0391,125.0822,76.6453,1327.5173,1333585,1586454,1450370,1441822,3713.21249656446,1.35458333333333
"Albania",2013,-961.0391,130.6304,85.9146,1416.2855,1302236,1616742,1448110,1438905,3901.02599656447,1.39741666666667
"Albania",2014,-961.0391,137.5172,93.1405,1355.3714,1272790,1647985,1446732,1437370,3936.10559656447,1.29025
"Albania",2015,-961.0391,137.9932,123.8622,1254.2124,1244341,1679011,1445782,1436698,3836.40129656447,1.51891666666667
"Albania",2016,-352.0139,143.5366,131.0422,1192.9862,1216737,1709611,1444664,1436399,4416.98549656447,1.35416666666667
"Albania",2017,-352.0139,160.6356,150.8995,1331.9125,1190155,1740032,1443175,1436180,4607.57699656447,1.22758333333333
"Albania",2018,-352.0139,165.3729,168.8613,1350.5883,1164388,1769975,1441209,1435804,4593.69449656447,1.99058333333333
"Albania",2019,-352.0139,158.1033,175.9897,1388.118,1139266,1799162,1438686,1435198,4521.11459656447,1.84666666666667
"Albania",2020,-352.0139,164.8518,186.3487,1386.8821,1114672,1827362,1433767,1433082,4411.88849656447,1.55416666666667
"Algeria",1990,-111.1403,4907.6276,433.8,5136.7097,12415865,13496502,12970400,12547674,22326.5969651545,1.00558333333333
"Algeria",1991,-111.1403,7742.2516,305.1,5045.5168,12514727,14039602,13282430,12851476,25188.7150066176,0.00916666666666666
"Algeria",1992,-111.1403,7300.4215,265.5,5399.0656,12596547,14584547,13592789,13155514,25656.6208832998,-0.209083333333333
"Algeria",1993,-111.1403,8441.6929,217.8,5266.4466,12659779,15126480,13898591,13455737,26551.1034554139,0.499833333333333
"Algeria",1994,-111.1403,8407.2252,178.2,4665.5834,12700801,15661452,14191896,13745110,25860.0943785907,0.716916666666667
"Algeria",1995,-111.1403,8354.6361,142.2,4636.7822,12718634,16185664,14462522,14015501,26110.332301317,0.794916666666667
"Algeria",1996,-111.1403,8385.8299,194.4,4341.753,12713484,16697931,14736488,14248146,26039.5920293094,0.794083333333333
"Algeria",1997,-111.1403,8402.5819,234,5352.2812,12688632,17198207,15025934,14450097,27014.3984956781,1.00825
"Algeria",1998,-111.1403,9246.712,86.9894,5583.4593,12645977,17689755,15272209,14652460,28516.8972648331,0.982
"Algeria",1999,-111.1403,9808.787,99.2687,6198.9955,12577656,18187957,15482799,14863283,29926.0287047723,1.48233333333333
"Algeria",2000,-111.1403,9644.023,206.6857,6752.9784,12498847,18684813,15698203,15076418,31051.3444,0.994083333333333
"Algeria",2001,-2405.4983,9973.6982,298.5141,6795.3202,12411940,19180213,15912853,15288132,28373.0188,1.78908333333333
"Algeria",2002,-2405.4983,10751.0633,386.3663,7299.8795,12317847,19677199,16126874,15497822,29949.0581,1.37116666666667
"Algeria",2003,-2405.4983,10859.3395,363.0187,7168.0022,12221443,20182071,16346159,15709725,30753.94,1.43333333333333
"Algeria",2004,-2405.4983,12184.5221,405.8072,8065.1614,12127441,20703655,16578139,15932047,33437.3052,1.0175
"Algeria",2005,-2405.4983,12728.9024,380.4665,8852.6479,12040491,21247946,16806416,16150274,35066.067,1.21875
"Algeria",2006,-2405.4983,13026.9548,449.8918,9212.8654,11959903,21818012,17050923,16384158,36854.1695,1.40225
"Algeria",2007,-2405.4983,14222.5025,513.2019,10748.2624,11885693,22414383,17330466,16653361,40779.2549,1.19666666666667
"Algeria",2008,-2405.4983,14590.9968,580.9551,11233.6704,11818949,23041766,17628560,16941031,41509.2737,1.14058333333333
"Algeria",2009,-2405.4983,12694.9645,660.2323,11910.7685,11765339,23700421,17946941,17249096,41370.0355,1.23966666666667
"Algeria",2010,-2405.4983,12484.4263,704.6526,12264.9907,11723941,24393696,18282636,17573708,41905.4954,2.23041666666667
"Algeria",2011,-901.736,13774.4806,497.4448,12097.0881,11695477,25124081,18632179,17911362,45812.1143,1.2025
"Algeria",2012,-901.736,15775.9683,535.9704,12010.4127,11677502,25888345,18995990,18264572,51296.3449,1.18025
"Algeria",2013,-901.736,16945.582,599.8748,11205.315,11664030,26674532,19371095,18629532,51277.3731,1.12866666666667
"Algeria",2014,-901.736,17582.3464,640.0635,13340.7956,11647651,27465662,19755734,19004433,56458.5984,1.68616666666667
"Algeria",2015,-901.736,19510.0334,686.7834,14555.4279,11623281,28248247,20152232,19390923,60527.1505,1.20675
"Algeria",2016,-440.7773,19459.4962,720.1517,16668.6685,11589537,29016515,20556314,19783015,63745.0117,1.81925
"Algeria",2017,-440.7773,20449.2231,755.1779,15785.287,11547532,29770610,20961313,20175233,62934.0054,1.35408333333333
"Algeria",2018,-440.7773,24004.1551,797.8422,17999.7514,11498038,30510016,21362603,20564404,68653.8782,1.32166666666667
"Algeria",2019,-440.7773,24663.112,828.2473,17277.3199,11442587,31236431,21756903,20948465,69132.8997,1.20558333333333
"Algeria",2020,-440.7773,24237.5526,922.8476,17426.2902,11382345,31950910,22132899,21318767,69603.093,1.88208333333333
"American Samoa",1990,-58.8991,0.5104,8.4872,NA,8962,38076,24538,23281,5299.12249851362,0.5665
"American Samoa",1991,-58.8991,0.5104,8.3916,NA,8763,39612,25117,23874,5296.26889851362,0.599
"American Samoa",1992,-58.8991,0.5104,8.7751,NA,8535,41058,25656,24422,5304.14729851362,0.366166666666667
"American Samoa",1993,-58.8991,0.5104,8.4394,NA,8291,42429,26198,24976,5298.82869851362,-0.0326666666666667
"American Samoa",1994,-58.8991,0.5104,7.9598,NA,8037,43766,26750,25539,5288.81389851362,0.167916666666667
"American Samoa",1995,-58.8991,0.5104,7.4803,NA,7782,45086,27298,26103,5279.51029851362,0.77
"American Samoa",1996,-58.8991,0.5104,7.3365,NA,7527,46402,27837,26663,5278.02769851362,0.809416666666667
"American Samoa",1997,-58.8991,0.5104,7.5763,NA,7268,47673,28368,27209,5282.13349851362,0.353
"American Samoa",1998,-58.8991,0.5104,7.4324,NA,7006,48895,28874,27730,5280.26039851362,0.892
"American Samoa",1999,-58.8991,0.5104,7.2886,NA,6738,50032,29360,28234,5278.04619851362,0.249916666666667
"American Samoa",2000,-58.8991,0.5104,6.6172,NA,6565,50956,29657,28572,5532.88708460168,0.6325
"American Samoa",2001,-47.4212,0.5151,6.6172,NA,6695,51480,29674,28649,5544.45398460168,0.877083333333333
"American Samoa",2002,-47.4212,0.5223,6.8091,NA,6816,51915,29570,28608,5547.89908460168,1.21791666666667
"American Samoa",2003,-47.4212,0.5278,6.5215,NA,6919,52198,29419,28521,5651.62275877591,0.629166666666667
"American Samoa",2004,-47.4212,0.5348,6.5215,NA,6994,52270,29233,28392,5651.66685877591,0.282333333333333
"American Samoa",2005,-47.4212,0.5393,6.6172,NA,7035,52083,29024,28230,5547.78888460168,0.70025
"American Samoa",2006,-47.4212,0.8592,6.7612,NA,7038,51612,28793,28044,5551.04828460168,0.390083333333333
"American Samoa",2007,-47.4212,0.8477,6.8569,NA,7006,50897,28541,27842,5284.96269851362,1.09
"American Samoa",2008,-47.4212,0.8232,6.7612,NA,6958,50072,28265,27626,5551.01358460168,0.719916666666667
"American Samoa",2009,-47.4212,0.8191,7.001,NA,6918,49309,27960,27406,5287.55519851362,1.459
"American Samoa",2010,-47.4212,0.8048,7.2405,NA,6902,48735,27660,27189,5291.68619851362,1.25918181818182
"American Samoa",2011,-44.7322,0.709,4.1718,NA,6914,48406,27358,26951,5718.84912605896,0.847416666666667
"American Samoa",2012,-44.7322,0.705,3.9799,NA,6948,48282,27014,26678,5714.79062605896,0.9425
"American Samoa",2013,-44.7322,0.7151,3.9799,NA,6997,48310,26627,26369,5715.45382605896,1.29116666666667
"American Samoa",2014,-44.7322,0.727,4.028,NA,7047,48390,26199,26017,5716.27132605896,1.1465
"American Samoa",2015,-44.7322,0.7237,3.9321,NA,7088,48449,25739,25629,5714.37172605896,1.0065
"American Samoa",2016,-50.3736,0.7203,3.7401,NA,7118,48481,25240,25208,5704.35262605896,1.57233333333333
"American Samoa",2017,-50.3736,0.7187,3.884,NA,7139,48502,24701,24762,5708.00682605896,1.40566666666667
"American Samoa",2018,-50.3736,0.7184,3.7883,NA,7153,48526,24134,24290,5706.87992605896,1.21816666666667
"American Samoa",2019,-50.3736,0.72,3.7883,NA,7162,48565,23535,23786,5706.89622605896,1.514
"American Samoa",2020,-50.3736,0.7244,3.8553,NA,7169,48630,22921,23268,5708.18622605896,1.40983333333333
"Andorra",1990,0,2.4928,3.0803,35.449,2882,51627,28390,25179,5576.55329152997,1.2785
"Andorra",1991,0,2.5006,3.2042,36.3356,3100,53571,29350,26084,5579.77409152997,0.414916666666667
"Andorra",1992,0,2.5494,3.3304,38.7463,3343,55545,30270,27014,5554.40470585096,0.496833333333333
"Andorra",1993,0,2.6879,1.441,39.4579,3591,57380,31212,27944,5586.02529152997,0.230166666666667
"Andorra",1994,0,2.6162,1.4909,40.4593,3830,58847,32163,28875,5589.86719152997,1.495
"Andorra",1995,0,2.4635,0.1221,41.8483,4047,59803,33121,29806,5597.59269152997,1.2495
"Andorra",1996,0,2.462,0.0115,43.3012,4232,60128,33694,30454,5146.95100034724,0.535916666666667
"Andorra",1997,0,2.4159,0.054,43.8016,4387,59940,33867,30814,5151.04320034724,1.81633333333333
"Andorra",1998,0,2.5429,0.1385,31.1381,4537,59605,34027,31159,5139.73380034724,0.914416666666666
"Andorra",1999,0,2.816,0.2601,28.4343,4721,59649,34163,31492,5143.97310034724,1.05958333333333
"Andorra",2000,0,2.7888,0.3546,28.8858,4973,60417,34285,31812,5146.44150034724,1.2825
"Andorra",2001,0,2.7115,0.5182,29.2816,5349,61992,35151,32669,5140.68940034724,1.04591666666667
"Andorra",2002,0,3.1182,0.748,28.9099,5855,64194,36773,34076,5141.62160034724,1.23475
"Andorra",2003,0,2.8048,1.0223,30.545,6435,66747,38429,35478,5141.34220034724,1.82425
"Andorra",2004,0,3.0386,1.3465,30.2355,7052,69192,40082,36852,5145.27170034724,0.909416666666667
"Andorra",2005,0,3.078,1.6942,31.3533,7662,71205,41679,38147,5147.81950034724,0.581
"Andorra",2006,0,2.6746,1.8756,30.3182,8256,72735,41829,38392,5138.88650034724,1.70125
"Andorra",2007,0,2.7042,2.1426,31.7997,8840,73843,40535,37633,5133.48220034724,1.02483333333333
"Andorra",2008,0,2.6891,2.5164,30.8897,9221,74640,39191,36864,5131.71580034724,0.91125
"Andorra",2009,0,2.5102,3.1328,29.2197,9365,75097,37787,36065,5127.93410034724,1.48208333333333
"Andorra",2010,0,2.5111,3.6107,32.1372,9442,75007,36307,35212,5149.69316771093,0.349333333333333
"Andorra",2011,0,2.5571,5.1423,34.4535,9442,74309,35672,34895,5153.00506771093,1.94075
"Andorra",2012,0,2.0073,5.4304,34.2053,9371,73060,35885,35127,5151.24726771093,1.20891666666667
"Andorra",2013,0,2.073,5.6172,33.4879,9261,71527,36043,35324,5148.73916771093,0.7725
"Andorra",2014,0,2.0984,6.1553,34.1949,9157,70066,36148,35473,5148.03246771093,1.93058333333333
"Andorra",2015,0,2.2639,7.897,32.8247,9093,68921,36188,35557,5144.85196771093,1.9535
"Andorra",2016,0,2.3437,8.5959,33.9549,9082,68199,36628,35913,5147.72716771093,1.81216666666667
"Andorra",2017,0,2.4319,11.0795,35.3991,9120,67845,37380,36456,5601.40665889366,1.78958333333333
"Andorra",2018,0,2.6167,10.5974,36.2565,9187,67766,38071,36943,5606.13025889366,2.165
"Andorra",2019,0,2.6416,10.3612,35.7988,9261,67811,38842,37502,5603.08735889366,2.00116666666667
"Andorra",2020,0,2.2314,10.2423,36.178,9327,67857,39615,38084,5599.10825889366,2.38808333333333
"Angola",1990,0,63.2208,52.6817,204.9251,7650444,4520997,5837431,5991207,69866.8404286097,0.676666666666667
"Angola",1991,0,56.7367,56.2461,208.0455,7710281,4843165,6029631,6199060,69959.7188286097,0.328333333333333
"Angola",1992,0,50.641,48.1584,227.1661,7776001,5192344,6224203,6408303,70061.3366286097,0.3935
"Angola",1993,0,48.5941,41.9589,209.5524,7839762,5563972,6416502,6621767,70065.8779448602,0.341333333333333
"Angola",1994,0,119.8165,38.653,208.9405,7889542,5951759,6616409,6845622,70296.6924286097,0.221333333333333
"Angola",1995,0,115.3554,47.9613,196.3333,7966516,6302478,6834872,7077381,70241.2022286097,0.67725
"Angola",1996,0,117.5408,83.2971,227.5018,8024426,6657858,7068150,7315200,71603.1649286098,0.40875
"Angola",1997,0,141.9772,78.7193,243.6912,8068783,7020198,7309709,7561436,67616.164453009,0.157916666666667
"Angola",1998,0,136.3497,20.534,265.9191,8107209,7397109,7553740,7813123,80855.7463286097,0.992833333333333
"Angola",1999,0,152.7046,35.2511,211.4362,8150772,7798994,7799340,8071413,75933.7649405451,0.464083333333333
"Angola",2000,0,168.0708,52.7605,213.439,8206100,8234824,8054751,8339311,65955.6397371366,0.107333333333333
"Angola",2001,0,207.0221,71.0814,358.5832,8275248,8708018,8322504,8619083,84568.1602581369,0.379333333333333
"Angola",2002,0,234.0946,90.5321,383.212,8353851,9218798,8603948,8912191,89716.7569581369,0.725916666666667
"Angola",2003,0,268.4982,110.0005,431.1253,8438128,9765241,8904704,9219638,96788.2357581369,0.890333333333333
"Angola",2004,0,221.1306,131.5302,460.2639,8522221,10343495,9226105,9545020,100210.787258137,0.400333333333333
"Angola",2005,0,255.5148,157.9826,696.983,8603118,10949424,9564193,9886765,101327.531800575,0.96625
"Angola",2006,0,277.634,175.3453,719.8873,8760700,11501699,9917959,10244381,96362.9820005753,0.624583333333333
"Angola",2007,0,335.3737,194.3764,732.7493,8918911,12078776,10289510,10620174,98796.1351005753,0.866166666666667
"Angola",2008,0,426.323,291.8542,884.9735,9077515,12681905,10678522,11013001,98355.8124983265,0.560333333333333
"Angola",2009,0,566.8047,343.306,899.5723,9237545,13312002,11084704,11422969,102505.364821644,0.65975
"Angola",2010,0,538.5872,378.3476,792.7982,9398277,13970854,11510656,11853530,105873.126826877,1.19825
"Angola",2011,0,538.8358,408.1404,984.8862,9559614,14658951,11955662,12303450,102784.147484333,0.822
"Angola",2012,0,792.4961,428.476,1382.4743,9720169,15375981,12417550,12770743,104233.69422797,0.6305
"Angola",2013,0,955.9306,535.3835,1800.0624,9878943,16119397,12894065,13252938,102780.137477722,1.0335
"Angola",2014,0,1058.5444,535.5957,2227.9155,10033109,16887357,13381965,13746371,103874.968070089,0.85325
"Angola",2015,0,1167.6269,473.4088,2285.7686,10183560,17675745,13878923,14248799,108295.257737137,1.35
"Angola",2016,0,916.908,424.8271,1763.7188,10329860,18483603,14390171,14764575,103598.06436352,1.58616666666667
"Angola",2017,0,1076.7524,317.8111,1271.5719,10472554,19311639,14915293,15293335,111653.996740486,0.871833333333333
"Angola",2018,0,1131.6296,285.962,1329.69,10612667,20161538,15445494,15828040,94969.7859020139,1.42558333333333
"Angola",2019,0,1131.9582,330.3573,1415.4231,10751626,21035940,15983035,16370553,107670.586196845,1.76591666666667
"Angola",2020,0,1326.7464,253.6741,1422.7462,10890448,21936953,16517497,16910989,101188.177043657,1.12933333333333
"Anguilla",1990,NA,4.4221,1.6083,0,0,8334,4120,4196,12947.4123938569,0.392583333333333
"Anguilla",1991,NA,4.6743,1.5084,0,0,8666,4279,4338,12775.5170247914,0.395416666666667
"Anguilla",1992,NA,5.1221,1.8522,0,0,8981,4412,4474,12948.4484938569,0.4215
"Anguilla",1993,NA,6.3927,1.9628,0,0,9266,4523,4598,15072.0745173801,0.570166666666667
"Anguilla",1994,NA,6.4208,1.7496,0,0,9537,4636,4720,15072.2288173801,0.5725
"Anguilla",1995,NA,6.7306,1.5655,0,0,9802,4753,4848,12177.0939226801,0.666666666666667
"Anguilla",1996,NA,6.7177,2.0733,0,0,10058,4878,4984,12177.7247226801,0.247
"Anguilla",1997,NA,7.0565,2.8276,0,0,10303,5007,5125,12178.8784226801,0.622416666666667
"Anguilla",1998,NA,7.2435,2.9557,0,0,10548,5143,5274,12179.6995226801,1.01216666666667
"Anguilla",1999,NA,7.6346,2.709,0,0,10793,5287,5434,12180.2170226801,0.478
"Anguilla",2000,NA,7.919,3.4431,0,0,11070,5444,5604,12104.1718362563,0.29275
"Anguilla",2001,NA,8.1972,4.0801,0,0,11372,5588,5755,12106.0243362563,0.608083333333333
"Anguilla",2002,NA,8.0124,4.6821,0,0,11692,5694,5867,12106.3260362563,0.703
"Anguilla",2003,NA,7.6352,4.6584,0,0,12021,5783,5961,12016.6880642864,0.79375
"Anguilla",2004,NA,8.3537,4.7508,0,0,12339,5878,6056,12019.1626642864,0.512916666666667
"Anguilla",2005,NA,7.7029,5.4429,0,0,12638,5971,6157,12019.2653642864,0.811916666666667
"Anguilla",2006,NA,8.4825,5.573,0,0,12903,6065,6260,12022.4244642864,0.747916666666667
"Anguilla",2007,NA,9.8258,6.978,0,0,13150,6159,6366,12025.4435642864,0.91775
"Anguilla",2008,NA,10.1745,6.9776,0,0,13360,6256,6474,12023.0426642864,0.356666666666667
"Anguilla",2009,NA,10.6978,6.8457,0,0,13565,6361,6585,12022.8837642864,0.64725
"Anguilla",2010,NA,11.5626,8.5406,0,0,13769,6470,6702,12025.5361642864,1.01166666666667
"Anguilla",2011,NA,11.5043,8.2311,0,0,13951,6552,6790,12024.9529642864,0.525916666666667
"Anguilla",2012,NA,11.4935,7.4297,0,0,14129,6606,6849,12023.9370642864,0.670166666666667
"Anguilla",2013,NA,10.9374,7.1755,0,0,14299,6731,6970,12022.6801642864,0.78425
"Anguilla",2014,NA,11.8772,7.4604,0,0,14459,6944,7176,12024.3298642864,0.790583333333333
"Anguilla",2015,NA,17.3529,7.6874,0,0,14611,7148,7378,12030.9341642864,1.11916666666667
"Anguilla",2016,NA,17.8206,8.535,0,0,14764,7292,7521,12032.0233642864,1.1085
"Anguilla",2017,NA,16.408,6.0864,0,0,14909,7386,7628,12028.2604642864,0.965416666666667
"Anguilla",2018,NA,16.1288,6.2232,0,0,15045,7461,7720,12029.1494642864,0.614666666666667
"Anguilla",2019,NA,16.8875,7.4662,0,0,15174,7551,7828,12031.5255642864,0.924916666666667
"Anguilla",2020,NA,15.5126,6.8042,0,0,15283,7644,7941,12029.8939642864,1.13933333333333
"Antigua and Barbuda",1990,NA,6.6125,4.4639,2.3541,43068,23628,30494,32834,2554.09332694756,0.363
"Antigua and Barbuda",1991,NA,7.2687,4.6955,2.5899,43437,23870,30718,32916,2556.43022694756,0.4095
"Antigua and Barbuda",1992,NA,6.8769,4.4171,2.6116,44419,24008,31172,33487,2554.70142694756,0.520333333333333
"Antigua and Barbuda",1993,NA,7.0836,4.8548,2.7152,45663,24275,31622,34212,2555.60442694756,0.550583333333333
"Antigua and Barbuda",1994,NA,6.9225,4.6268,2.9083,47095,24624,32099,34974,2557.63862694756,0.482416666666667
"Antigua and Barbuda",1995,NA,7.3969,5.3623,3.0386,48617,25002,32619,35779,2562.73212694756,0.707416666666667
"Antigua and Barbuda",1996,NA,7.8627,6.1851,3.5083,50225,25403,33171,36627,2565.47252694756,0.286
"Antigua and Barbuda",1997,NA,8.6614,7.4602,3.8158,51913,25826,33735,37483,2568.81692694756,0.605
"Antigua and Barbuda",1998,NA,9.0854,8.4714,4.3314,53616,26235,34279,38293,2575.94662694756,0.996583333333333
"Antigua and Barbuda",1999,NA,9.2835,9.2249,5.0722,55244,26587,34782,39039,2580.72872694756,0.508
"Antigua and Barbuda",2000,NA,9.8749,10.4361,5.5424,56731,26853,35307,39748,2585.68652694756,0.341583333333333
"Antigua and Barbuda",2001,NA,10.2019,11.8706,6.1869,58060,26997,35831,40383,2591.01042694756,0.658330309855135
"Antigua and Barbuda",2002,NA,11.7562,14.3468,6.8394,59439,26827,36301,40894,2598.88612694756,0.640583333333333
"Antigua and Barbuda",2003,NA,12.0549,15.6973,7.7171,60700,26593,36745,41329,2601.68532694756,0.773416666666667
"Antigua and Barbuda",2004,NA,11.9005,16.5822,8.7771,61924,26333,37188,41753,2606.80372694756,0.48575
"Antigua and Barbuda",2005,NA,12.7434,18.3643,10.0369,63175,26078,37660,42209,2612.91442694756,0.845583333333333
"Antigua and Barbuda",2006,NA,14.14,19.5362,10.7854,64469,25832,38181,42715,2615.02682694756,0.6855
"Antigua and Barbuda",2007,NA,16.0795,22.8728,11.6017,65792,25589,38745,43270,2627.85142694756,0.916
"Antigua and Barbuda",2008,NA,16.7635,23.7614,12.4477,67134,25344,39367,43883,2618.70562694756,0.334833333333333
"Antigua and Barbuda",2009,NA,17.2912,24.3002,13.5437,68485,25096,40012,44522,2619.02082694756,0.56575
"Antigua and Barbuda",2010,NA,22.9466,25.2091,14.2211,69824,24837,40597,45097,2624.76622694756,1.13808333333333
"Antigua and Barbuda",2011,NA,22.8777,26.5557,14.617,71116,24603,41141,45588,2625.81082694756,0.587666666666667
"Antigua and Barbuda",2012,NA,18.569,31.0106,15.3244,72074,24703,41653,46022,2627.03862694756,0.71225
"Antigua and Barbuda",2013,NA,18.7092,29.6146,16.0746,73026,24798,42096,46401,2628.83942694756,0.801916666666667
"Antigua and Barbuda",2014,NA,19.3684,31.2736,16.882,73984,24891,42488,46748,2634.90842694756,0.715333333333333
"Antigua and Barbuda",2015,NA,20.4491,32.3248,17.6394,74942,24981,42853,47087,2638.45312694756,1.11025
"Antigua and Barbuda",2016,NA,20.6986,32.8884,18.4068,75878,25085,43176,47388,2640.49022694756,1.08058333333333
"Antigua and Barbuda",2017,NA,20.1137,32.1528,19.0671,76802,25210,43461,47658,2643.69812694756,0.958583333333333
"Antigua and Barbuda",2018,NA,20.5445,35.8536,19.8545,77700,25350,43715,47910,2653.71302694756,0.560166666666667
"Antigua and Barbuda",2019,NA,19.6766,38.4307,20.7119,78577,25507,43961,48156,2658.54632694756,0.895583333333333
"Antigua and Barbuda",2020,NA,19.3886,39.6455,21.4993,79428,25682,44236,48428,2666.27402694756,1.0455
"Argentina",1990,-40102.7293,3033.8224,1210.3655,6469.8462,4260175,28469564,16063515,16574141,114303.061593007,0.330083333333333
"Argentina",1991,-40102.7293,2767.6441,1047.9432,6707.1098,4206419,28987499,16298168,16807594,112979.755892778,0.193083333333333
"Argentina",1992,-40102.7293,2929.3929,982.4031,5164.6598,4192854,29462297,16529209,17039077,114888.847106464,-0.214083333333333
"Argentina",1993,-40102.7293,2981.1807,968.5174,5427.0163,4177901,29933016,16757748,17269492,115580.587991162,0.125416666666667
"Argentina",1994,-40102.7293,3031.3517,875.2937,5737.8275,4160961,30397154,16989567,17499129,118040.630691162,0.626416666666667
"Argentina",1995,-40102.7293,3128.9388,866.0811,5370.5349,4141986,30852828,17220607,17725502,118054.996,0.266
"Argentina",1996,-40102.7293,3403.7983,875.3432,5146.4984,4120819,31298863,17443158,17946204,122095.3724,0.353666666666667
"Argentina",1997,-40102.7293,3127.7825,863.5032,5905.5376,4097995,31735974,17655867,18160104,125174.1633,0.732
"Argentina",1998,-40102.7293,3411.8068,437.9147,6349.3009,4073751,32167839,17863135,18370060,122066.7766,0.390916666666667
"Argentina",1999,-40102.7293,3723.6374,568.2736,6004.2524,4048858,32599210,18072503,18580528,126886.4549,0.143166666666667
"Argentina",2000,-40102.7293,3819.9647,648.8029,6137.9048,4023693,33033759,18280746,18790028,125662.4164,-0.206916666666667
"Argentina",2001,-35904.11,3615.3426,749.6438,6641.9644,3998739,33472770,18484124,18996369,172527.31,0.480583333333333
"Argentina",2002,-35904.11,3154.6343,875.1461,6187.4824,3974741,33914629,18683681,19201347,171618.691,0.23375
"Argentina",2003,-35904.11,3457.4715,1029.1295,7544.0428,3951197,34358182,18879701,19398462,179134.7615,0.563916666666667
"Argentina",2004,-35904.11,3639.3619,1874.2408,8126.5195,3927028,34801668,19077001,19591796,183958.8922,0.583583333333333
"Argentina",2005,-35904.11,3858.8895,2263.3918,8369.6238,3902354,35243134,19279145,19791355,189627.2057,0.228416666666667
"Argentina",2006,-35904.11,4842.189,2456.4105,8968.172,3876846,35682044,19484104,19992747,189543.2299,0.669083333333333
"Argentina",2007,-35904.11,4296.3585,2962.4843,9334.4692,3850764,36119460,19685381,20190731,190967.4029,-0.19575
"Argentina",2008,-35904.11,4830.5203,3389.5471,9045.4801,3824321,36558068,19886051,20387718,197788.7747,0.660083333333333
"Argentina",2009,-35904.11,4976.8122,3350.8058,9167.5146,3798178,37001229,20095357,20588982,192204.974,0.74875
"Argentina",2010,-35904.11,4629.3398,3620.8056,9644.4861,3772300,37451589,20308489,20791633,193255.5104,0.195083333333333
"Argentina",2011,-34737.0613,4589.4754,3764.4659,10467.2234,3753490,37903389,20523871,20996869,165708.5226,0.39875
"Argentina",2012,-34737.0613,4911.5984,4264.9583,10264.6277,3737979,38358760,20742596,21209768,167098.0612,0.77925
"Argentina",2013,-34737.0613,5694.0688,5184.1556,11170.0591,3722489,38817436,20962097,21426172,176535.5722,0.591416666666667
"Argentina",2014,-34737.0613,5896.9992,6442.4575,11563.3474,3706372,39275143,21182969,21641085,176161.2466,0.76925
"Argentina",2015,-34737.0613,5964.2851,7352.0244,12033.1542,3689407,39728358,21402321,21854745,179831.1284,1.0055
"Argentina",2016,-27952.2907,6209.0619,7709.8841,11894.0979,3671449,40175981,21609840,22058401,145331.541,0.523333333333333
"Argentina",2017,-27952.2907,5949.7461,8206.5252,12611.1318,3652804,40618237,21805549,22249068,150735.5518,1.111
"Argentina",2018,-27952.2907,5727.3131,8289.8038,13135.835,3632997,41055867,21986961,22426635,145282.356,0.8185
"Argentina",2019,-27952.2907,5428.0881,7747.1341,12578.6669,3612215,41489566,22153370,22592150,144755.7755,0.775083333333333
"Argentina",2020,-27952.2907,5230.9596,8035.158,12201.3954,3590542,41919857,22297001,22739031,148030.6914,1.11883333333333
"Armenia",1992,76.3667,301.7828,101.2013,409.5418,1140314,2302496,1724306,1850249,3250.60049656447,-1.30241666666667
"Armenia",1993,76.3667,99.8811,83.6345,280.1203,1123071,2240027,1657918,1799431,2056.97899656447,-0.867
"Armenia",1994,76.3667,129.6086,96.8372,215.7794,1105535,2178125,1610482,1763232,2038.43719656447,0.227916666666667
"Armenia",1995,76.3667,188.7036,109.1465,294.8334,1092052,2125290,1581494,1741289,2223.65199656447,0.951916666666667
"Armenia",1996,76.3667,60.9199,115.2963,332.0385,1084134,2084081,1567674,1731224,2158.92399656447,0.868916666666667
"Armenia",1997,76.3667,114.2125,104.7724,344.2082,1080782,2052304,1552302,1719117,2274.80809656447,0.288666666666667
"Armenia",1998,76.3667,97.1071,105.0297,355.0971,1081011,2027673,1535416,1705134,2276.93519656447,1.51033333333333
"Armenia",1999,76.3667,77.5183,95.8818,354.9577,1082796,2006221,1516620,1689409,2328.90089656447,1.44383333333333
"Armenia",2000,76.3667,84.16,107.2178,325.3432,1084598,1984990,1496293,1672231,2505.95629656446,0.943833333333333
"Armenia",2001,-84.0142,90.5912,116.3557,351.4462,1086476,1964179,1477059,1656074,2612.82469656447,1.40125
"Armenia",2002,-84.0142,83.5381,123.3392,456.7493,1085046,1948851,1460849,1644189,2749.80859656447,0.71875
"Armenia",2003,-84.0142,100.0263,132.4422,524.945,1082281,1935525,1447623,1636478,2988.72539656447,0.56425
"Armenia",2004,-84.0142,125.2574,141.7096,685.6324,1079095,1921517,1435939,1629805,3297.76999656447,0.9085
"Armenia",2005,-84.0142,137.9868,155.5497,845.9093,1075092,1906167,1424136,1623111,3587.21819656447,0.903833333333333
"Armenia",2006,-84.0142,145.7677,158.7157,878.0671,1069827,1888673,1410916,1615571,3709.43229656446,1.29391666666667
"Armenia",2007,-84.0142,205.326,161.0235,1012.1234,1063546,1869510,1396993,1607400,4082.77309656447,0.741666666666667
"Armenia",2008,-84.0142,230.4445,164.7298,1081.1515,1057443,1850777,1383609,1599812,4332.60509656447,0.874916666666667
"Armenia",2009,-84.0142,228.8555,163.5899,960.6015,1053182,1835402,1371050,1593247,3906.89629656447,1.02491666666667
"Armenia",2010,-84.0142,203.4808,190.6808,1059.0515,1051946,1825365,1359071,1587223,3875.25179656447,2.86008333333333
"Armenia",2011,-113.5746,220.3207,198.8301,1042.8255,1054190,1821391,1347572,1581404,3760.53749656447,0.21975
"Armenia",2012,-113.5746,263.9099,208.0075,1105.4397,1059405,1822517,1337883,1576538,4031.28519656447,1.39416666666667
"Armenia",2013,-113.5746,250.0134,208.0511,1133.0257,1065858,1827651,1329192,1572193,4093.62599656446,1.00416666666667
"Armenia",2014,-113.5746,216.9191,178.6405,1165.6664,1072043,1834177,1321149,1568781,4011.43569656447,1.82558333333333
"Armenia",2015,-113.5746,216.2349,188.855,1213.2807,1076799,1840151,1313130,1565465,4000.74469656447,1.67191666666667
"Armenia",2016,0,235.3273,204.0192,1174.8667,1079792,1845024,1304368,1561467,4031.99109656447,1.15108333333333
"Armenia",2017,0,245.5698,217.1284,1275.4809,1081248,1849202,1295024,1556899,4106.87829656447,1.32941666666667
"Armenia",2018,0,227.5932,233.9114,1435.0121,1081275,1852877,1284995,1551563,4292.81339656446,2.79225
"Armenia",2019,0,246.2226,250.5744,1508.4674,1080164,1856542,1274767,1545834,4376.08379656447,1.90833333333333
"Armenia",2020,0,274.8616,265.5977,1557.0551,1078125,1860554,1265512,1540097,4483.32879656446,1.74358333333333
"Aruba",1990,0.0016,17.6532,4.2938,2.5402,30876,31273,32231,33480,6880.11588385144,0.285
"Aruba",1991,0.0016,18.2587,12.1958,2.9802,32115,32507,33207,34657,6895.43778385144,0.292416666666667
"Aruba",1992,0.0016,13.4484,18.777,3.1502,34119,34116,34251,35941,6899.59398385145,0.52225
"Aruba",1993,0.0016,16.1472,24.837,3.2802,36551,35953,35223,37137,6918.01078385145,0.713625
"Aruba",1994,0.0016,18.4886,30.2903,3.4202,38981,37719,36273,38437,6936.49248385145,0.514416666666667
"Aruba",1995,0.0016,19.6683,42.0524,3.3502,41153,39171,37325,39724,6956.35668385145,0.807083333333333
"Aruba",1996,0.0016,19.3747,48.2482,3.0502,42968,40232,38403,41014,6960.78848385145,0.344638648570005
"Aruba",1997,0.0016,20.2569,57.5609,3.4602,44480,40971,39522,42336,6979.17988385145,0.655861064825775
"Aruba",1998,0.0016,18.621,60.7496,3.4703,45789,41488,40667,43688,6979.07518385144,0.82576022789273
"Aruba",1999,0.0016,27.218,65.0924,3.5703,47060,41945,41816,45050,6988.87828385145,0.803360637592921
"Aruba",2000,0.0016,30.4478,73.6956,3.3003,48409,42444,42833,46269,7007.02138385144,0.805884320125477
"Aruba",2001,-0.0923,44.0098,58.6002,3.5203,49850,43048,43513,47178,6390.84544677168,0.812244293615125
"Aruba",2002,-0.0923,46.0425,68.8239,3.5703,51322,43670,43950,47831,7017.58188385145,1.136
"Aruba",2003,-0.0923,45.2057,67.3253,3.8503,52771,44246,44327,48374,7011.89698385144,1.02991666666667
"Aruba",2004,-0.0923,44.3464,67.5931,3.9203,54068,44669,44663,48877,7009.55218385145,0.62175
"Aruba",2005,-0.0923,45.9158,70.5793,4.5003,55142,44889,45069,49414,6398.75454677168,0.757583333333333
"Aruba",2006,-0.0923,42.5444,68.6378,4.4203,55951,44881,45591,50016,6389.03334677168,0.643
"Aruba",2007,-0.0923,46.1989,77.3931,4.3603,56535,44685,46151,50636,6344.38596113224,0.863166666666667
"Aruba",2008,-0.0923,44.0152,77.3155,4.2603,56978,44375,46724,51272,6339.95966113224,0.578333333333333
"Aruba",2009,-0.0923,43.6397,76.0728,4.6603,57401,44052,47292,51919,6337.56256113224,0.834396614450918
"Aruba",2010,-0.0923,49.3349,85.016,4.3503,57891,43778,47858,52484,6351.57966113224,1.24381818181818
"Aruba",2011,-0.0565,47.9232,84.3831,3.8503,58231,43822,48307,52980,6350.43706113224,0.523083333333333
"Aruba",2012,-0.0565,46.2556,81.2008,3.9903,58513,44064,48632,53480,6346.71126113224,0.52325
"Aruba",2013,-0.0565,45.9089,81.821,4.0403,58826,44361,48927,53953,6347.50016113224,1.12091666666667
"Aruba",2014,-0.0565,46.8586,85.2104,4.0703,59121,44674,49191,54403,6351.75836113224,1.11925
"Aruba",2015,-0.0565,47.4143,86.913,4.0503,59362,44979,49430,54828,6354.63376113224,1.14375
"Aruba",2016,-0.1222,47.7611,89.7191,3.9903,59547,45275,49650,55224,6357.13016113224,0.9932
"Aruba",2017,-0.1222,45.9406,90.295,3.9903,59692,45572,49847,55591,6359.98816113224,1.23233333333333
"Aruba",2018,-0.1222,43.0894,93.0774,3.9803,59798,45872,50026,55935,6361.56886113224,0.66275
"Aruba",2019,-0.1222,44.0736,97.3259,3.9303,59871,46182,50188,56254,6363.44106113224,1.05963636363636
"Aruba",2020,-0.1222,44.8158,100.8495,3.9003,59927,46511,50211,56373,6139.97603441745,1.29766666666667
"Australia",1990,-10689.5925,7889.5328,3256.9879,16030.5215,2482446,14558985,8501503,8546501,210940.8652,0.626083333333333
"Australia",1991,-10689.5925,8060.2428,3371.3217,15222.1705,2521183,14750691,8608276,8662809,209420.6717,0.711166666666667
"Australia",1992,-10689.5925,8141.9721,3076.1906,14674.1195,2573024,14912924,8699042,8763461,208693.2066,0.248833333333333
"Australia",1993,-10689.5925,8281.7562,3105.6215,14886.7298,2625295,15062184,8779205,8852306,208526.1977,0.481
"Australia",1994,-10689.5925,8165.5076,2345.7601,14797.8811,2677339,15205398,8862419,8943085,208232.1838,0.340333333333333
"Australia",1995,-10689.5925,8574.5769,2521.5788,14827.0368,2729864,15346879,8957370,9045629,209054.4778,0.308583333333333
"Australia",1996,-10689.5925,8977.2271,2792.9172,14768.7209,2783238,15488447,9056385,9155460,201427.3248,0.642416666666667
"Australia",1997,-10689.5925,9281.5047,2990.9311,15278.0443,2837374,15630214,9149072,9261179,204517.4045,0.453916666666667
"Australia",1998,-10689.5925,10024.8062,3372.0068,16259.7788,2892475,15772570,9238899,9362768,213016.8407,1.02775
"Australia",1999,-10689.5925,10036.8914,3635.3198,16645.5983,2948527,15915585,9333505,9467387,248501.239,0.492333333333333
"Australia",2000,-10689.5925,10208.2337,3823.1039,17814.9517,3005744,16060093,9437656,9580307,259432.6136,0.2165
"Australia",2001,-41464.6137,10002.0862,3923.3065,18746.1738,3063632,16204901,9550438,9697704,257091.9257,0.289833333333333
"Australia",2002,-41464.6137,10848.5147,4829.357,19378.9412,3072827,16402364,9664378,9811466,248105.8547,0.86525
"Australia",2003,-41464.6137,10634.779,5359.2673,20552.3739,3084036,16612936,9776432,9922567,179743.4494,0.839833333333333
"Australia",2004,-41464.6137,10928.4796,5699.3391,21073.6918,3099437,16848992,9890379,10034677,215556.5899,0.684833333333333
"Australia",2005,-41464.6137,10908.0744,6306.4984,21909.0121,3120469,17118434,10015371,10156360,175090.2957,1.24866666666667
"Australia",2006,-41464.6137,10902.9839,6273.6863,23924.4957,3147693,17425913,10166047,10300984,221229.297,0.662666666666667
"Australia",2007,-41464.6137,11079.7448,6619.7291,24824.8511,3179302,17767362,10353799,10477029,212737.379,0.92
"Australia",2008,-41464.6137,11198.6012,6643.6204,25555.239,3213567,18128926,10570231,10677641,182970.0046,0.620583333333333
"Australia",2009,-41464.6137,12059.367,7511.2726,25911.4855,3247226,18491814,10782234,10878658,196182.5104,1.09741666666667
"Australia",2010,-41464.6137,11505.3282,7135.3048,26586.263,3277772,18842292,10961285,11057883,174245.5806,0.554
"Australia",2011,-31963.9195,11511.368,7361.5302,27274.185,3304468,19175331,11127505,11229529,210692.02,0.2195
"Australia",2012,-31963.9195,11502.333,7132.4676,27407.3782,3331639,19490210,11310830,11418439,208282.6713,0.43825
"Australia",2013,-31963.9195,11120.1077,7498.9633,27606.5006,3356405,19794324,11496392,11615389,126260.0692,1.46291666666667
"Australia",2014,-31963.9195,10559.3535,7660.6272,28599.8637,3379903,20094765,11665575,11804005,147554.6586,1.21141666666667
"Australia",2015,-31963.9195,11191.4376,8578.5409,29366.04,3403025,20396531,11829757,11990479,144867.2654,1.0985
"Australia",2016,-1585.0912,11438.994,8527.8464,29849.5687,3425805,20700043,12007641,12188060,150039.9643,1.14816666666667
"Australia",2017,-1585.0912,11394.1998,8540.2154,30068.6591,3446638,21003923,12198756,12391577,189615.042,1.16875
"Australia",2018,-1585.0912,11016.1623,8268.0033,30685.4751,3465207,21307040,12390146,12589085,187679.2303,1.19166666666667
"Australia",2019,-1585.0912,10737.6176,8732.408,32655.084,3481222,21607414,12578919,12778251,178990.1537,1.50991666666667
"Australia",2020,-1585.0912,11169.3889,8798.191,31960.267,3494472,21903705,12738210,12931840,146096.2174,1.18333333333333
"Austria",1990,-15381.5567,1129.6484,867.6655,11208.7157,2860918,4863031,3675570,4003159,11932.4368644241,1.0695
"Austria",1991,-15381.5567,1253.359,897.7108,11120.5983,2900066,4872635,3721399,4034238,12073.5129644241,0.0893333333333333
"Austria",1992,-15381.5567,1029.3302,532.6882,10749.7717,2943132,4887801,3769711,4071106,10524.6293077674,1.37466666666667
"Austria",1993,-15381.5567,1032.06,526.1184,10854.7456,2987625,4904461,3806735,4098542,10486.0659154966,0.65725
"Austria",1994,-15381.5567,1076.646,518.8384,12196.9596,3030243,4916966,3825630,4109735,12227.5749122137,1.97408333333333
"Austria",1995,-15381.5567,1173.0972,614.0959,12968.7746,3068534,4921587,3833671,4113624,13056.2117433372,0.733166666666667
"Austria",1996,-15381.5567,1340.0505,780.8075,14345.8457,3101282,4916581,3840126,4117915,15289.6097075505,-0.3255
"Austria",1997,-15381.5567,1287.6074,826.9848,12986.9465,3129222,4903654,3845801,4121292,13697.4603411539,0.833916666666667
"Austria",1998,-15381.5567,1204.6267,818.9715,10918.7378,3154649,4886401,3851818,4124044,11196.7545632638,1.10741666666667
"Austria",1999,-15381.5567,1178.5548,891.8173,10205.7547,3180924,4870189,3861811,4129566,9822.98386445862,1.08808333333333
"Austria",2000,-15381.5567,1108.5418,824.9056,9983.3129,3210563,4858713,3874270,4136158,9478.23802048167,1.95691666666667
"Austria",2001,-6414.842,1245.4658,1050.3364,10076.306,3244424,4853324,3893044,4146582,17447.1476694092,1.09166666666667
"Austria",2002,-6414.842,1221.7099,1084.4884,11224.7358,3281833,4852579,3917223,4161769,19417.6500760324,1.80366666666667
"Austria",2003,-6414.842,1406.9567,1321.7288,12878.7538,3321438,4854414,3940597,4179507,21798.9213849278,1.466
"Austria",2004,-6414.842,1374.882,1317.5223,12441.1669,3361157,4855648,3968358,4202858,21541.0402461019,0.80425
"Austria",2005,-6414.842,1489.2061,1291.0449,12362.7713,3399400,4854250,3999224,4227811,21494.8630482852,0.515416666666667
"Austria",2006,-6414.842,1468.8922,1304.9374,13738.3993,3435541,4849194,4021764,4246000,23162.8213216209,1.19925
"Austria",2007,-6414.842,1369.5603,1168.736,14496.9835,3470218,4841565,4035858,4258864,23635.9359235837,1.90516666666667
"Austria",2008,-6414.842,1318.6738,1219.1531,15149.9319,3504967,4833486,4049487,4271645,24293.866956478,1.69175
"Austria",2009,-6414.842,1171.212,1149.9158,24014.698,3541925,4828113,4061413,4281523,32661.5843235837,1.4745
"Austria",2010,-6414.842,1361.0251,1228.0775,31028.2461,3582684,4827265,4072341,4290488,40382.426256478,0.45175
"Austria",2011,-7516.8522,1395.1287,1267.6412,30513.0193,3628001,4831863,4088327,4302873,39013.817856478,1.754
"Austria",2012,-7516.8522,1174.0486,1231.1408,26421.7126,3650043,4867505,4110745,4318891,34240.9695235837,1.60133333333333
"Austria",2013,-7516.8522,1197.6823,1225.0512,26224.4637,3659591,4918191,4139378,4340160,34011.7813916932,1.26891666666667
"Austria",2014,-7516.8522,1078.2053,1199.7852,27492.1667,3666869,4966351,4177774,4368292,35037.4825916932,2.41325
"Austria",2015,-7516.8522,1181.2457,1293.096,27158.3728,3669727,5008930,4236408,4406012,35052.045356478,2.31091666666667
"Austria",2016,-7440.2896,1150.4397,1263.8122,28991.0365,3667377,5044760,4292470,4444016,36690.5600235837,1.85108333333333
"Austria",2017,-7440.2896,1228.3946,1388.9728,27831.2325,3660707,5074746,4325485,4472011,35730.6073916932,1.72625
"Austria",2018,-7440.2896,1163.2369,1379.9737,25531.2295,3649748,5102072,4347802,4492710,33402.4208900527,2.58475
"Austria",2019,-7440.2896,1124.8756,1289.1975,28022.6892,3636627,5129574,4367948,4511992,35673.7385235837,2.47308333333333
"Austria",2020,-7440.2896,1110.2687,1273.7881,25895.924,3622850,5159360,4382851,4524926,33217.9368235837,2.24166666666667
"Azerbaijan",1992,-1578.8881,791.109,801.1157,931.933,3501943,3969990,3692630,3950708,13127.2060063937,-0.86275
"Azerbaijan",1993,-1578.8881,309.062,779.6262,781.4788,3576782,4004979,3740990,3999117,13292.5344016313,-1.00175
"Azerbaijan",1994,-1578.8881,318.7156,588.6871,623.4973,3648606,4035103,3778623,4043256,10595.0100144494,-0.0416666666666667
"Azerbaijan",1995,-1578.8881,251.6208,494.0182,478.9104,3716184,4059242,3805554,4083776,9905.12421444936,1.16325
"Azerbaijan",1996,-1578.8881,995.0324,402.2211,473.2961,3778802,4076751,3828602,4120499,10050.8037144494,0.579583333333333
"Azerbaijan",1997,-1578.8881,685.3542,427.7468,530.5751,3837012,4088657,3847521,4152541,7236.98427773468,0.324083333333333
"Azerbaijan",1998,-1578.8881,1311.8702,347.37,471.3456,3892834,4097070,3861671,4179425,6205.52823478158,1.356
"Azerbaijan",1999,-1578.8881,1494.0484,471.9891,495.6484,3931600,4122525,3889693,4211757,6345.12304912386,1.25266666666667
"Azerbaijan",2000,-1578.8881,1500.984,645.2683,536.9917,3948767,4173974,3937119,4253217,6185.69071686717,0.988916666666667
"Azerbaijan",2001,-1995.4258,1364.6068,662.4887,700.3155,3968573,4228706,3986999,4295024,6231.77341686717,1.41766666666667
"Azerbaijan",2002,-1995.4258,1440.4164,677.8063,894.2351,3990569,4286446,4036336,4335791,6707.98781686717,0.915166666666667
"Azerbaijan",2003,-1995.4258,1658.8254,729.0504,1134.3282,4014461,4346898,4085847,4376475,7369.77541686717,0.345916666666667
"Azerbaijan",2004,-1995.4258,1674.3452,776.4126,1444.8816,4039517,4409365,4139213,4416951,8071.28757780614,1.14341666666667
"Azerbaijan",2005,-1995.4258,1679.9102,879.7197,1526.1003,4065323,4473283,4197893,4458343,8832.74289828462,1.12741666666667
"Azerbaijan",2006,-1995.4258,1788.5112,963.3703,1557.2839,4091637,4538558,4260400,4502954,8993.85174195254,1.14408333333333
"Azerbaijan",2007,-1995.4258,1454.3604,1087.3254,1628.509,4118780,4605524,4327160,4551251,9355.23884195254,1.04075
"Azerbaijan",2008,-1995.4258,1622.9257,1169.7676,1666.2656,4147173,4674735,4397391,4602305,10311.7999419525,0.830583333333333
"Azerbaijan",2009,-1995.4258,1484.4651,1209.5097,1312.6493,4177524,4746883,4463989,4655639,10064.0574419525,1.05058333333333
"Azerbaijan",2010,-1995.4258,1525.0268,1281.7883,1296.1461,4208623,4823834,4526421,4710782,10131.7326419525,2.5215
"Azerbaijan",2011,-2848.35,1419.0755,1165.6648,1049.2377,4240564,4905815,4591142,4767872,8904.20174195254,0.375083333333333
"Azerbaijan",2012,-2848.35,1288.1353,1281.8224,1228.8247,4272681,4992236,4658096,4827480,9741.83274195254,1.51358333333333
"Azerbaijan",2013,-2848.35,1226.8179,312.62,1111.2853,4303619,5081674,4726137,4888341,8784.39394195254,1.36375
"Azerbaijan",2014,-2848.35,1358.3354,324.6772,1605.1917,4331615,5172156,4793438,4948443,9482.03094195254,1.57525
"Azerbaijan",2015,-2848.35,1397.1511,1249.4286,1537.1121,4355344,5262140,4857490,5005989,10432.2192419525,1.56558333333333
"Azerbaijan",2016,-2370.8966,1539.1429,1235.2358,1398.0608,4374332,5351044,4916252,5059997,11191.7989267336,1.32458333333333
"Azerbaijan",2017,-2370.8966,1339.2058,1311.479,1610.2463,4388663,5438926,4965779,5105788,10996.7037657947,1.63141666666667
"Azerbaijan",2018,-2370.8966,1374.6685,1336.3283,1812.1667,4398268,5525646,5008400,5144122,11275.6374657947,2.24358333333333
"Azerbaijan",2019,-2370.8966,1322.8855,1416.2221,1804.104,4403280,5611295,5051096,5181658,11715.6675657947,2.0775
"Azerbaijan",2020,-2370.8966,1536.6999,1392.8752,1816.3035,4403813,5695930,5077681,5207270,11481.7247657947,1.753
"Bahamas",1990,0,62.4638,47.1349,11.1007,51682,204654,133065,137614,2569.1872821008,0.895666666666667
"Bahamas",1991,0,72.3049,43.9763,12.0008,52049,209067,135741,140316,2579.3937821008,0.785166666666667
"Bahamas",1992,0,73.3316,32.2639,11.2008,52446,213688,138557,143416,2579.25320825735,0.254666666666667
"Bahamas",1993,0,79.5912,20.2411,11.6008,52829,218336,141526,146638,2575.52670825735,0.35575
"Bahamas",1994,0,80.5399,24.1343,11.9008,53137,222758,144309,149688,2608.20500825735,0.885083333333333
"Bahamas",1995,0,90.4143,34.3808,11.7008,53338,226812,146949,152605,2643.13460825735,0.53625
"Bahamas",1996,0,90.6733,35.2172,12.7008,53410,230380,149491,155441,2723.34000825735,0.0489166666666667
"Bahamas",1997,0,96.7803,37.987,12.1008,53388,233582,151955,158215,2729.54040825735,0.825166666666667
"Bahamas",1998,0,105.9419,32.3664,12.8008,53339,236721,154412,160986,2801.94060825735,1.03291666666667
"Bahamas",1999,0,115.2668,37.8956,12.6009,53360,240212,156702,163570,2814.62490825735,0.484583333333333
"Bahamas",2000,0,120.7675,45.2455,11.4009,53599,244291,158879,166136,2870.24510825735,0.1495
"Bahamas",2001,0,125.657,49.627,12.2009,54415,248720,160964,168662,2728.94620825735,0.26175
"Bahamas",2002,0,135.5366,56.2757,12.4009,55365,253792,162950,171053,2757.87420825735,0.800833333333333
"Bahamas",2003,0,137.8271,59.8352,11.5009,56412,259334,164975,173516,2708.48900825735,0.864333333333333
"Bahamas",2004,0,127.777,62.6457,11.9009,57487,265039,167044,176046,2786.05180825735,0.350166666666667
"Bahamas",2005,0,140.7068,70.8903,12.801,58548,270701,169176,178628,2754.81170825735,0.471
"Bahamas",2006,0,124.1558,74.4238,13.301,59577,276253,171363,181302,2676.09800825735,0.584416666666667
"Bahamas",2007,0,139.4415,72.9019,13.701,60587,281741,173576,184090,2672.18460825735,0.885166666666667
"Bahamas",2008,0,137.3256,78.3727,13.601,61564,287112,175825,186970,2779.86440825735,0.71625
"Bahamas",2009,0,117.1861,94.2342,13.501,62508,292348,178154,189903,2750.87960825735,0.529833333333333
"Bahamas",2010,0,127.5316,109.8675,13.4011,63410,297422,180438,192834,2764.72290825735,-0.145833333333333
"Bahamas",2011,0,125.8174,92.4788,12.5011,64238,302330,182453,195497,2814.580259252,0.741
"Bahamas",2012,0,111.3803,107.1514,12.6011,64986,307053,184251,197810,2696.516559252,0.328333333333333
"Bahamas",2013,0,109.9001,108.2827,12.6011,65653,311587,185807,199843,2836.399459252,0.69
"Bahamas",2014,0,117.1789,109.9499,12.6011,66238,315931,187310,201821,2717.977959252,0.667833333333333
"Bahamas",2015,0,124.4027,121.1099,12.3011,66744,320094,188854,203844,2785.90600825735,1.4215
"Bahamas",2016,0,141.123,142.7865,12.3011,67166,324066,190240,205736,2870.17240825735,0.98975
"Bahamas",2017,0,114.7081,148.17,12.3012,67508,327853,191491,207529,3036.84070825735,1.16125
"Bahamas",2018,0,117.7939,152.068,12.3012,67779,331506,192656,209250,2833.16980825735,1.09275
"Bahamas",2019,0,119.8123,173.1356,12.3012,67996,335099,193737,210821,2862.28360825735,1.47091666666667
"Bahamas",2020,0,114.4652,170.6973,12.3012,68165,338674,194506,211965,2876.61830825735,1.49316666666667
"Bahrain",1990,-1.8626,181.33,154.9085,4237.9918,58816,437115,302861,214558,6234.49809294959,0.65275
"Bahrain",1991,-1.8626,176.05,138.9684,1731.5459,59494,450271,313375,222040,3664.89580482198,-0.267416666666667
"Bahrain",1992,-1.8626,206.0455,144.2447,1944.8331,60688,462399,324822,229648,3973.10920482198,-0.679583333333333
"Bahrain",1993,-1.8626,205.0604,118.9537,2337.2729,62228,473985,336425,237331,4494.50170482198,0.239416666666667
"Bahrain",1994,-1.8626,230.1559,149.0632,2112.1978,63798,485790,348166,245088,4358.83830482198,0.822166666666667
"Bahrain",1995,-1.8626,242.7003,175.2565,2147.4887,65454,498245,360022,252912,4496.10280482198,0.28275
"Bahrain",1996,-1.8626,255.8283,160.2765,2055.0058,67211,511457,371964,260792,4470.86340482198,0.854666666666667
"Bahrain",1997,-1.8626,256.3521,187.5107,2255.8428,69119,525811,383949,268694,4456.97450482198,0.310583333333333
"Bahrain",1998,-1.8626,286.0472,223.2288,2194.0055,71319,542383,395916,276567,4143.10900482198,1.68266666666667
"Bahrain",1999,-1.8626,302.5149,269.1444,2242.1034,73994,562551,407807,284326,4333.03640482198,1.82333333333333
"Bahrain",2000,-1.8626,304.8988,363.6092,2096.5623,77278,587336,419570,291872,4377.84650482198,1.12175
"Bahrain",2001,-2.2711,322.2744,440.9946,2200.2229,81130,616419,431149,299108,4700.20480482198,1.501
"Bahrain",2002,-2.2711,344.2861,434.5492,2141.6113,85478,649670,442442,305882,4720.25347646444,1.29025
"Bahrain",2003,-2.2711,371.7224,463.2727,2019.2968,90466,688245,462113,316143,4686.97027646444,1.25558333333333
"Bahrain",2004,-2.2711,374.08,466.7343,2161.4168,96270,733578,499158,334293,4854.01767646444,1.2125
"Bahrain",2005,-2.2711,401.7499,562.253,2673.5787,102947,786221,545191,356731,6160.35284316891,1.322
"Bahrain",2006,-2.2711,475.431,553.2983,3028.748,110681,847733,591506,379474,6328.74367646444,1.42291666666667
"Bahrain",2007,-2.2711,468.6268,578.3833,2946.7167,119256,916635,638061,402471,6067.04317646444,1.3465
"Bahrain",2008,-2.2711,485.8755,591.498,3112.4447,127843,986747,684764,425579,6387.96937646444,1.2045
"Bahrain",2009,-2.2711,511.1418,616.4302,3145.3492,135345,1049684,731120,448332,6573.68977646444,1.42175
"Bahrain",2010,-2.2711,535.6674,713.5754,3257.6627,141040,1099822,754000,459645,6553.08767646444,2.27875
"Bahrain",2011,-2.8947,530.512,678.875,3399.5541,144510,1133759,753809,458268,6710.61167646444,1.17833333333333
"Bahrain",2012,-2.8947,571.1216,687.4287,3302.4721,146117,1154100,765423,459516,6672.56557646444,1.66583333333333
"Bahrain",2013,-2.8947,550.9154,750.5441,3430.1699,146861,1168550,787263,474410,6967.37257646444,1.28175
"Bahrain",2014,-2.8947,630.0973,775.8163,3485.1319,148146,1188251,810704,500430,7094.92827646444,1.80116666666667
"Bahrain",2015,-2.8947,670.9479,808.6152,3348.2357,150912,1220943,841699,520442,7022.90737646444,2.13708333333333
"Bahrain",2016,-2.8889,675.7552,793.1534,3608.0145,155487,1269684,877025,532635,7309.62707646444,1.72958333333333
"Bahrain",2017,-2.8889,739.5525,737.6749,3663.6835,161409,1331175,912197,544637,7454.99587646444,1.98583333333333
"Bahrain",2018,-2.8889,721.3623,801.1563,3681.3303,167867,1399126,931994,555346,7564.50267646444,2.4095
"Bahrain",2019,-2.8889,818.032,864.4798,3867.8023,173716,1464180,933409,560779,7986.55327646444,2.063
"Bahrain",2020,-2.8889,734.6334,775.0726,3915.061,178170,1519595,920430,557039,8470.12024316891,2.0125
"Bangladesh",1990,0,157.9176,900.2017,1928.6564,85151192,21037450,54881321,52266330,77417.0528816731,-0.0685
"Bangladesh",1991,0,199.534,915.3282,1738.8057,86702314,22025118,55963154,53279681,77154.0118816731,-0.096
"Bangladesh",1992,0,198.5724,937.0903,2348.9481,88299172,22922766,56993734,54278369,78199.4917816731,-0.170333333333333
"Bangladesh",1993,0,245.5604,561.3259,2459.1522,89857570,23837569,58073609,55345149,77684.237790333,-0.32925
"Bangladesh",1994,0,295.0667,586.7238,2609.3416,91403486,24778781,59178327,56436564,78241.7279715811,0.15625
"Bangladesh",1995,0,334.5947,609.9792,3199.5556,92955417,25751454,60264993,57528346,80184.6491015594,0.14525
"Bangladesh",1996,0,352.2385,105.0574,3209.745,94512531,26757114,61300126,58576743,80668.5171142208,0.184666666666667
"Bangladesh",1997,0,386.9181,115.5185,2959.9629,96063558,27791082,62369360,59669865,81302.4215458422,-0.222
"Bangladesh",1998,0,436.0698,166.6007,3050.1749,97595318,28852647,63503082,60847389,81238.65028798,0.62225
"Bangladesh",1999,0,485.5173,202.0244,3480.3869,99092697,29936994,64686174,62068650,84099.4339879801,0.7805
"Bangladesh",2000,0,555.743,322.3972,3780.5724,100540592,31040651,65883360,63309967,84987.8563020432,0.1585
"Bangladesh",2001,0,661.4974,437.4716,4050.7844,101793097,32314063,67083138,64587346,86792.8728291748,0.340333333333333
"Bangladesh",2002,0,734.2638,540.1184,4050.9964,102783564,33817103,68254669,65885157,88124.1887856865,0.383
"Bangladesh",2003,0,788.0935,642.3427,4201.1819,103668291,35350710,69348344,67154861,89121.2973856865,0.25775
"Bangladesh",2004,0,842.8199,751.0817,4131.3674,104406336,36901153,70392333,68397392,88288.6435856865,0.331166666666667
"Bangladesh",2005,0,896.4483,895.3411,4281.5264,104978125,38452976,71337878,69574712,90440.6797795266,0.541916666666667
"Bangladesh",2006,0,996.088,948.624,3941.6854,105366709,40001295,72029553,70599279,91744.5595141117,0.777916666666667
"Bangladesh",2007,0,1056.7007,910.7241,4041.8179,105592037,41547154,72599534,71536401,91441.2765199721,0.2155
"Bangladesh",2008,0,1054.7182,927.7971,4061.9504,105699286,43106528,73036822,72384496,94473.6380199722,0.2215
"Bangladesh",2009,0,1126.4281,975.2019,3292.086,105756065,44698643,73488956,73217854,94568.0866207812,0.696666666666667
"Bangladesh",2010,0,1305.4598,1046.1595,2522.219,105802013,46347089,74213622,74177517,94717.8781498182,0.797666666666667
"Bangladesh",2011,-2749.7611,1376.2177,1011.2943,2532.3786,105853212,48058704,75035683,75175322,96051.6050733356,0.157
"Bangladesh",2012,-2749.7611,1488.5343,1042.6541,2522.5117,105905797,49821256,75898562,76192087,96401.8864498182,0.156916666666667
"Bangladesh",2013,-2749.7611,1561.1324,1075.236,2352.6715,105947078,51624214,76786999,77243140,96751.2134733356,0.326583333333333
"Bangladesh",2014,-2749.7611,1785.4016,1188.9061,2412.8046,105949491,53455788,77673568,78287731,97479.6458733356,0.459583333333333
"Bangladesh",2015,-2749.7611,1876.5786,1319.6099,2782.9641,105895754,55305132,78535803,79294197,96703.6732498182,0.7775
"Bangladesh",2016,0,2113.9164,1493.6425,2723.0972,105783530,57168030,79459393,80325176,96416.9320498182,1.44175
"Bangladesh",2017,0,2339.6058,1668.1018,2913.2302,105622933,59046818,80422431,81371533,99757.8094014343,1.10691666666667
"Bangladesh",2018,0,2460.9783,1865.5465,3123.3633,105423904,60944245,81314565,82369393,100527.213457248,0.762416666666667
"Bangladesh",2019,0,2804.3309,2125.5263,2573.5231,105200100,62865820,82164179,83352043,101091.067257248,1.11266666666667
"Bangladesh",2020,0,2794.7881,2212.5886,2413.6562,104960356,64814953,83063714,84357236,102031.139531161,0.932083333333333
"Barbados",1990,0.0234,37.2394,24.0435,108.0008,162968,97406,124496,134373,1643.38072085682,0.322454545454545
"Barbados",1991,0.0234,82.6469,24.8442,109.0008,164538,96737,124781,134621,1696.37231266717,0.409833333333333
"Barbados",1992,0.0234,77.3713,25.6306,96.3008,166111,96073,125129,135084,1668.70868589743,0.343083333333333
"Barbados",1993,0.0234,82.0929,17.5291,40.2008,167632,95457,125450,135546,1607.98225733565,0.424916666666667
"Barbados",1994,0.0234,78.3589,18.2537,47.9008,169171,94844,125727,135985,1612.63275733565,0.37975
"Barbados",1995,0.0234,90.4859,22.2648,46.1008,170723,94236,125947,136357,1638.84295733565,0.502833333333333
"Barbados",1996,0.0234,88.8513,26.7646,61.9008,172305,93637,126121,136672,1671.4495546491,0.263416666666667
"Barbados",1997,0.0234,91.0989,31.5867,104.0008,173900,93045,126267,136957,1712.70666547649,0.352833333333333
"Barbados",1998,0.0234,97.091,26.6169,141.0008,175500,92450,126421,137220,1748.23943372529,1.06791666666667
"Barbados",1999,0.0234,94.6198,35.4382,136.0008,177080,91842,126650,137520,1757.97406547649,0.426583333333333
"Barbados",2000,0.0234,83.0474,42.6532,143.0008,178566,91281,126860,137797,1793.66321448184,0.284916666666667
"Barbados",2001,-1.3843,49.0253,65.5273,134.0008,179657,91028,127156,138220,1768.13463073226,0.583583333333333
"Barbados",2002,-1.3843,58.1018,75.3442,158.0008,180720,90758,127609,138845,1810.36231448184,0.4828
"Barbados",2003,-1.3843,56.5083,91.8868,164.0008,181776,90482,128040,139459,1801.28716547649,0.90225
"Barbados",2004,-1.3843,55.3977,94.4884,163.0008,182870,90221,128444,140061,1834.96911448184,0.671666666666667
"Barbados",2005,-1.3843,57.0102,101.3768,165.0008,184021,89988,128828,140649,1847.85771448184,1.11783333333333
"Barbados",2006,-1.3843,55.6936,100.6189,163.0008,185251,89788,129191,141234,1845.08661448184,0.856
"Barbados",2007,-1.3843,57.8796,114.6952,159.0008,186537,89613,129595,141849,1853.33221448184,0.632416666666667
"Barbados",2008,-1.3843,57.7241,118.5332,153.0008,187866,89453,130103,142532,1859.11649904774,0.2305
"Barbados",2009,-1.3843,57.752,119.3307,123.0008,189184,89286,130593,143198,1820.38561448184,0.591166666666667
"Barbados",2010,-1.3843,62.8041,128.7586,111.0008,190470,89099,131042,143669,2445.08002333101,1.13683333333333
"Barbados",2011,-0.8475,57.544,124.3976,108.0008,191650,88951,131499,143988,1822.20041448184,0.646583333333333
"Barbados",2012,-0.8475,56.8925,124.2679,87.4008,192736,88849,131915,144282,1794.81651448184,0.49425
"Barbados",2013,-0.8475,54.9896,105.5231,80.5008,193719,88790,132304,144561,1768.49851448184,0.681666666666667
"Barbados",2014,-0.8475,56.1006,121.6931,80.3008,194607,88778,132669,144824,2201.26590368392,0.496
"Barbados",2015,-0.8475,58.5502,115.3694,80.4008,195402,88815,133010,145073,1792.57403540565,0.927
"Barbados",2016,-1.8328,61.5545,122.5101,80.4008,196098,88898,133334,145315,1806.63743540565,1.1774
"Barbados",2017,-1.8328,57.831,134.9798,80.6008,196693,89026,133644,145542,1821.65963540565,1.24233281766839
"Barbados",2018,-1.8328,50.2673,142.5809,80.7008,197187,89201,133936,145752,1824.74423540565,1.24233281766839
"Barbados",2019,-1.8328,50.4534,150.6776,80.1008,197584,89426,134222,145957,1869.19920499222,1.26135900700243
"Barbados",2020,-1.8328,48.7303,151.3544,80.1008,197873,89695,134528,146165,1872.20084216645,1.26135900700243
"Belarus",1992,-58360.7156,1393.1907,1729.7216,5249.1789,3396465,6823453,4903118,5572789,15984.6931784724,1.28791666666667
"Belarus",1993,-58360.7156,1353.8201,1678.4392,4022.745,3350391,6850119,4906364,5574119,13397.7455784725,0.1725
"Belarus",1994,-58360.7156,1483.8434,1344.6326,3795.7163,3302137,6871218,4902233,5573162,10472.0647784724,0.884916666666667
"Belarus",1995,-58360.7156,1497.2049,999.3093,3739.5839,3253085,6889223,4891784,5569912,9230.78597847244,1.18683333333333
"Belarus",1996,-58360.7156,1449.5074,1080.7062,3787.3123,3203770,6905302,4875676,5560783,9364.03677847245,-0.203583333333333
"Belarus",1997,-58360.7156,1463.4534,888.6398,3747.7327,3154192,6918869,4854926,5545998,9485.85227847245,0.48975
"Belarus",1998,-58360.7156,1406.0214,790.8564,4086.6841,3103850,6929211,4830797,5526669,10135.5242784724,0.696166666666667
"Belarus",1999,-58360.7156,1356.2974,843.9601,4264.8914,3047773,6939160,4804577,5503707,10294.7195784724,1.85591666666667
"Belarus",2000,-58360.7156,1388.8205,771.8817,4243.446,2982752,6950857,4777814,5478669,10728.8119784724,2.0555
"Belarus",2001,-47416.71,1384.2697,733.8295,4344.1494,2916670,6956291,4750118,5451091,18479.7582784725,1.26066666666667
"Belarus",2002,-47416.71,1343.5349,667.14,4727.1917,2850055,6957077,4717185,5418202,18887.7989784725,1.79533333333333
"Belarus",2003,-47416.71,1308.4872,690.0507,4768.146,2784170,6955884,4681904,5383974,18918.7483784724,0.798166666666667
"Belarus",2004,-47416.71,1314.8115,717.1464,5127.397,2720421,6956481,4648308,5351404,19726.3697784724,0.988833333333333
"Belarus",2005,-47416.71,1308.5134,725.1348,5485.9845,2660005,6961538,4615286,5319877,20573.7884784725,1.08683333333333
"Belarus",2006,-47416.71,1289.668,733.9419,5763.9715,2602913,6972130,4584245,5290454,21398.7605784724,1.06691666666667
"Belarus",2007,-47416.71,1276.7528,683.6062,5966.7866,2548939,6987925,4559606,5266380,21809.8298784724,2.06958333333333
"Belarus",2008,-47416.71,1273.5558,662.6994,6203.1594,2497993,7009338,4540030,5247796,22592.9024784724,2.26483333333333
"Belarus",2009,-47416.71,1309.7079,755.3923,6309.2589,2450081,7036158,4523636,5234071,21291.1206784725,1.35141666666667
"Belarus",2010,-47416.71,1377.9735,758.0203,6611.3753,2399353,7073718,4508252,5223175,22901.6043784724,1.213
"Belarus",2011,-42335.4903,1299.0719,758.7392,19668.6859,2349339,7119161,4492766,5214216,45290.8407784724,1.6955
"Belarus",2012,-42335.4903,1308.7583,803.3815,20380.631,2301873,7169857,4483520,5210229,46052.6184784725,0.965583333333333
"Belarus",2013,-42335.4903,1285.8104,797.0412,20702.5911,2256120,7222782,4481236,5209900,48235.7621784724,1.69575
"Belarus",2014,-42335.4903,1263.0634,787.8112,21337.4156,2210624,7274227,4481876,5211864,49769.3782784725,1.97425
"Belarus",2015,-42335.4903,1254.7751,726.3582,21212.4714,2164605,7321167,4484759,5215850,48846.5568784725,2.58716666666667
"Belarus",2016,-43554.3753,1238.6688,719.654,21108.8118,2117714,7362328,4488132,5219977,43487.1428784725,1.922
"Belarus",2017,-43554.3753,1215.2632,713.4735,21207.4786,2070383,7397955,4487336,5220541,44371.6302784724,1.78866666666667
"Belarus",2018,-43554.3753,1222.0119,736.4473,21345.219,2023242,7428871,4480329,5215244,44758.4291784724,2.1235
"Belarus",2019,-43554.3753,1172.8902,696.1129,23848.9867,1976920,7456954,4467692,5206279,47216.2201784725,3.00625
"Belarus",2020,-43554.3753,1174.7608,663.9411,24885.9942,1931795,7483636,4445014,5188726,48655.1970784724,3.29583333333333
"Belgium",2000,-5183.7034,1693.9499,1690.5767,16338.5682,295224,9986809,5019366,5244976,33472.7672891906,1.58658333333333
"Belgium",2001,-3224.3715,1782.6573,1829.7625,16538.2885,290416,10028603,5041778,5267478,34789.7802220849,1.07391666666667
"Belgium",2002,-3224.3715,1757.293,2005.9481,16928.244,285916,10078969,5065038,5290530,34595.2301220849,1.56775
"Belgium",2003,-3224.3715,1770.2731,2260.7854,16411.1514,281701,10137331,5088976,5313574,36206.3968895196,1.50216666666667
"Belgium",2004,-3224.3715,1543.1137,2533.8647,16732.5047,277714,10202403,5116217,5339945,36487.8047891906,0.979916666666667
"Belgium",2005,-3224.3715,1551.4014,2617.4093,16468.8679,273934,10272952,5147001,5369977,37414.1058804245,1.22325
"Belgium",2006,-3224.3715,1531.0198,2599.2722,16770.302,270335,10349232,5180505,5402471,37190.2973804245,1.62641666666667
"Belgium",2007,-3224.3715,1441.0862,2642.7997,17377.3859,266907,10430928,5216575,5437121,36185.4973220849,1.70858333333333
"Belgium",2008,-3224.3715,1512.8036,2865.0409,17144.5099,263573,10515600,5254165,5472551,36268.9937220849,1.15825
"Belgium",2009,-3224.3715,1482.4514,2838.0602,15447.2776,260273,10600017,5292819,5508537,33950.0754220849,1.17191666666667
"Belgium",2010,-3224.3715,1587.2619,3002.0046,17274.0201,256927,10681812,5332753,5545193,36344.0725220849,-0.0711666666666667
"Belgium",2011,-4876.7099,1300.6868,2843.7679,18199.4945,253515,10759568,5373687,5582056,36778.0966220849,1.85766666666667
"Belgium",2012,-4876.7099,1422.586,3016.5427,17862.9321,250039,10833511,5413752,5617387,36643.8626220849,1.03158333333333
"Belgium",2013,-4876.7099,1464.7806,3059.0345,18031.1451,246557,10904955,5452515,5650743,36732.6399220849,0.536
"Belgium",2014,-4876.7099,1231.7416,2926.863,17843.2205,243099,10976062,5492287,5684436,35854.3801891906,2.33058333333333
"Belgium",2015,-4876.7099,1346.9882,3059.1344,17472.6335,239703,11048237,5531756,5716548,36087.8062220849,1.7435
"Belgium",2016,0,1286.7823,2905.6061,17629.4114,236371,11122008,5569797,5747039,38063.0046220849,1.48375
"Belgium",2017,0,1259.9927,2882.6946,17707.8578,233097,11196239,5607133,5777356,38016.6364220849,1.761
"Belgium",2018,0,1303.4699,2955.4752,18060.9206,229844,11268675,5643009,5805587,39034.9578220849,2.30533333333333
"Belgium",2019,0,1221.1734,2670.9112,16998.8005,226556,11336228,5677883,5832685,37653.0485220849,2.07725
"Belgium",2020,0,1183.7137,2570.1152,16032.4302,223197,11396775,5707264,5854453,35748.0198220849,2.53941666666667
"Belgium-Luxembourg",1990,-5741.164,NA,1314.11653626806,11554.3849,435275,9953060,5054720,5286106,22042.646264206,1.33333333333333
"Belgium-Luxembourg",1991,-5741.164,NA,1306.80555364995,11481.5726,428236,9997561,5071466,5302003,22144.4292379961,0.258083333333333
"Belgium-Luxembourg",1992,-5741.164,NA,1314.11653626806,12118.9883,420750,10048745,5088906,5319065,23046.517979661,1.10483333333333
"Belgium-Luxembourg",1993,-5741.164,NA,1306.80555364995,12358.1168,413776,10101708,5105106,5335330,23453.8355260352,0.486333333333333
"Belgium-Luxembourg",1994,-5741.164,NA,1314.11653626806,13483.9186,405609,10152743,5120435,5350790,25697.1065314588,1.63558333333333
"Belgium-Luxembourg",1995,-5741.164,NA,1314.11653626806,15496.5118,398155,10196299,5135933,5366900,29035.8866175458,1.11283333333333
"Belgium-Luxembourg",1996,-5741.164,NA,1456.49923100194,15755.1651,392514,10229760,5152365,5384067,29851.346880059,-0.540333333333333
"Belgium-Luxembourg",1997,-5741.164,NA,1306.80555364995,16061.945,386770,10256993,5170708,5402576,28911.8135310113,1.01533333333333
"Belgium-Luxembourg",1998,-5741.164,NA,1306.80555364995,16712.5798,380405,10282727,5190365,5421745,29677.9281237015,0.960333333333333
"Belgium-Luxembourg",1999,-5741.164,NA,1314.11653626806,16398.2221,372326,10314096,5211280,5442288,28909.417244387,1.47358333333333
"Belize",1990,-4.961,41.7323,2.8655,1.9105,98531,89021,92420,90169,13061.3084359868,0.437833333333333
"Belize",1991,-4.961,57.4511,3.1004,2.2006,100779,90347,94400,92062,13063.6793359868,0.57875
"Belize",1992,-4.961,18.7907,3.3138,2.1006,102873,91444,96410,93889,13046.3412813868,0.33325
"Belize",1993,-4.961,18.4445,1.6899,2.1406,105037,92579,98382,95794,13033.4503813868,0.38275
"Belize",1994,-4.961,22.7281,2.1924,2.1206,107620,94054,100525,97891,13025.8771813868,0.80225
"Belize",1995,-4.961,25.1215,2.364,2.1206,110879,96084,103111,100445,13034.3041813868,0.7615
"Belize",1996,-4.961,24.0072,2.4549,2.1106,114927,98749,106262,103579,12977.9989813868,0.20675
"Belize",1997,-4.961,25.8672,2.768,2.3506,119660,101946,109906,107211,12951.6453813868,0.864916666666667
"Belize",1998,-4.961,26.8968,1.8072,2.3707,124831,105453,113805,111102,13102.2109813868,0.90675
"Belize",1999,-4.961,27.5967,1.9399,2.4707,130073,108953,117713,115020,13227.2758966964,0.338166666666667
"Belize",2000,-4.961,33.6253,3.3089,2.3007,135040,112275,121540,118866,13189.4119518868,0.186833333333333
"Belize",2001,-4.961,42.5438,4.8714,2.4507,139270,115714,125328,122772,9678.14505619329,0.5565
"Belize",2002,-4.961,38.0561,5.7112,2.4608,143260,118946,129160,126827,9739.72325619329,0.69075
"Belize",2003,-4.961,43.0325,7.0292,2.5508,147088,122042,133040,130958,10245.7875518868,0.823083333333333
"Belize",2004,-4.961,42.3152,8.0885,2.5408,150939,125150,136966,135162,9637.95705188684,0.807833333333333
"Belize",2005,-4.961,44.0457,9.4749,2.7708,154917,128360,140947,139428,9845.02185188684,0.897166666666667
"Belize",2006,-4.961,47.1479,10.13,2.8108,159051,131696,144981,143749,9605.16025619329,0.652166666666667
"Belize",2007,-4.961,51.0333,9.9349,2.7509,163292,135115,149054,148119,9936.24425188684,0.851583333333333
"Belize",2008,-4.961,43.5432,10.3914,2.7309,167590,138575,153151,152520,9774.70155188684,0.539833333333333
"Belize",2009,-4.961,47.3759,19.0591,2.9509,171893,142036,157247,156923,9729.66465188684,1.03158333333333
"Belize",2010,-4.961,46.8879,18.5393,2.9709,176152,145456,161229,160877,9796.62545188684,0.585833333333333
"Belize",2011,-4.51,50.1255,18.3629,2.781,180304,148888,165130,164408,12751.4452518868,0.85625
"Belize",2012,-4.51,43.0037,18.9183,2.771,184356,152345,169071,167988,11908.4086518868,0.725
"Belize",2013,-4.51,30.4312,18.9609,2.871,188329,155852,173067,171620,12066.6120561933,0.779416666666667
"Belize",2014,-4.51,28.1976,27.1724,2.871,192252,159442,177061,175274,11813.0766561933,0.688666666666667
"Belize",2015,-4.51,52.6046,28.9065,2.941,196149,163139,180965,178905,11949.4264561933,1.66775
"Belize",2016,-5.412,55.3609,30.4818,2.9211,200009,166945,184798,182514,11680.7270561933,1.38458333333333
"Belize",2017,-5.412,54.2077,29.6078,2.9211,203824,170857,188588,186106,11780.6444561933,1.20225
"Belize",2018,-5.412,57.5701,31.43,2.9511,207573,174871,192359,189707,11621.1300561933,0.8895
"Belize",2019,-5.412,68.147,43.0308,2.9811,211248,178983,195944,193151,11819.2814561933,1.5055
"Belize",2020,-5.412,67.67,38.9552,3.0012,214825,183182,198810,196111,11956.5030561933,1.72558333333333
"Benin",1990,-64.262,9.9803,99.0022,101.0145,3261667,1716829,2524606,2608813,21144.0879569294,0.691583333333333
"Benin",1991,-64.262,9.1125,102.6011,102.015,3334433,1815066,2604643,2688403,21015.5942285719,0.154166666666667
"Benin",1992,-64.262,9.2924,84.4862,103.0155,3421564,1910239,2687329,2770448,20964.885062498,0.03425
"Benin",1993,-64.262,12.1472,58.1859,109.0161,3526412,1995351,2812168,2894012,20988.2050723629,0.549916666666667
"Benin",1994,-64.262,7.3677,57.8155,97.0167,3631583,2082637,2921767,3001627,21083.6759723629,0.341583333333333
"Benin",1995,-64.262,13.9596,65.0272,114.0172,3734785,2170773,2984662,3061849,21038.6071723629,0.557
"Benin",1996,-64.262,8.7105,74.1121,100.0178,3835042,2259217,3065171,3138689,21986.6698723629,0.716583333333333
"Benin",1997,-64.262,10.7052,82.6596,112.0183,3933275,2348364,3158795,3228231,21904.4694723629,0.554416666666667
"Benin",1998,-64.262,9.6159,48.4569,36.1189,4031013,2439252,3259075,3325108,23325.7434723629,1.045
"Benin",1999,-64.262,12.8148,59.2231,37.2194,4130722,2533376,3362608,3425981,22654.6542630939,0.542666666666667
"Benin",2000,-64.262,14.6059,97.5308,38.32,4234053,2631898,3468525,3529498,21930.8160392003,0.463333333333333
"Benin",2001,-85.6827,28.7199,139.9073,39.5206,4341571,2735162,3576763,3635278,14561.7764046567,0.627666666666667
"Benin",2002,-85.6827,45.5015,167.6985,198.0213,4447579,2847815,3688186,3743597,15078.3544307634,0.667583333333333
"Benin",2003,-85.6827,37.2474,192.85,208.0219,4547230,2973325,3803644,3855563,15996.9616727433,0.9155
"Benin",2004,-85.6827,38.4301,227.6638,256.0226,4646975,3103029,3923249,3971305,14883.9676737833,0.779583333333333
"Benin",2005,-85.6827,37.0422,264.7761,267.0233,4746002,3236223,4050781,4098638,15884.9437621419,1.09308333333333
"Benin",2006,-85.6827,31.3122,276.762,272.024,4843912,3372984,4177609,4225023,15474.4536865183,0.921333333333333
"Benin",2007,-85.6827,36.0415,281.5956,260.0246,4941169,3513622,4302650,4345111,15358.6249726347,0.886583333333333
"Benin",2008,-85.6827,36.6811,293.5043,231.0254,5038238,3658678,4434190,4472279,14876.7899726347,0.659583333333333
"Benin",2009,-85.6827,41.4254,304.8589,273.0261,5136061,3808645,4568957,4603557,15103.6148144627,0.965
"Benin",2010,-85.6827,43.0738,315.5643,292.0268,5234987,3964272,4707267,4738442,15082.8609144007,1.14958333333333
"Benin",2011,-85.6827,47.571,323.9058,283.0276,5335100,4125702,4849408,4876973,15358.7004200777,0.925833333333333
"Benin",2012,-85.6827,54.0839,331.7648,286.0284,5436123,4293037,4995588,5018490,15351.1896851658,0.657833333333333
"Benin",2013,-85.6827,45.8464,338.7854,263.0292,5538224,4466227,5145619,5163111,15601.8362921918,0.829583333333333
"Benin",2014,-85.6827,47.6327,365.6269,266.0299,5640645,4646067,5301391,5313453,15430.8896007482,0.932083333333333
"Benin",2015,-85.6827,52.4918,399.2777,264.0307,5743319,4832633,5463004,5469779,15603.9146342468,0.999916666666667
"Benin",2016,-42.8413,59.7438,460.8798,260.0318,5846177,5026121,5629265,5630820,16037.3805022477,1.22925
"Benin",2017,-42.8413,50.4751,510.0554,263.0326,5949046,5226646,5800206,5796573,16092.2250228537,1.08333333333333
"Benin",2018,-42.8413,73.3187,573.9282,443.0334,6051546,5434128,5974735,5965949,16560.6382228537,1.02541666666667
"Benin",2019,-42.8413,70.4279,644.3646,440.0339,6153211,5648384,6152125,6138319,16797.0942228537,1.18183333333333
"Benin",2020,-42.8413,77.5548,697.4951,440.0347,6253682,5869303,6330776,6312347,16802.2156228537,1.0965
"Bermuda",1990,NA,1.2783,0.0277,NA,0,60930,28346,29123,9931.47533230612,0.60676616240287
"Bermuda",1991,NA,3.6719,0.0277,NA,0,61312,28509,29365,10286.4081287612,0.326589466828326
"Bermuda",1992,NA,3.372,0.0276,NA,0,61677,28688,29634,10609.074633805,0.326589466828326
"Bermuda",1993,NA,2.1754,0.0625,NA,0,62034,28855,29884,10551.3180481656,0.324924035563054
"Bermuda",1994,NA,2.9952,0.1198,NA,0,62381,29006,30105,10547.8202481656,0.687158286987195
"Bermuda",1995,NA,2.9978,0.1859,NA,0,62696,29150,30316,10545.3834481656,0.694224494759256
"Bermuda",1996,NA,2.9997,0.2957,NA,0,62986,29302,30539,10541.4533481656,0.39107890284397
"Bermuda",1997,NA,3.0018,0.4369,NA,0,63259,29451,30776,10604.010533805,0.715312120108983
"Bermuda",1998,NA,3.0044,0.7418,NA,0,63511,29596,31008,10603.932033805,0.830358761689942
"Bermuda",1999,NA,3.0081,0.9665,NA,0,63767,29742,31239,10603.502433805,0.727478284054798
"Bermuda",2000,NA,3.0113,1.2837,NA,0,64028,29901,31470,10604.147833805,0.727478284054798
"Bermuda",2001,NA,3.013,1.6244,NA,0,64323,30073,31689,10603.922933805,0.731270474686516
"Bermuda",2002,NA,3.6141,2.0059,NA,0,64610,30249,31890,10605.781933805,0.809102079289129
"Bermuda",2003,NA,3.6168,2.3815,NA,0,64870,30415,32053,11292.1252976907,0.807495037952673
"Bermuda",2004,NA,3.6208,2.7244,NA,0,65065,30555,32185,10606.204233805,0.809102079289129
"Bermuda",2005,NA,3.922,3.1717,NA,0,65130,30657,32301,10544.2805481656,0.80973801295224
"Bermuda",2006,NA,4.2233,3.6139,NA,0,65063,30706,32375,10535.8304473813,0.811066424683588
"Bermuda",2007,NA,1.5316,4.1102,NA,0,64892,30724,32431,10113.2973750544,0.816521980803538
"Bermuda",2008,NA,1.2712,4.6372,NA,0,64625,30760,32498,10109.5642750544,0.813008842444054
"Bermuda",2009,NA,0.1874,5.112,NA,0,64303,30811,32543,10111.0298750544,0.811526004324047
"Bermuda",2010,NA,0.1726,5.3142,NA,0,63956,30857,32590,10112.5362750544,0.811526004324047
"Bermuda",2011,NA,0.1679,5.6674,NA,0,63581,30898,32636,10106.9028750544,0.811526004324047
"Bermuda",2012,NA,0.2461,5.9415,NA,0,63179,30911,32650,10106.3436750544,0.811526004324047
"Bermuda",2013,NA,1.4456,6.1938,NA,0,62771,30879,32627,10214.1125423375,0.81834716573917
"Bermuda",2014,NA,2.3557,6.4738,NA,0,62382,30802,32553,10106.7139750544,1.0121983573137
"Bermuda",2015,NA,1.1836,6.5673,NA,0,62003,30704,32440,10209.4202423375,1.1980479327352
"Bermuda",2016,NA,6.3171,6.6291,NA,0,61666,30646,32422,10217.4831423375,1.21053531176083
"Bermuda",2017,NA,1.4715,6.9104,NA,0,61349,30703,32572,10209.6763423375,1.21053531176083
"Bermuda",2018,NA,4.838,7.1343,NA,0,61070,30807,32764,10212.5758423375,1.21053531176083
"Bermuda",2019,NA,4.2942,7.0307,NA,0,60833,30878,32934,10203.2339423375,1.2179134926195
"Bermuda",2020,NA,3.1485,7.164,NA,0,60639,30939,33092,10202.0500423375,1.2179134926195
"Bhutan",1990,-6609.6322,9.564,4.4678,27.7429,449228,88052,290974,267469,-1892.18105095175,0.0555
"Bhutan",1991,-6609.6322,9.5054,4.5247,51.4429,445083,92201,295431,272279,-1851.63855095175,-0.061
"Bhutan",1992,-6609.6322,6.0976,4.5334,51.4424,436051,95474,283752,262192,-1868.13080555175,-0.225083333333333
"Bhutan",1993,-6609.6322,5.2628,2.6437,48.1419,424820,98297,270365,250474,-1873.78830555175,-0.0865
"Bhutan",1994,-6609.6322,7.0698,2.7902,88.8029,415014,101489,270280,250980,-1829.28110555175,0.261833333333333
"Bhutan",1995,-6609.6322,4.7623,2.9856,129.4107,409136,105741,273243,254292,-1769.60480555175,0.584166666666667
"Bhutan",1996,-6609.6322,9.684,0.7066,135.4109,407866,111416,278120,259374,-1767.28710555175,0.286583333333333
"Bhutan",1997,-6609.6322,8.4537,1.0431,143.5041,410306,118448,282692,264173,-1762.51810555175,-0.341666666666667
"Bhutan",1998,-6609.6322,8.219,1.2888,148.5976,415413,126742,287771,269372,-1740.69940555175,0.8735
"Bhutan",1999,-6609.6322,8.4732,1.8894,147.5989,421599,135944,295699,275291,-1699.28690555175,1.02866666666667
"Bhutan",2000,-6609.6322,9.1784,3.5283,136.5078,427663,145753,305835,281372,-1763.40780555175,0.2045
"Bhutan",2001,-6610.2979,11.4773,4.3462,144.54,433476,156124,315896,287339,-2300.75746269914,0.707166666666667
"Bhutan",2002,-6610.2979,12.0555,5.554,161.6953,439213,167186,325859,293189,-1892.73450228389,0.5035
"Bhutan",2003,-6610.2979,12.1856,6.8075,162.6966,444581,178853,335712,298916,-2199.137165967,0.491333333333333
"Bhutan",2004,-6610.2979,13.246,8.2002,167.7035,449256,191026,345443,304548,-1862.9998476045,0.53025
"Bhutan",2005,-6610.2979,14.2947,9.9273,164.6685,453310,203329,353558,309765,-1832.82810228389,0.684916666666667
"Bhutan",2006,-6610.2979,16.1735,10.4331,169.6698,459050,213178,358990,314269,-1720.22310555175,1.044
"Bhutan",2007,-6610.2979,17.9746,10.5762,173.7017,463910,223048,363234,318380,-1620.49080555175,0.9345
"Bhutan",2008,-6610.2979,19.2623,11.111,210.0051,467983,232967,367382,322355,-2123.900365967,0.636
"Bhutan",2009,-6610.2979,20.9558,11.4569,423.8542,471472,242986,371464,326213,-1884.023065967,1.26508333333333
"Bhutan",2010,-6610.2979,22.3283,11.4566,458.054,474470,253171,375519,329998,-1491.9259476045,1.20433333333333
"Bhutan",2011,-1316.8667,24.7686,12.4643,587.0271,476998,263512,379579,333752,3602.920834033,0.6195
"Bhutan",2012,-1316.8667,25.568,14.8563,530.5886,479102,273865,383648,337498,4041.16339444825,0.4395
"Bhutan",2013,-1316.8667,25.1477,15.2863,556.5952,480787,284174,387678,341210,3967.59579444825,0.693416666666667
"Bhutan",2014,-1316.8667,28.4397,17.3667,595.5092,482036,294412,391565,344791,3623.771834033,0.947166666666667
"Bhutan",2015,-1316.8667,29.8066,18.7698,727.2828,482844,304542,395186,348088,3769.985234033,1.0675
"Bhutan",2016,-1318.1982,29.4512,21.2084,787.3396,483225,314540,398635,351127,3802.799134033,1.61366666666667
"Bhutan",2017,-1318.1982,31.0759,23.9151,820.7604,483217,324393,401839,354282,3836.081234033,1.454
"Bhutan",2018,-1318.1982,21.8784,25.887,818.5652,482916,334138,404630,357467,3802.132834033,1.18558333333333
"Bhutan",2019,-1318.1982,32.5807,29.3206,984.1548,482419,343810,407103,360356,4282.1320977161,1.27891666666667
"Bhutan",2020,-1318.1982,33.5003,30.3382,1014.4078,481800,353445,409408,363099,3994.139134033,1.21116666666667
"Bolivia (Plurinational State of)",1990,-425.1388,383.4332,29.143,306.0511,3045729,3810515,3549041,3547153,98161.7488807369,0.215166666666667
"Bolivia (Plurinational State of)",1991,-425.1388,395.6719,31.6687,317.5458,3036249,3956272,3624585,3620306,98428.5955807369,0.652916666666667
"Bolivia (Plurinational State of)",1992,-425.1388,430.3613,40.664,349.0123,3028033,4103674,3700608,3693811,98644.8519807369,-0.0434166666666667
"Bolivia (Plurinational State of)",1993,-425.1388,448.7627,40.9694,379.3533,3049275,4224550,3779539,3764950,98832.5765807369,0.453333333333333
"Bolivia (Plurinational State of)",1994,-425.1388,505.9537,55.0792,410.4983,3070283,4348578,3860430,3833292,99193.6687807369,0.904166666666667
"Bolivia (Plurinational State of)",1995,-425.1388,556.1419,71.7591,5198.8954,3091040,4475674,3940256,3901215,104512.387321031,0.723
"Bolivia (Plurinational State of)",1996,-425.1388,885.7817,76.0053,15611.5195,3111486,4605957,4019794,3969573,115325.810491387,0.273166666666667
"Bolivia (Plurinational State of)",1997,-425.1388,1376.8781,90.8805,26077.3995,3131687,4739168,4099171,4038449,127410.698555268,0.94875
"Bolivia (Plurinational State of)",1998,-425.1388,1561.9929,99.0359,30891.1295,3151177,4875077,4178700,4108227,132994.638955268,0.82725
"Bolivia (Plurinational State of)",1999,-425.1388,1642.3457,94.1629,29256.2792,3169642,5013070,4259118,4179935,143063.026655268,0.334083333333333
"Bolivia (Plurinational State of)",2000,-425.1388,1554.1656,123.8425,25605.8932,3186751,5152761,4339846,4252810,119943.353755268,0.392666666666667
"Bolivia (Plurinational State of)",2001,-425.4211,673.798,151.4757,17594.6382,3202596,5293779,4418319,4327765,90093.0348913871,0.686583333333333
"Bolivia (Plurinational State of)",2002,-425.4211,1032.3536,192.7606,11578.8922,3220542,5432803,4495206,4405377,93570.6380087476,1.03341666666667
"Bolivia (Plurinational State of)",2003,-425.4211,1169.3322,241.9534,14837.7884,3238033,5572387,4573038,4484341,88579.8777370432,0.637
"Bolivia (Plurinational State of)",2004,-425.4211,1495.9065,281.2258,24515.2912,3254315,5713426,4651928,4564350,124956.915851624,0.846166666666667
"Bolivia (Plurinational State of)",2005,-425.4211,1596.5457,341.3306,28460.4421,3269610,5855799,4731985,4645403,114055.728264347,0.768583333333333
"Bolivia (Plurinational State of)",2006,-425.4211,1718.8052,339.8182,30397.9083,3283729,5999605,4814077,4728586,119062.996088198,0.93175
"Bolivia (Plurinational State of)",2007,-425.4211,2266.5016,367.5255,32272.348,3296720,6144724,4897753,4813399,130411.477873733,0.459083333333333
"Bolivia (Plurinational State of)",2008,-425.4211,2254.1836,403.8571,34200.8142,3308578,6291277,4981806,4898788,116910.70168751,0.438583333333333
"Bolivia (Plurinational State of)",2009,-425.4211,2319.9215,419.6391,36155.2804,3319560,6439188,5066350,4984968,113471.644025135,0.671666666666667
"Bolivia (Plurinational State of)",2010,-425.4211,2300.291,431.7451,37954.5711,3329540,6588702,5151373,5071897,159762.201640908,0.72425
"Bolivia (Plurinational State of)",2011,-385.0527,2429.2475,542.0338,39891.0109,3338591,6739752,5236810,5159435,127424.186863274,1.12425
"Bolivia (Plurinational State of)",2012,-385.0527,2499.7665,576.9165,41747.4771,3346648,6892356,5322361,5247336,127261.162449196,0.853083333333333
"Bolivia (Plurinational State of)",2013,-385.0527,2543.6867,541.5115,43743.9433,3359417,7040847,5407879,5335470,124556.49354741,0.516666666666667
"Bolivia (Plurinational State of)",2014,-385.0527,2621.5369,611.1962,45710.4095,3374918,7187241,5493370,5423617,125042.97924741,0.937666666666667
"Bolivia (Plurinational State of)",2015,-385.0527,2663.9375,651.4759,47606.8757,3389712,7334993,5578609,5511477,131903.38784741,1.59683333333333
"Bolivia (Plurinational State of)",2016,-318.9952,2772.3255,751.8367,49493.3419,3403747,7484135,5663718,5599297,144685.254275464,0.770666666666667
"Bolivia (Plurinational State of)",2017,-318.9952,2837.4445,835.8773,51349.8081,3417155,7634445,5748534,5686999,142587.60310751,0.962166666666667
"Bolivia (Plurinational State of)",2018,-318.9952,2859.8248,920.443,53256.2743,3429186,7786488,5832721,5774185,145093.82580751,0.543666666666667
"Bolivia (Plurinational State of)",2019,-318.9952,2872.2729,986.2154,55162.714,3439820,7940041,5916395,5860919,168991.343067128,0.937916666666667
"Bolivia (Plurinational State of)",2020,-318.9952,2922.0575,1057.9555,56739.1802,3449008,8094974,5992275,5943886,161893.365417945,1.34283333333333
"Bosnia and Herzegovina",1992,3203.3578,302.8286,311.7355,689.4861,2548290,1690864,2109222,2166508,6553.99072053505,0.873583333333333
"Bosnia and Herzegovina",1993,3203.3578,453.3018,171.1046,407.4779,2444790,1643209,1929366,2013614,6180.98990041184,0.441
"Bosnia and Herzegovina",1994,3203.3578,107.706,70.0258,361.0028,2349300,1599516,1830752,1931579,5668.54482053505,1.60583333333333
"Bosnia and Herzegovina",1995,3203.3578,62.1621,17.4986,337.0525,2274813,1568899,1822525,1928002,5502.18352053505,0.303666666666667
"Bosnia and Herzegovina",1996,3203.3578,97.305,25.736,302.9915,2225526,1554852,1901095,2006656,5478.45812053505,-0.192333333333333
"Bosnia and Herzegovina",1997,3203.3578,230.3378,68.737,363.7022,2197363,1555068,1971607,2076142,5939.94272053505,0.2845
"Bosnia and Herzegovina",1998,3203.3578,344.7163,108.5876,517.4781,2184476,1566009,2005951,2109108,6483.34772053505,0.6925
"Bosnia and Herzegovina",1999,3203.3578,316.5818,117.6151,794.3773,2177706,1581412,2025390,2127624,6675.06659701136,0.89975
"Bosnia and Herzegovina",2000,3203.3578,328.1523,149.218,1000.4787,2170238,1596468,2038674,2140676,7288.33519701136,1.71616666666667
"Bosnia and Herzegovina",2001,292.8133,322.0333,169.7515,939.1438,2161008,1610276,2046480,2148452,4263.79479701135,0.990416666666667
"Bosnia and Herzegovina",2002,292.8133,349.0159,202.8885,958.0505,2151678,1624129,2048780,2149630,4469.14809701136,1.504
"Bosnia and Herzegovina",2003,292.8133,368.5885,236.9073,1053.5364,2141685,1637562,2042127,2141631,4778.06229701136,1.08966666666667
"Bosnia and Herzegovina",2004,292.8133,318.4364,322.4123,1245.9033,2130843,1650444,2021970,2120890,5109.61659701136,0.66275
"Bosnia and Herzegovina",2005,292.8133,349.3336,382.9065,1393.5155,2118996,1662534,1997892,2096405,5412.46079701136,-0.0065833333333333
"Bosnia and Herzegovina",2006,292.8133,377.5714,386.4548,1540.5344,2105827,1673641,1979755,2078331,5878.08612621124,0.7465
"Bosnia and Herzegovina",2007,292.8133,444.4126,472.3357,1644.7267,2090767,1683233,1955141,2052735,6274.80439701136,1.62
"Bosnia and Herzegovina",2008,292.8133,393.6091,515.8264,1835.1217,2072991,1690608,1923825,2019566,6461.51269701135,1.59333333333333
"Bosnia and Herzegovina",2009,292.8133,401.1987,557.2913,1708.4961,2051664,1694897,1891814,1985936,6278.49629701135,1.37508333333333
"Bosnia and Herzegovina",2010,292.8133,366.7771,593.3047,1870.7963,2026365,1695719,1859263,1951825,6439.15847774574,0.810083333333333
"Bosnia and Herzegovina",2011,-3767.8133,487.0158,689.625,1818.2451,1996478,1692387,1826158,1916984,2889.94649701136,1.28891666666667
"Bosnia and Herzegovina",2012,-3767.8133,493.6236,735.4991,1837.5423,1962769,1685431,1792508,1881866,2901.94979701136,1.559
"Bosnia and Herzegovina",2013,-3767.8133,404.0958,718.9221,1911.7571,1927984,1677015,1765649,1851910,2563.20609701135,1.46966666666667
"Bosnia and Herzegovina",2014,-3767.8133,369.5358,722.0566,1930.8111,1895685,1670317,1745230,1825837,2568.61659701135,1.86308333333333
"Bosnia and Herzegovina",2015,-3767.8133,385.2125,721.5742,1959.0636,1867937,1668024,1724918,1799407,2720.27449701135,1.80883333333333
"Bosnia and Herzegovina",2016,-1785.5422,404.7754,764.7528,2008.2907,1845681,1671135,1706069,1774917,4928.71769701135,1.52525
"Bosnia and Herzegovina",2017,-1785.5422,453.1,756.7798,2115.4715,1828006,1679011,1688023,1752004,5115.13939701135,1.51025
"Bosnia and Herzegovina",2018,-1785.5422,379.9921,702.0061,2210.7683,1813259,1690295,1670236,1729892,5048.23149701135,2.223
"Bosnia and Herzegovina",2019,-1785.5422,383.3527,696.7252,2284.536,1798985,1702789,1652504,1708207,5014.63139701136,2.16283333333333
"Bosnia and Herzegovina",2020,-1785.5422,389.7445,679.9133,2345.885,1783400,1714810,1632854,1685553,5040.66127859336,1.90208333333333
"Botswana",1990,0,42.908,67.1252,25.367,800111,577801,644872,696601,53912.5553776399,0.67475
"Botswana",1991,0,42.1503,80.0032,30.779,775071,641660,662778,717807,53751.2598570929,-0.0241666666666667
"Botswana",1992,0,62.2844,93.6325,34.3645,779706,676127,682074,738620,53543.6780851615,0.92625
"Botswana",1993,0,66.4856,87.5912,38.6765,787906,706787,703077,759184,53486.8217851615,0.455166666666667
"Botswana",1994,0,74.4629,102.9805,41.1885,794926,737696,723933,779611,49545.7355022399,-0.00174999999999997
"Botswana",1995,0,82.7826,116.4694,44.474,800543,768551,744130,799504,49389.9455348937,0.913666666666667
"Botswana",1996,0,65.47,145.6737,47.0595,804758,799302,763638,818532,51398.2279997185,-0.22
"Botswana",1997,0,97.0374,58.3476,47.845,807729,829906,782593,836761,50716.0607791716,-0.00100000000000003
"Botswana",1998,0,80.2354,45.4094,50.1305,809351,860274,801216,854484,49732.0079970709,0.685
"Botswana",1999,0,108.9115,76.1432,50.4895,809610,890252,819663,871895,49484.2411970709,0.53275
"Botswana",2000,0,108.0896,110.0203,48.922,808537,919803,837941,889044,49008.4676970709,-0.628916666666667
"Botswana",2001,0,91.0057,116.8608,48.081,806191,948744,855998,905932,51183.9808151499,-0.195333333333333
"Botswana",2002,0,101.6719,146.1016,46.7135,808627,971326,873216,921914,51876.0912970709,0.388583333333333
"Botswana",2003,0,126.2819,188.9848,44.046,811427,992912,889736,937127,45024.8818970709,0.78525
"Botswana",2004,0,187.7053,256.7668,40.7785,814278,1015052,906524,952562,45669.4504399053,-0.193
"Botswana",2005,0,207.5429,290.1191,42.011,817614,1038238,924057,968750,46607.3007819189,0.917416666666667
"Botswana",2006,0,188.3084,278.4279,39.67,821528,1062710,942814,985889,48530.1338053523,-0.342333333333333
"Botswana",2007,0,214.4411,288.0141,35.529,805426,1108988,962918,1004059,46656.6139970709,0.00216666666666665
"Botswana",2008,0,256.1255,326.6401,32.688,789368,1156983,984034,1023285,55378.3771103631,0.381083333333333
"Botswana",2009,0,263.0041,343.8645,128.5735,773398,1206484,1005676,1043322,46351.7892970709,-0.261583333333333
"Botswana",2010,0,209.897,294.6587,133.759,757339,1257527,1027633,1064032,57182.9822053523,0.812083333333333
"Botswana",2011,0,416.3181,480.93,39.5445,741251,1310088,1049169,1084868,62252.9435970709,-0.066
"Botswana",2012,0,273.9622,366.7983,40.3565,736104,1353211,1070002,1105424,49825.2056970709,0.478166666666667
"Botswana",2013,0,485.8741,577.4051,41.9685,732803,1395704,1090948,1126330,49589.7965970709,0.715583333333333
"Botswana",2014,0,317.0434,317.9548,42.1805,729332,1439241,1112387,1147988,46552.5206970709,-0.0294166666666667
"Botswana",2015,0,242.9136,301.6148,42.3925,725610,1483587,1134801,1170371,45738.4494970709,1.80625
"Botswana",2016,0,258.7592,335.779,43.831,721580,1528680,1158587,1193829,45241.2923970709,1.25416666666667
"Botswana",2017,0,289.7379,372.924,43.843,717290,1574371,1183506,1218333,48790.2745970709,0.06425
"Botswana",2018,0,260.3254,382.3003,39.055,712875,1620326,1208678,1242730,46491.6036970709,0.788166666666667
"Botswana",2019,0,276.9846,409.5975,40.361,708307,1666329,1233202,1266499,44880.7208970709,1.5795
"Botswana",2020,0,274.5262,443.5377,41.173,703554,1712212,1256708,1289694,48340.9111176178,0.229666666666667
"Brazil",1990,-346950.8412,11511.4232,5115.7826,36277.7759,38948117,110404028,74926452,75779994,1316385.2993,0.497166666666667
"Brazil",1991,-346950.8412,11913.975,5613.9798,38171.683,38465232,113511345,76207261,77129183,1323870.7627,0.492833333333333
"Brazil",1992,-346950.8412,12476.3789,5874.0854,36583.0744,37954781,116609497,77454942,78445848,1326961.0382,0.343083333333333
"Brazil",1993,-346950.8412,12966.1656,3563.3977,37214.6358,37427914,119704768,78689973,79750902,1327237.181,0.5295
"Brazil",1994,-346950.8412,12896.6155,3888.5973,37450.2219,36887055,122818068,79924696,81055777,1331511.7013,0.64025
"Brazil",1995,-346950.8412,14293.0117,1860.6098,38946.2178,36338396,125958216,81155182,82360145,1337554.9931,0.7725
"Brazil",1996,-346950.8412,14564.5842,2066.313,40363.4959,35782624,129130682,82377561,83659561,1336733.6026,0.521166666666667
"Brazil",1997,-346950.8412,14912.3641,2506.7317,42357.5238,35104713,132440451,83593268,84953439,1351058.0879,0.701916666666667
"Brazil",1998,-346950.8412,15146.3643,2764.5073,43410.4415,34406065,135764575,84799768,86240036,1383602.9744,1.19508333333333
"Brazil",1999,-346950.8412,16126.4089,3547.2743,42136.4167,33695145,139064098,85981420,87504861,1371965.4146,0.503583333333333
"Brazil",2000,-346950.8412,16405.5655,4323.6755,47864.6733,32968080,142319507,87124330,88749390,1339926.8817,0.49625
"Brazil",2001,-504292.9573,16550.0959,4614.2644,43833.9016,32789772,144960898,88233218,89978663,1415654.8425,0.758833333333333
"Brazil",2002,-504292.9573,15572.4626,4931.4972,42096.9257,32643261,147507760,89303580,91173105,1435238.8008,1.09408333333333
"Brazil",2003,-504292.9573,14728.7328,4998.0847,42429.3117,32477004,150005145,90318606,92310671,1434493.7788,0.935166666666667
"Brazil",2004,-504292.9573,15278.7843,5750.1194,45065.1152,32290174,152448284,91303580,93418462,1451672.1824,0.74175
"Brazil",2005,-504292.9573,15150.6795,5977.2374,46825.0947,32085721,154831640,92281701,94515633,1465973.6998,1.0425
"Brazil",2006,-504292.9573,15162.7298,6860.7317,48993.8657,31861129,157151283,93237364,95583318,1442722.23,0.822583333333333
"Brazil",2007,-504292.9573,15460.813,7463.3252,52255.0458,31618718,159407919,94163019,96616434,1483946.7631,0.952
"Brazil",2008,-504292.9573,16468.0388,8539.6727,53464.1777,31361744,161617285,95059746,97612571,1461224.5981,0.713833333333333
"Brazil",2009,-504292.9573,15814.8128,8147.591,51040.7067,31097565,163798431,95935867,98581682,1447122.3452,0.984083333333333
"Brazil",2010,-504292.9573,17220.799,10037.117,57040.6786,30827251,165969018,96806825,99546667,1522721.6058,1.114
"Brazil",2011,-519221.8123,16761.5256,9308.342,55845.9148,30536433,168150255,97676016,100509285,642357.4092,0.8035
"Brazil",2012,-519221.8123,18197.0565,10859.9855,58368.1675,30238865,170322118,98526889,101450818,667696.2756,1.08766666666667
"Brazil",2013,-519221.8123,20200.156,12577.5346,59662.0761,29937266,172471366,99355387,102366379,650855.4788,0.879666666666667
"Brazil",2014,-519221.8123,21545.4956,14221.0391,57656.6045,29627255,174585878,100185186,103274465,667719.5655,1.15358333333333
"Brazil",2015,-519221.8123,21635.8037,14789.7252,55407.4357,29308408,176653700,101008689,104179515,682352.1644,1.58416666666667
"Brazil",2016,-269412.8448,20387.2392,14573.6228,53456.8763,28983278,178669587,101794390,105065188,788298.5804,1.40666666666667
"Brazil",2017,-269412.8448,20648.1662,14899.897,52538.6113,28654406,180633872,102567011,105937948,806532.0664,1.35716666666667
"Brazil",2018,-269412.8448,19986.3073,15082.3412,52840.9567,28321495,182546459,103354449,106812144,771951.5558,1.138
"Brazil",2019,-269412.8448,20175.4166,15827.8101,52779.6277,27985169,184407548,104119798,107663080,795936.3005,1.55108333333333
"Brazil",2020,-269412.8448,21000.3629,16052.5815,54902.0431,27645976,186217070,104779288,108417015,814927.8645,1.45925
"British Virgin Islands",1990,NA,NA,1.2082,0.396,10236,6225,8017,7599,15077.9160775833,0.41675
"British Virgin Islands",1991,NA,NA,1.2493,0.429,10273,6661,8252,7838,15078.1409775833,0.400166666666667
"British Virgin Islands",1992,NA,NA,1.2819,0.4341,10475,6869,8448,8028,15078.3288775833,0.367166666666667
"British Virgin Islands",1993,NA,NA,0.6966,0.4401,10644,7059,8645,8210,16289.2266904024,0.583916666666667
"British Virgin Islands",1994,NA,NA,0.7437,0.4421,10806,7246,8856,8399,18012.4785566166,0.673833333333333
"British Virgin Islands",1995,NA,NA,0.9338,0.4311,10980,7447,9076,8598,15078.1802775833,0.611083333333333
"British Virgin Islands",1996,NA,NA,1.0733,0.4641,11171,7662,9308,8813,15079.2178775833,0.234166666666667
"British Virgin Islands",1997,NA,NA,1.2529,0.4621,11378,7892,9552,9040,15078.9764775833,0.6345
"British Virgin Islands",1998,NA,NA,0.8253,0.4691,11591,8131,9803,9277,15079.3034775833,1.03691666666667
"British Virgin Islands",1999,NA,NA,1.2095,0.4821,11810,8378,10062,9524,15079.6101775833,0.45225
"British Virgin Islands",2000,NA,NA,1.7361,0.4961,12021,8624,10327,9777,15080.2005775833,0.245333333333333
"British Virgin Islands",2001,NA,NA,2.0365,0.5221,12219,8866,10588,10069,15080.8318775833,0.584416666666667
"British Virgin Islands",2002,NA,NA,2.3559,0.5321,12416,9113,10851,10437,15081.6830775833,0.748
"British Virgin Islands",2003,NA,NA,2.7065,0.5561,12625,9375,11133,10849,15082.4841775833,0.809416666666667
"British Virgin Islands",2004,NA,NA,3.1139,0.5661,12869,9672,11439,11277,15083.4391775833,0.54875
"British Virgin Islands",2005,NA,NA,3.6537,0.6151,13157,10011,11774,11724,14917.4831191896,0.797083333333333
"British Virgin Islands",2006,NA,NA,3.8955,0.6251,13502,10403,12133,12190,14918.0824191896,0.843
"British Virgin Islands",2007,NA,NA,4.0797,0.6231,13891,10840,12512,12679,14919.9292191896,0.9415
"British Virgin Islands",2008,NA,NA,4.3119,0.6371,14299,11305,12918,13197,14918.6681191896,0.362666666666667
"British Virgin Islands",2009,NA,NA,4.5103,0.7001,14684,11763,13329,13714,14918.9470191896,0.71475
"British Virgin Islands",2010,NA,NA,4.5145,0.6911,15024,12200,13556,14001,14919.0179191896,0.90575
"British Virgin Islands",2011,NA,NA,4.6214,0.6721,15303,12598,13724,14238,14919.6338191896,0.476833333333333
"British Virgin Islands",2012,NA,NA,4.8215,0.6491,15537,12972,13915,14506,14919.8083191896,0.6445
"British Virgin Islands",2013,NA,NA,4.9934,0.6681,15732,13324,14015,14641,14920.0542191896,0.79025
"British Virgin Islands",2014,NA,NA,5.3997,0.6791,15914,13674,14145,14826,14920.8142191896,0.86425
"British Virgin Islands",2015,NA,NA,5.8274,0.6751,16085,14028,14303,15063,14921.1187191896,1.12258333333333
"British Virgin Islands",2016,NA,NA,6.534,0.6751,16264,14397,14453,15287,14921.6693191896,1.18816666666667
"British Virgin Islands",2017,NA,NA,7.3847,0.7251,16429,14767,14578,15482,14921.0329191896,0.9845
"British Virgin Islands",2018,NA,NA,8.2308,0.7401,16582,15137,14681,15653,14921.9679191896,0.6685
"British Virgin Islands",2019,NA,NA,9.0512,0.7301,16710,15496,14786,15825,14923.0540191896,0.978333333333333
"British Virgin Islands",2020,NA,NA,9.8991,0.7381,16802,15832,14900,16010,14924.1481191896,1.24033333333333
"Brunei Darussalam",1990,-33.7803,222.1492,0.8312,11.555,86854,171931,140191,121736,7800.1523930462,0.399083333333333
"Brunei Darussalam",1991,-33.7803,203.3073,3.1085,10.0956,88975,177299,144221,125638,7796.79508720028,0.375583333333333
"Brunei Darussalam",1992,-33.7803,236.4048,1.3906,12.4096,90195,183768,148004,129412,7808.02943260028,0.300916666666667
"Brunei Darussalam",1993,-33.7803,264.427,2.215,12.9764,91276,190475,151619,133094,7846.08880403849,0.254166666666667
"Brunei Darussalam",1994,-33.7803,271.9713,3.5616,14.666,92282,197243,155194,136742,7870.57093260028,0.470333333333333
"Brunei Darussalam",1995,-33.7803,248.868,6.687,17.6842,93187,204005,158735,140362,7890.58260403849,0.436416666666667
"Brunei Darussalam",1996,-33.7803,255.141,14.7033,28.7318,93975,210724,162237,143959,7857.15338042813,0.439
"Brunei Darussalam",1997,-33.7803,277.7488,17.0124,40.3041,94653,217385,165703,147512,8113.3631040385,0.750583333333333
"Brunei Darussalam",1998,-33.7803,364.77,10.4032,53.0426,95224,223998,169134,151018,12757.6007249623,1.24083333333333
"Brunei Darussalam",1999,-33.7803,297.6791,14.6673,72.2749,95704,230585,172529,154516,7693.87195220486,0.546416666666667
"Brunei Darussalam",2000,-33.7803,285.8939,23.3026,123.009,96095,237146,175917,158010,7485.3909466423,0.51625
"Brunei Darussalam",2001,-126.676,334.5229,30.6392,153.4334,96416,243701,179279,161470,7272.78624326435,0.576833333333333
"Brunei Darussalam",2002,-126.676,361.8645,37.6919,187.7448,96965,249902,182567,164895,7289.09504326435,0.766416666666667
"Brunei Darussalam",2003,-126.676,394.1161,45.0174,225.0715,97461,255928,185758,168286,8343.86345435104,0.64325
"Brunei Darussalam",2004,-126.676,417.1036,53.141,263.7699,97812,261711,188857,171603,8072.53095211352,0.6785
"Brunei Darussalam",2005,-126.676,399.0977,63.2968,300.9966,97998,267160,191886,174832,8117.64205211352,0.890416666666667
"Brunei Darussalam",2006,-126.676,400.5175,65.9005,342.1103,98010,272240,194829,177979,7653.11726060918,0.784
"Brunei Darussalam",2007,-126.676,161.0546,91.3204,379.337,97871,276993,197694,181055,7771.3138060713,0.68725
"Brunei Darussalam",2008,-126.676,436.9004,196.094,417.2637,97651,281601,200494,184074,8191.5737060713,0.532916666666667
"Brunei Darussalam",2009,-126.676,443.4757,203.322,454.5621,97449,286323,203252,187059,8670.87560317338,0.899
"Brunei Darussalam",2010,-126.676,400.3885,200.2607,493.1606,97318,291344,206007,190046,8242.7064139713,0.9635
"Brunei Darussalam",2011,-145.6774,405.1507,205.2588,515.6109,97280,296733,208672,192834,7371.1597139713,0.7635
"Brunei Darussalam",2012,-145.6774,445.8511,209.5797,550.6941,97314,302434,211233,195401,7472.3060139713,0.94325
"Brunei Darussalam",2013,-145.6774,391.2228,188.076,585.7773,97386,308330,213768,197935,7430.4878060713,1.18866666666667
"Brunei Darussalam",2014,-145.6774,399.0491,209.7649,619.8887,97441,314263,216245,200411,8200.9611975109,1.00291666666667
"Brunei Darussalam",2015,-145.6774,376.1561,206.5614,654.8719,97440,320102,218636,202801,8163.49461492047,1.35316666666667
"Brunei Darussalam",2016,-17.9458,406.911,218.6968,689.3551,97378,325818,220910,205084,7333.0815022894,1.724
"Brunei Darussalam",2017,-17.9458,395.7601,236.2521,723.7665,97263,331434,223039,207238,6692.13509344023,1.43341666666667
"Brunei Darussalam",2018,-17.9458,445.0354,275.8687,758.7497,97106,336970,225018,209257,6834.84599344023,1.44766666666667
"Brunei Darussalam",2019,-17.9458,435.2299,288.8594,794.3328,96908,342428,226876,211173,7305.62178264231,1.61983333333333
"Brunei Darussalam",2020,-17.9458,452.9647,310.9951,828.5443,96681,347838,228677,213048,7638.7112022894,1.77241666666667
"Bulgaria",1990,-25291.475,1133.9554,506.4286,7208.7536,2972728,5868643,4276662,4491115,-2657.6662,0.8685
"Bulgaria",1991,-25291.475,960.1897,333.1666,6089.7752,2917858,5849032,4249236,4472424,-5617.0015,-0.515666666666667
"Bulgaria",1992,-25291.475,1059.0221,160.7661,5331.0622,2858279,5817964,4218127,4450414,-5790.6621,0.298916666666667
"Bulgaria",1993,-25291.475,1060.7431,156.7718,4921.3594,2801740,5774149,4184214,4427322,-7087.1549,-0.0198333333333333
"Bulgaria",1994,-25291.475,991.3599,368.0874,6047.3731,2749474,5725195,4146903,4401563,-6463.8872,1.43016666666667
"Bulgaria",1995,-25291.475,1006.2302,304.647,6724.3214,2699581,5679599,4105956,4371624,-6145.0694,0.2125
"Bulgaria",1996,-25291.475,991.6491,203.5902,6678.4571,2652779,5639093,4063267,4338109,-8810.0474,-0.296666666666667
"Bulgaria",1997,-25291.475,734.3275,226.6586,5002.182,2608765,5602961,4018597,4300368,-10828.4755,-0.374083333333333
"Bulgaria",1998,-25291.475,802.2185,261.7919,3566.3819,2567041,5570523,3973469,4261458,-12094.6789,0.46025
"Bulgaria",1999,-25291.475,724.4174,270.5886,3599.8035,2526806,5540077,3934863,4227439,-11933.2959,1.15258333333333
"Bulgaria",2000,-25291.475,662.0717,265.366,4365.9939,2487423,5510364,3901686,4196006,-10995.9474,1.20541666666667
"Bulgaria",2001,-28218.3917,714.0144,315.1505,3822.1284,2445343,5485203,3870287,4164573,-13309.6419,1.069
"Bulgaria",2002,-28218.3917,647.8273,319.0605,3664.2966,2397299,5468787,3841273,4133537,-13478.3641,1.08783333333333
"Bulgaria",2003,-28218.3917,767.2119,381.304,3875.6508,2350579,5453302,3814320,4103420,-12800.5915,0.342833333333333
"Bulgaria",2004,-28218.3917,740.0658,415.0723,4227.2127,2304921,5438343,3789758,4075559,-12067.3208,0.677333333333333
"Bulgaria",2005,-28218.3917,732.8148,460.8045,4834.2261,2260279,5423484,3766657,4048564,-11200.4565,0.172666666666667
"Bulgaria",2006,-28218.3917,749.62,513.2306,4348.78,2216404,5408555,3744586,4021450,-11664.2136,0.570166666666667
"Bulgaria",2007,-28218.3917,888.6053,592.6539,4922.2011,2173353,5393596,3724242,3994793,-10691.7852,1.69641666666667
"Bulgaria",2008,-28218.3917,889.6312,602.5064,4849.9898,2131248,5379083,3705758,3969155,-11591.7267,1.41358333333333
"Bulgaria",2009,-28218.3917,864.791,576.7134,3407.4912,2090439,5365591,3689341,3945394,-13496.1187,1.29858333333333
"Bulgaria",2010,-28218.3917,901.2866,617.8516,3503.6139,2050944,5353646,3671633,3920640,-13423.7761,1.27108333333333
"Bulgaria",2011,-13293.126,1016.8662,720.2168,3845.5493,2012821,5343392,3650233,3892898,-1306.9612,0.483416666666667
"Bulgaria",2012,-13293.126,918.2845,632.4669,3772.8037,1975613,5334770,3625789,3862555,-1753.5017,1.47041666666667
"Bulgaria",2013,-13293.126,834.6286,583.7587,5158.8765,1939116,5327025,3599593,3831575,-634.606799999999,1.52541666666667
"Bulgaria",2014,-13293.126,807.5879,574.5093,5539.0641,1902938,5319207,3571959,3800183,-172.7991,1.34541666666667
"Bulgaria",2015,-13293.126,932.692,613.0266,6220.5345,1866828,5310568,3542454,3766800,730.743899999998,1.49683333333333
"Bulgaria",2016,-38226.474,900.9782,626.0919,6875.5644,1830702,5300792,3512414,3733561,-20314.4588,1.57875
"Bulgaria",2017,-38226.474,989.4087,649.3343,8255.5574,1794614,5289957,3481952,3700476,-18670.4818,1.35383333333333
"Bulgaria",2018,-38226.474,853.0101,593.7271,9733.3467,1758643,5278205,3451291,3666139,-17338.2292,1.91741666666667
"Bulgaria",2019,-38226.474,817.3202,642.2073,10143.1161,1722907,5265832,3420914,3631617,-16771.2806,2.36308333333333
"Bulgaria",2020,-38226.474,850.3061,570.9577,4700.0974,1687490,5253037,3385278,3593896,-22452.2934,2.111
"Burkina Faso",1990,4535.52,6.9971,109.7104,42.5257,7593826,1217208,4490875,4640485,20224.0939112986,0.708833333333333
"Burkina Faso",1991,4535.52,8.2527,113.2115,44.1264,7776741,1273343,4604319,4760745,20449.2321112986,0.360166666666667
"Burkina Faso",1992,4535.52,9.5471,116.4965,44.927,7964873,1332240,4716845,4881710,20650.3154112986,0.0658333333333333
"Burkina Faso",1993,4535.52,9.7508,64.3247,46.3278,8158529,1393947,4833999,5006076,20737.2230112986,0.737083333333333
"Burkina Faso",1994,4535.52,10.6065,71.7251,47.6286,8357864,1458724,4956441,5134815,20925.5991112986,0.203833333333333
"Burkina Faso",1995,4535.52,10.403,79.5943,61.1294,8563170,1526708,5084665,5268597,21199.4157112986,0.595083333333333
"Burkina Faso",1996,4535.52,11.868,90.1402,62.5302,8774635,1598110,5215501,5405710,22279.3902112986,0.8725
"Burkina Faso",1997,4535.52,14.6447,100.9096,68.531,8972419,1693127,5350815,5546538,22558.8493112986,0.60025
"Burkina Faso",1998,4535.52,17.0539,44.1981,69.7321,9157749,1810975,5503193,5697870,23540.0692112986,1.03216666666667
"Burkina Faso",1999,4535.52,18.0544,56.1227,128.0329,9345887,1936814,5672628,5860926,23264.7834112986,0.444166666666667
"Burkina Faso",2000,4535.52,22.2027,101.2214,96.9339,9536675,2071267,5850935,6031953,24327.4951112986,0.551583333333333
"Burkina Faso",2001,9132.7867,22.8439,139.7183,78.6347,9730105,2214482,6038895,6210869,25730.1927112986,0.645916666666667
"Burkina Faso",2002,9132.7867,24.3148,173.5243,72.5358,9925754,2367346,6235842,6396427,26264.2747762468,0.956333333333333
"Burkina Faso",2003,9132.7867,28.8663,209.2452,73.0368,10124154,2530467,6441322,6589269,27405.799445167,0.93575
"Burkina Faso",2004,9132.7867,34.1604,249.4544,76.5379,10325765,2704804,6655617,6790360,27880.2791028142,1.0525
"Burkina Faso",2005,9132.7867,36.0613,300.468,78.1392,10531202,2890728,6876721,6999405,28347.8094015218,1.38216666666667
"Burkina Faso",2006,9132.7867,46.652,315.176,80.0403,10739810,3089367,7101155,7215087,27909.4440267087,0.99475
"Burkina Faso",2007,9132.7867,53.9351,318.6036,122.0416,10974579,3277442,7323354,7433720,28198.0317758986,0.928333333333333
"Burkina Faso",2008,9132.7867,62.3885,141.3696,381.5123,11232644,3457082,7542832,7655083,28580.4756780172,0.34025
"Burkina Faso",2009,9132.7867,66.806,167.5298,446.7792,11495301,3645798,7767361,7882660,29053.8994641209,0.979666666666667
"Burkina Faso",2010,9132.7867,77.0958,199.9713,493.7072,11761192,3844025,7999494,8117350,29788.7696641209,1.15775
"Burkina Faso",2011,-638.2933,89.7233,238.7331,530.6634,12029972,4051932,8241604,8361047,19405.7242718442,0.920916666666667
"Burkina Faso",2012,-638.2933,111.0248,276.1168,600.5067,12301228,4269988,8498100,8615632,19289.3970718442,0.59975
"Burkina Faso",2013,-638.2933,131.587,321.5149,624.2372,12574710,4498013,8760692,8875716,19776.8465352158,0.802416666666667
"Burkina Faso",2014,-638.2933,146.5059,374.1353,607.6568,12849371,4736606,9028931,9140912,19932.2564352158,0.91475
"Burkina Faso",2015,-638.2933,167.1463,435.9736,1026.1332,13124769,4985855,9305419,9412600,20403.098386535,0.97925
"Burkina Faso",2016,17596.48,188.5656,487.6396,1211.2706,13400521,5245912,9587217,9688281,39637.9199788117,1.32041666666667
"Burkina Faso",2017,17596.48,208.4906,552.0653,1340.2667,13676652,5516730,9870655,9965204,39916.0304181538,1.123
"Burkina Faso",2018,17596.48,234.0046,566.9229,1425.8446,13952881,5798770,10150983,10241740,40035.1382965962,1.11858333333333
"Burkina Faso",2019,17596.48,261.4055,613.852,1562.4897,14229173,6092387,10431262,10520378,40581.4753965962,1.11616666666667
"Burkina Faso",2020,17596.48,298.6782,658.8551,1610.1637,14505434,6397911,10718602,10804024,41089.6658497909,1.16775
"Burundi",1990,-1.4222,1.0252,36.4937,17.9158,5075806,339609,2696792,2787001,12715.0607536597,0.294454545454545
"Burundi",1991,-1.4222,1.9272,37.4757,18.6162,5184309,357739,2752155,2842673,12764.7226536597,-0.0958333333333333
"Burundi",1992,-1.4222,2.5589,38.3447,18.6165,5285413,375726,2826558,2916527,12799.7039990597,0.0094
"Burundi",1993,-1.4222,2.7713,20.8637,20.7168,5377609,393789,2731724,2823497,12804.8353990597,0.039
"Burundi",1994,-1.4222,2.7646,22.1356,20.9171,5459750,411857,2746542,2839867,12786.0134990597,0.03375
"Burundi",1995,-1.4222,2.6633,23.5887,19.9174,5532158,429900,2919889,3012894,13161.826372953,0.558666666666667
"Burundi",1996,-1.4222,2.4415,25.3872,20.1176,5593335,447777,2918157,3012349,13113.5624957919,0.620166666666667
"Burundi",1997,-1.4222,2.3396,27.2049,20.2178,5646459,465638,2914369,3009493,13165.9974957918,1.0248
"Burundi",1998,-1.4222,2.3556,8.6213,20.418,5701961,484391,2969875,3065465,13039.9574990597,0.625555555555556
"Burundi",1999,-1.4222,2.5999,11.4267,20.7183,5774394,504546,3042158,3138022,13146.5620990597,-0.9724
"Burundi",2000,-1.4222,4.7655,21.7999,20.9187,5872887,527819,3105481,3202178,13279.2100957919,0.683
"Burundi",2001,0,6.0711,30.3718,21.2191,6001113,554716,3183686,3282043,9852.2477051523,0.4201
"Burundi",2002,0,6.3249,38.3891,21.8197,6156269,585300,3274704,3374234,10005.3609106577,0.953545454545455
"Burundi",2003,0,4.8672,47.0706,22.2203,6333751,619362,3380524,3480322,9926.2110281523,0.995416666666667
"Burundi",2004,0,5.7481,56.5974,23.2209,6526045,656406,3510499,3609997,10204.9480478681,1.13791666666667
"Burundi",2005,0,5.5546,68.6412,23.9217,6727349,695940,3644928,3743946,10139.7277423628,0.858524288532433
"Burundi",2006,0,4.3087,71.4222,24.8224,6937204,738134,3779881,3878308,6092.61101997253,0.860515788771675
"Burundi",2007,0,4.9906,72.1086,26.0231,7156384,783189,3923619,4020991,5619.61748780147,1.20811111111111
"Burundi",2008,0,4.3461,74.0361,26.9239,7381365,830899,4090782,4187327,5693.08968780147,1.31433333333333
"Burundi",2009,0,4.844,75.6628,27.8248,7608188,880843,4306730,4402636,5651.75931129857,0.925428571428571
"Burundi",2010,0,5.2657,74.2453,27.1255,7833959,932971,4516033,4610573,5791.99511129857,1.57725
"Burundi",2011,-4943.8212,4.8104,74.61,46.2264,8056443,987065,4681456,4774277,978.694572907504,0.511
"Burundi",2012,-4943.8212,4.7878,76.169,63.1273,8276416,1043294,4852194,4943284,1043.2145729075,0.9735
"Burundi",2013,-4943.8212,5.4869,78.3816,80.9281,8497927,1102259,5030076,5119502,1237.2330729075,1.29316666666667
"Burundi",2014,-4943.8212,4.2824,85.9836,68.2289,8726909,1164881,5203501,5291412,1207.0608729075,1.06763548077079
"Burundi",2015,-4943.8212,3.799,95.8007,81.5297,8967359,1231911,5319770,5407378,1250.1358729075,1.25822902043768
"Burundi",2016,0,4.0767,110.6707,84.8307,9220356,1303761,5407865,5495462,6334.99741129857,1.26615407327342
"Burundi",2017,0,4.246,124.8951,66.7318,9483827,1380418,5534391,5621203,6500.03491129857,1.26692272442969
"Burundi",2018,0,4.9081,142.5644,92.3326,9754746,1461704,5703611,5789861,6601.38741129856,1.26615407327342
"Burundi",2019,0,5.2933,158.1523,81.6331,10028767,1547197,5894278,5980560,6504.06301129857,1.27981360545879
"Burundi",2020,0,5.9729,173.9795,83.8339,10302641,1636586,6066599,6153627,6469.54651129856,1.27981360545879
"Cabo Verde",1990,-510.4909,10.888,4.3023,1.121,191044,150839,174630,189934,1408.63709903013,1.3655
"Cabo Verde",1991,-510.4909,11.0955,4.5034,1.191,192309,157625,178805,193917,1413.20529903013,0.599666666666667
"Cabo Verde",1992,-510.4909,11.1934,4.6899,1.181,194006,165084,183516,198431,1848.57825944538,0.778
"Cabo Verde",1993,-510.4909,11.2719,2.7476,1.2111,195940,173074,188520,203229,1840.34605944538,0.511333333333333
"Cabo Verde",1994,-510.4909,11.3438,3.0471,1.2511,197791,181365,193566,208089,1412.60199903013,0.552166666666667
"Cabo Verde",1995,-510.4909,13.8755,3.3842,1.2711,199358,189769,198511,212870,1853.10945944538,1.5155
"Cabo Verde",1996,-510.4909,16.3369,3.7487,1.3212,200568,198205,203394,217613,1419.14519903013,1.5605
"Cabo Verde",1997,-510.4909,19.0394,4.3252,1.3412,201486,206689,208271,222382,1844.50785944538,1.62966666666667
"Cabo Verde",1998,-510.4909,21.8211,2.4131,1.3612,202102,215221,213102,227112,1859.11895944538,1.80466666666667
"Cabo Verde",1999,-510.4909,24.2902,3.1677,1.4212,202463,223822,217865,231762,1876.65335944538,0.791333333333333
"Cabo Verde",2000,-510.4909,27.1747,5.3959,1.7113,202594,232485,222518,235732,1879.02185944538,0.998636363636364
"Cabo Verde",2001,-62.92,30.7921,7.4028,1.8213,202818,240898,227001,238957,2293.67217313991,1.43966666666667
"Cabo Verde",2002,-62.92,30.5607,8.8994,1.9513,202789,249317,231264,241967,2297.27957313991,1.48645454545455
"Cabo Verde",2003,-62.92,30.5463,10.7982,1.4513,202478,257669,235308,244781,2201.32723108716,1.57133333333333
"Cabo Verde",2004,-62.92,31.5585,12.8031,2.0914,201814,265850,239155,247428,1897.55141272466,1.53216666666667
"Cabo Verde",2005,-62.92,33.3637,15.0692,2.3414,200793,273774,242873,249955,1907.86011272466,1.24383333333333
"Cabo Verde",2006,-62.92,35.5168,15.6827,2.4414,199391,281404,246494,252389,1918.56931272466,1.30966666666667
"Cabo Verde",2007,-62.92,30.8329,17.3946,2.8314,197671,288767,249996,254737,1909.85071272466,0.758
"Cabo Verde",2008,-62.92,19.327,17.8486,2.5414,195736,295987,253369,256967,1888.24581272466,1.27716666666667
"Cabo Verde",2009,-62.92,18.7873,18.4979,2.7014,193735,303228,256599,259039,1894.61041272466,0.646571428571429
"Cabo Verde",2010,-62.92,19.3771,18.5121,2.9015,191807,310577,259594,261618,1896.46401272466,0.819084410361513
"Cabo Verde",2011,-62.92,19.5779,18.4397,3.4515,191430,316637,262614,264908,1594.15556726254,1.39911111111111
"Cabo Verde",2012,-62.92,19.7914,18.5587,3.2315,191091,322888,265726,268138,1592.09016726254,1.227
"Cabo Verde",2013,-62.92,21.109,18.654,3.6215,190793,329313,268717,271223,1896.79241272466,1.37525
"Cabo Verde",2014,-62.92,22.1085,21.0643,3.6215,190519,335918,271704,274372,1900.54831272466,1.07216666666667
"Cabo Verde",2015,-62.92,22.8405,21.9638,3.2816,190250,342663,274677,277489,1903.23801272466,1.14183333333333
"Cabo Verde",2016,-62.92,24.0818,24.8166,3.2516,190010,349550,277736,280659,1908.45021272466,1.69375
"Cabo Verde",2017,-62.92,23.6308,26.6582,3.2716,189808,356580,280983,283971,1493.32186329866,1.99525
"Cabo Verde",2018,-62.92,26.0509,29.3764,3.2816,189620,363715,284085,287116,1502.58186329866,0.896083333333333
"Cabo Verde",2019,-62.92,25.756,31.158,3.7116,189426,370923,286974,290056,1504.83436329866,1.5903
"Cabo Verde",2020,-62.92,22.9215,32.4685,3.8016,189200,378148,289745,292895,1498.57966329866,1.28308969337543
"Cambodia",1990,-607.7215,19.8852,510.7224,19.919,7578325,1395017,4249932,4660876,25344.5073546694,0.735833333333333
"Cambodia",1991,-607.7215,23.0306,528.8573,20.6197,7811547,1475429,4435706,4823655,24906.9091514952,0.612833333333333
"Cambodia",1992,-607.7215,24.6033,548.0197,21.3204,8059507,1561997,4693520,5024695,25084.879536591,0.536416666666667
"Cambodia",1993,-607.7215,28.0629,298.7269,21.9211,8314846,1653429,4994432,5249118,25879.6569822125,0.370916666666667
"Cambodia",1994,-607.7215,32.1518,311.0129,22.6219,8567333,1748043,5208877,5427475,24636.5882822125,0.608833333333333
"Cambodia",1995,-607.7215,26.8049,326.6386,26.7226,8809296,1844262,5353490,5566038,26844.2349688202,0.619
"Cambodia",1996,-607.7215,42.8405,341.246,27.9233,9038612,1941661,5487409,5695203,20236.9546888862,0.336
"Cambodia",1997,-607.7215,54.9034,355.087,28.524,9255807,2040073,5614524,5817046,22327.5385796007,0.581666666666667
"Cambodia",1998,-607.7215,80.5036,35.0684,27.2246,9468960,2128779,5730750,5938327,27229.5770029788,1.27633333333333
"Cambodia",1999,-607.7215,77.9869,31.5599,30.1252,9688680,2194956,5843626,6055381,25598.0747734777,0.2805
"Cambodia",2000,-607.7215,107.7779,57.0345,32.5258,9893668,2258686,5956510,6162331,23199.3028157111,0.49875
"Cambodia",2001,-1017.5888,118.0628,80.0576,28.8263,10082881,2319592,6069095,6269097,25431.0855958675,0.524083333333333
"Cambodia",2002,-1017.5888,129.9518,101.3265,30.5268,10256921,2377808,6183561,6378217,29073.2051952639,0.953916666666667
"Cambodia",2003,-1017.5888,135.4922,124.2369,32.8273,10419109,2434015,6299051,6488659,31971.3456863557,0.539833333333333
"Cambodia",2004,-1017.5888,169.9453,149.7172,34.0278,10574098,2489279,6416257,6600114,33358.0298248145,0.630666666666667
"Cambodia",2005,-1017.5888,206.7107,179.5481,35.1281,10725787,2544414,6534657,6711926,28647.0766524584,0.766333333333333
"Cambodia",2006,-1017.5888,240.6428,190.4514,36.3286,10874842,2599647,6653611,6824167,33941.7533524584,0.8395
"Cambodia",2007,-1017.5888,317.0493,197.3314,88.8289,11021653,2655040,6775426,6939365,34322.8572631758,0.639666666666667
"Cambodia",2008,-1017.5888,354.8738,210.5295,410.0294,11163903,2716606,6893678,7050210,33916.2455365226,0.314833333333333
"Cambodia",2009,-1017.5888,424.6771,217.223,386.0299,11282037,2808171,7001368,7154373,35417.660956282,0.550833333333333
"Cambodia",2010,-1017.5888,307.6166,263.7841,408.0302,11404934,2903806,7104881,7258651,32232.245043444,1.19891666666667
"Cambodia",2011,-14521.9722,295.5359,282.9622,469.0307,11533945,3003941,7209608,7364277,97560.85001122,0.396416666666667
"Cambodia",2012,-14521.9722,271.7357,271.3663,526.0313,11668224,3108642,7315560,7471081,94661.3242181987,1.00541666666667
"Cambodia",2013,-14521.9722,200.7057,258.1841,547.0318,11805508,3217184,7421511,7578172,94356.9170892969,0.76225
"Cambodia",2014,-14521.9722,265.433,298.6193,550.0323,11941876,3328914,7526346,7684470,93855.9816761236,0.75375
"Cambodia",2015,-14521.9722,334.0942,391.9576,720.0329,12074599,3443036,7629132,7788391,95794.3980810091,1.20941666666667
"Cambodia",2016,-2224.4618,486.3243,465.4197,1480.0334,12202907,3559463,7731897,7892686,60075.7729900637,1.38808333333333
"Cambodia",2017,-2224.4618,486.697,491.3013,2350.0339,12327338,3678035,7834347,7996341,61906.9372632155,1.02891666666667
"Cambodia",2018,-2224.4618,829.4389,492.022,3370.0345,12446208,3799521,7930999,8094239,61251.90497892,0.932083333333333
"Cambodia",2019,-2224.4618,1112.3236,619.8169,5380.0347,12558947,3923699,8021264,8186482,64500.3065524411,1.44875
"Cambodia",2020,-2224.4618,1236.7263,646.8672,5380.0352,12665049,4050459,8115527,8281334,65038.4151173397,1.40475
"Cameroon",1990,-169.917,35.9205,270.6189,1535.2467,7069277,4645941,5656408,5774111,64887.0185112986,0.895416666666667
"Cameroon",1991,-169.917,33.8977,280.5179,1450.3776,7208065,4852664,5830693,5947026,65010.7426851918,0.246
"Cameroon",1992,-169.917,35.9703,289.5251,1433.9318,7344014,5064917,6006615,6121989,64812.6757112986,-0.12775
"Cameroon",1993,-169.917,35.9304,160.7083,1465.2268,7476814,5282067,6186192,6300581,64945.3157851918,0.345
"Cameroon",1994,-169.917,38.2977,176.496,1325.4027,7605596,5504064,6367688,6481175,64638.3400112986,0.212083333333333
"Cameroon",1995,-169.917,38.288,195.1163,1196.1773,7730283,5730711,6549266,6662381,64562.6031112986,0.3325
"Cameroon",1996,-169.917,40.3618,218.8043,1158.7378,7850517,5961955,6731150,6844174,65437.6495112986,0.334333333333333
"Cameroon",1997,-169.917,50.8973,244.3319,1370.2022,7967381,6198042,6914047,7027135,65560.5826168671,0.5525
"Cameroon",1998,-169.917,43.0226,105.964,1198.3836,8082587,6440983,7100689,7213909,70880.8455168672,1.08941666666667
"Cameroon",1999,-169.917,36.478,145.9589,1257.4411,8198900,6692991,7292705,7406268,68115.2464168672,0.543166666666667
"Cameroon",2000,-169.917,65.5979,275.9063,1174.1538,8318116,6956118,7488888,7602707,68330.7195568567,0.333666666666667
"Cameroon",2001,-1132.78,59.7738,383.9015,1109.0076,8441086,7230841,7689826,7803427,53159.0350568567,0.26
"Cameroon",2002,-1132.78,75.5722,331.663,945.9068,8567125,7517761,7900648,8013386,53545.6469168672,0.742583333333333
"Cameroon",2003,-1132.78,86.622,381.7778,1022.3829,8696474,7817348,8121554,8232772,58409.3058168672,0.717833333333333
"Cameroon",2004,-1132.78,90.7676,426.0053,1106.0284,8828900,8130181,8349841,8459566,53708.2581168672,0.7935
"Cameroon",2005,-1132.78,93.9504,447.0791,1120.4366,8964620,8456175,8583601,8691569,58110.3810168672,1.06558333333333
"Cameroon",2006,-1132.78,92.4932,445.0171,1108.7486,9103242,8796320,8822729,8928603,53701.0851168672,0.8805
"Cameroon",2007,-1132.78,113.5087,448.8321,1175.8912,9244465,9150924,9073988,9177878,53493.4000168672,0.712416666666667
"Cameroon",2008,-1132.78,123.7323,472.5261,1147.2714,9387386,9519622,9337569,9439512,54775.3357168672,0.639416666666667
"Cameroon",2009,-1132.78,130.0785,389.9778,1066.0128,9530836,9901705,9609692,9709582,53174.7808168672,1.07525
"Cameroon",2010,-1132.78,145.7135,407.7279,1057.5624,9673887,10296608,9890121,9987915,54289.3411168672,1.13008333333333
"Cameroon",2011,-1132.78,159.6656,318.4212,1024.1908,9816164,10704283,10176648,10272225,45694.9771168672,0.576833333333333
"Cameroon",2012,-1132.78,168.4287,293.9451,1028.0115,9957503,11124880,10469879,10562805,45064.1820168672,0.46825
"Cameroon",2013,-1132.78,191.1995,280.4963,1179.804,10097480,11558235,10771471,10861379,45815.4617168672,0.777083333333333
"Cameroon",2014,-1132.78,187.1992,263.0225,1082.5967,10235717,12004187,11106213,11193372,44784.6063168672,0.8765
"Cameroon",2015,-1132.78,198.4296,222.5236,1157.3892,10371907,12462615,11463852,11548794,44954.8009168672,1.078
"Cameroon",2016,-1132.78,199.1732,198.7199,1368.1819,10505784,12933405,11814923,11896708,46438.9209168672,1.33175
"Cameroon",2017,-1132.78,224.4589,174.5325,1470.0029,10637190,13416537,12157838,12235344,46217.0369168672,1.1645
"Cameroon",2018,-1132.78,248.9395,153.174,1542.7953,10766102,13912132,12501234,12575513,45852.7516168672,1.1345
"Cameroon",2019,-1132.78,245.7096,126.6458,1595.5875,10892584,14420409,12855489,12926852,47272.2766168672,1.413
"Cameroon",2020,-1132.78,254.715,103.1597,1578.0885,11016661,14941523,13210626,13280460,48525.3237168672,1.363
"Canada",1990,-67909.0539,8809.8536,2754.6905,49517.4751,6485207,21207473,13710916,13946288,208955.122033792,-0.0121666666666667
"Canada",1991,-67909.0539,8614.68,2793.2524,48547.6297,6556875,21487731,13888241,14127520,207579.704033792,0.556833333333333
"Canada",1992,-67909.0539,9070.8509,2892.6871,47968.546,6560417,21823933,14046660,14300980,208544.758433792,0.0295833333333333
"Canada",1993,-67909.0539,8627.7901,2885.7278,49283.5606,6560045,22151258,14197751,14470416,209307.532533792,0.5155
"Canada",1994,-67909.0539,8703.4368,2905.5205,52262.7297,6555733,22470455,14347961,14633228,212940.929289318,0.536583333333333
"Canada",1995,-67909.0539,8798.1277,3045.1127,53844.1297,6547941,22782132,14496136,14793287,214137.592272691,0.671
"Canada",1996,-67909.0539,9125.8747,3136.4542,54891.6997,6531267,23090865,14645734,14948115,221801.035172691,0.0270833333333333
"Canada",1997,-67909.0539,9398.8618,3395.8734,54414.4015,6477047,23426103,14790843,15091909,220321.263972691,0.7035
"Canada",1998,-67909.0539,9539.215,3655.0092,48104.5225,6420704,23757430,14920514,15224298,226517.039972691,2.33516666666667
"Canada",1999,-67909.0539,9626.4676,3808.4845,49928.428,6363929,24089955,15047129,15352648,222361.135172691,1.76858333333333
"Canada",2000,-67909.0539,10358.7901,4385.8515,52033.2362,6307700,24428073,15192362,15490951,224031.296072691,0.928916666666667
"Canada",2001,171121.076,10464.1398,4635.3477,49415.9607,6263924,24760808,15357082,15645681,454230.189772692,1.83091666666667
"Canada",2002,171121.076,9989.7592,4960.7171,51553.6453,6299155,25021734,15519436,15802961,457241.118572691,0.599666666666667
"Canada",2003,171121.076,10522.5519,5441.9966,52932.5326,6336148,25291658,15667865,15951585,462252.008172691,1.13625
"Canada",2004,171121.076,9999.5822,5493.531,54414.5717,6375632,25573785,15813901,16097767,464704.647292787,0.0985
"Canada",2005,171121.076,9368.2028,5166.4856,55836.0982,6418127,25869853,15966838,16249077,465774.054172691,1.66833333333333
"Canada",2006,171121.076,9197.1713,5121.4565,57423.4455,6459512,26185971,16124651,16407215,467386.939172691,2.45916666666667
"Canada",2007,171121.076,9892.3023,5436.0802,57724.331,6473183,26546749,16287509,16574949,472336.831461814,0.917166666666667
"Canada",2008,171121.076,9389.2624,5451.6586,57504.3456,6487802,26916746,16462958,16755583,469380.065861813,0.68175
"Canada",2009,171121.076,8812.6706,5394.4212,55595.0584,6501752,27288079,16648883,16945034,462281.352172691,0.866833333333333
"Canada",2010,171121.076,8613.6278,5314.6653,60001.1176,6513437,27655231,16832073,17131339,472263.486234796,3.08033333333333
"Canada",2011,22975.7406,8541.9364,5513.6488,61296.9749,6529238,28009384,17013086,17310446,309255.109918755,1.44133333333333
"Canada",2012,22975.7406,8029.4107,5403.4168,64349.5877,6583389,28317316,17202163,17489715,311681.726718755,1.90991666666667
"Canada",2013,22975.7406,8149.5703,5560.6582,66379.1932,6635934,28619561,17393361,17670329,328047.980418755,0.853666666666667
"Canada",2014,22975.7406,8298.4741,5939.0246,66477.4396,6687150,28917578,17565866,17838742,327946.219718755,0.736583333333333
"Canada",2015,22975.7406,7894.9711,5918.9304,67478.8114,6737308,29212401,17728892,18003234,329315.103406755,1.29858333333333
"Canada",2016,-80719.7361,7481.1816,6081.0822,67597.6332,6786280,29503542,17919272,18194260,232029.112050292,2.12458333333333
"Canada",2017,-80719.7361,7684.242,6882.3552,66335.6586,6830253,29793946,18142843,18411504,234261.451863992,1.58766666666667
"Canada",2018,-80719.7361,7767.5072,7442.4096,69643.6115,6869269,30084496,18390730,18644524,236913.607063992,0.608083333333333
"Canada",2019,-80719.7361,7362.2943,7458.2024,69862.7688,6903530,30376281,18641142,18881443,232683.440363992,1.23341666666667
"Canada",2020,-80719.7361,7181.9268,7616.112,67410.2051,6933141,30670064,18826542,19062163,232169.710216228,1.317
"Cayman Islands",1990,0.0481,4.3822,1.7483,NA,0,25010,12781,13246,7149.06231880747,0.816666666666667
"Cayman Islands",1991,0.0481,2.9216,1.8414,NA,0,26213,13422,13919,7151.58431880747,0.837833333333333
"Cayman Islands",1992,0.0481,4.3822,1.9312,NA,0,27404,14075,14601,7153.62171880747,0.564666666666667
"Cayman Islands",1993,0.0481,4.3822,1.078,NA,0,28646,14745,15293,7152.51361880747,1.08516666666667
"Cayman Islands",1994,0.0481,4.3822,1.1904,NA,0,30055,15422,15995,7151.95671880747,1.33866666666667
"Cayman Islands",1995,0.0481,4.3822,1.5555,NA,0,31672,16100,16702,7152.14491880747,1.3633
"Cayman Islands",1996,0.0481,4.3822,1.8742,NA,0,33536,16779,17414,7152.57501880747,0.707083333333333
"Cayman Islands",1997,0.0481,4.3822,2.3042,NA,0,35597,17458,18121,7152.75671880747,1.3617
"Cayman Islands",1998,0.0481,4.3822,1.596,NA,0,37740,18127,18820,7154.45331880747,1.23609090909091
"Cayman Islands",1999,0.0481,4.3822,2.4413,NA,0,39808,18787,19509,7155.30361880747,0.679583333333333
"Cayman Islands",2000,0.0481,4.3822,3.6157,NA,0,41687,19468,20191,7177.48838617116,0.838003445379317
"Cayman Islands",2001,-2.795,4.3802,4.3275,NA,0,43316,20176,20878,7176.62368617116,0.837164942311616
"Cayman Islands",2002,-2.795,4.4487,5.0565,NA,0,44738,20890,21567,7177.57758617115,0.843064761907433
"Cayman Islands",2003,-2.795,4.3999,5.822,NA,0,46028,21605,22258,7179.25268617115,0.843064761907433
"Cayman Islands",2004,-2.795,2.8993,6.6798,NA,0,47299,22323,22964,7179.13288617116,0.843064761907433
"Cayman Islands",2005,-2.795,2.921,7.7895,NA,0,48622,23046,23681,7181.87658617116,1.05125
"Cayman Islands",2006,-2.795,2.922,8.2265,NA,0,50031,23777,24400,6512.90712228547,0.952083333333333
"Cayman Islands",2007,-2.795,2.9287,8.5144,NA,0,51483,24523,25123,6465.33903664602,0.992083333333333
"Cayman Islands",2008,-2.795,4.444,8.8953,NA,0,52926,25274,25849,6471.57983664602,0.85375
"Cayman Islands",2009,-2.795,3.0247,9.2293,NA,0,54279,26033,26569,6537.37692228547,0.92875
"Cayman Islands",2010,-2.795,2.8569,9.2044,NA,0,55507,26797,27277,6536.98232228547,0.720416666666667
"Cayman Islands",2011,-1.7112,5.9019,9.4427,NA,0,56579,27569,27924,6541.07002228547,0.83875
"Cayman Islands",2012,-1.7112,4.4436,9.9216,NA,0,57523,28348,28512,6537.93592228547,0.78125
"Cayman Islands",2013,-1.7112,5.9559,10.3733,NA,0,58371,29112,29100,6541.82532228547,0.929583333333333
"Cayman Islands",2014,-1.7112,4.5247,11.3355,NA,0,59172,29853,29706,6542.09612228547,1.05458333333333
"Cayman Islands",2015,-1.7112,6.0589,12.3396,NA,0,59963,30572,30339,6544.91902228547,1.42125
"Cayman Islands",2016,-3.7005,7.6,13.9259,NA,0,60765,31270,30984,6545.16122228547,1.29041666666667
"Cayman Islands",2017,-3.7005,7.7078,15.8303,NA,0,61559,31954,31627,6550.10412228547,1.19958333333333
"Cayman Islands",2018,-3.7005,6.1846,17.7273,NA,0,62348,32627,32258,6489.32773664602,0.92375
"Cayman Islands",2019,-3.7005,12.5453,19.5737,NA,0,63129,33285,32849,6500.95303664602,1.16208333333333
"Cayman Islands",2020,-3.7005,6.2054,21.5157,NA,0,63890,33941,33370,6494.25693664602,1.25708333333333
"Central African Republic",1990,0,2.3214,64.3916,15.1086,1857210,1082570,1423331,1385890,70266.7734919812,0.7575
"Central African Republic",1991,0,2.6533,66.2761,15.6088,1902050,1112574,1467094,1430958,70390.7879919812,0.201
"Central African Republic",1992,0,2.2854,68.2092,15.809,1950757,1145050,1513359,1478369,70412.7500919812,-0.3965
"Central African Republic",1993,0,2.2846,37.5031,16.3093,2002000,1179222,1561544,1527601,70404.1267919812,0.424083333333333
"Central African Republic",1994,0,2.2905,40.1091,16.7095,2053748,1213922,1610316,1577528,70451.4390919812,0.411
"Central African Republic",1995,0,2.3093,43.0832,17.1098,2104505,1248262,1653665,1623042,70504.3980919812,0.230583333333333
"Central African Republic",1996,0,2.4388,46.7053,17.51,2153836,1281985,1695846,1667724,35366.7970112986,0.0620833333333333
"Central African Republic",1997,0,2.6581,50.4096,17.9103,2202057,1315252,1742332,1716139,41587.3179112986,0.6056
"Central African Republic",1998,0,2.6581,14.7974,18.2105,2249256,1348129,1789772,1765292,49272.5452112986,1.154
"Central African Republic",1999,0,3.595,19.2895,18.6107,2295727,1380781,1839287,1816073,44267.4385112986,0.48325
"Central African Republic",2000,0,4.3059,36.7096,18.9109,2341659,1413327,1890780,1868390,44415.2521112985,0.666916666666667
"Central African Republic",2001,0,4.4966,51.1372,19.3112,2386683,1445520,1932553,1912220,73279.8463112986,0.466333333333333
"Central African Republic",2002,0,5.4184,64.6182,19.6114,2430450,1477162,1974502,1956147,65957.2433112986,0.630333333333333
"Central African Republic",2003,0,5.6782,79.1892,19.3116,2473248,1508417,2022398,2004444,93785.7700112986,0.941583333333333
"Central African Republic",2004,0,6.6796,95.2172,20.0118,2515494,1539542,2066395,2048743,69773.2229112986,0.943666666666667
"Central African Republic",2005,0,7.626,115.5019,20.212,2556449,1571461,2113131,2095704,84283.1067112986,1.07683333333333
"Central African Republic",2006,0,7.8334,120.4139,20.5122,2596960,1604798,2155709,2138644,81262.1520112986,0.772416666666667
"Central African Republic",2007,0,8.8959,121.6246,20.8125,2636499,1639301,2196084,2179485,86293.0788112986,0.654166666666667
"Central African Republic",2008,0,9.2453,124.8419,20.9127,2672155,1673231,2241689,2225544,83956.2617112986,0.709583333333333
"Central African Republic",2009,0,12.0391,127.8957,21.1128,2700048,1704182,2290077,2274463,63482.3517112986,1.0685
"Central African Republic",2010,0,12.434,125.5472,21.213,2717873,1730652,2337512,2322555,78933.0898112986,1.16625
"Central African Republic",2011,0,9.1719,125.7878,21.313,2724400,1751753,2373193,2358829,83005.2757112986,0.57625
"Central African Republic",2012,0,10.6996,128.6267,21.4131,2721724,1768692,2393552,2379753,75267.7987112986,0.686666666666667
"Central African Republic",2013,0,9.6215,132.3238,21.7131,2714965,1784688,2407515,2394914,70117.2600112986,0.856916666666667
"Central African Republic",2014,0,9.6227,145.068,21.6132,2711077,1804315,2404501,2394233,65249.305369868,0.671416666666667
"Central African Republic",2015,0,9.8929,161.6625,21.5132,2715046,1831054,2413818,2405515,70071.1845624812,0.902583333333333
"Central African Republic",2016,0,9.166,186.4939,21.5134,2728393,1866228,2455675,2448502,85277.5317624812,1.40383333333333
"Central African Republic",2017,0,9.7068,210.5075,21.5136,2749797,1909283,2501138,2495603,75358.3618624812,1.23241666666667
"Central African Republic",2018,0,9.6272,240.1484,21.5138,2777836,1959587,2549256,2545524,74372.0431624812,1.07658333333333
"Central African Republic",2019,0,9.7243,266.4,22.0139,2810003,2015708,2605852,2603472,72171.0888624811,1.24258333333333
"Central African Republic",2020,0,9.8249,292.9632,22.114,2844355,2076534,2672080,2670940,70589.8534624812,1.21391666666667
"Chad",1990,-37.2057,32.6825,137.2091,25.9174,4717152,1239707,2876884,2950185,20886.9774112986,0.5655
"Chad",1991,-37.2057,34.4601,141.9571,26.8179,4857179,1292902,2984198,3058231,23049.8292112986,0.411666666666667
"Chad",1992,-37.2057,34.0556,146.6646,27.3185,5000829,1348260,3115664,3187263,23390.9649112986,-0.2335
"Chad",1993,-37.2057,34.1709,80.7129,27.9191,5152212,1403391,3189990,3258291,23571.7738112986,0.409166666666667
"Chad",1994,-37.2057,36.606,85.3915,28.8197,5320179,1451954,3264389,3328610,23963.7302112986,0.206416666666667
"Chad",1995,-37.2057,36.7788,90.7208,29.6204,5497472,1503250,3414569,3474287,24329.1148112986,0.309
"Chad",1996,-37.2057,39.3273,97.0915,30.5211,5683890,1557244,3572593,3627698,26841.2756112986,0.552666666666667
"Chad",1997,-37.2057,39.1207,103.904,31.5218,5879339,1613912,3700196,3750678,27705.2309112986,0.526916666666667
"Chad",1998,-37.2057,39.6027,22.2209,32.4226,6085510,1673748,3831691,3877423,31879.6640112986,0.928
"Chad",1999,-37.2057,42.6102,26.579,33.5235,6304503,1737343,3970550,4011340,32394.3683112986,0.433333333333333
"Chad",2000,-37.2057,43.125,49.9417,34.7243,6537507,1805052,4111592,4147546,31268.8475596282,0.214
"Chad",2001,2.471,45.458,69.2446,35.9253,6785780,1877232,4253942,4284862,33607.7693267087,0.437916666666667
"Chad",2002,2.471,48.7583,87.5306,37.2262,7048105,1953584,4406601,4431767,35498.5082523112,0.714583333333333
"Chad",2003,2.471,54.2986,107.2718,38.2273,7320248,2032953,4588681,4607685,37306.4276641209,0.868333333333333
"Chad",2004,2.471,56.4141,128.6318,39.9284,7596322,2113721,4800259,4813244,37795.0898641209,0.885
"Chad",2005,2.471,57.9812,155.9256,41.1294,7872263,2194746,4999038,5005974,37890.5371641209,1.2545
"Chad",2006,2.471,56.878,161.9413,42.4305,8146101,2275496,5182293,5183320,39184.4671515087,1.101
"Chad",2007,2.471,57.5244,163.5433,43.7315,8419328,2356380,5363575,5359155,41158.1367741237,0.763333333333333
"Chad",2008,2.471,60.9733,167.9596,44.9323,8695468,2438393,5554274,5544390,39667.8134741238,0.504333333333333
"Chad",2009,2.471,83.5527,173.3105,45.1337,8979786,2523000,5755890,5740238,37949.9167741237,1.18008333333333
"Chad",2010,2.471,88.5641,170.4765,45.4347,9273802,2613400,5958154,5936573,41199.1943741238,1.143
"Chad",2011,83.402,61.1501,169.2443,46.4358,9578480,2710171,6172449,6145281,51266.6716741237,0.897666666666667
"Chad",2012,83.402,83.8991,174.1428,99.3371,9891998,2813137,6393699,6361207,53287.6914741238,0.630166666666667
"Chad",2013,83.402,84.8755,179.2903,116.0382,10211686,2921903,6627120,6589646,52147.8774741238,1.05541666666667
"Chad",2014,83.402,84.6213,196.8482,124.0395,10533696,3035742,6869575,6827550,52568.4689741237,0.909333333333333
"Chad",2015,83.402,89.4285,219.2165,131.0408,10855197,3154216,7093122,7047152,54282.2899741238,1.01708333333333
"Chad",2016,34.474,85.5913,251.9687,143.0421,11175141,3277402,7321597,7270988,55593.7338741238,1.23275
"Chad",2017,34.474,92.066,284.5588,182.0435,11494121,3405873,7570735,7515149,54361.5215793024,1.05975
"Chad",2018,34.474,111.9231,324.3462,202.0448,11812905,3540279,7831899,7772311,55972.1732843861,1.428
"Chad",2019,34.474,107.1047,359.4464,211.0456,12132857,3681488,8094822,8032044,55854.5673843861,1.294
"Chad",2020,34.474,109.5847,395.3071,211.0466,12454833,3830260,8355035,8289666,58155.7399843861,1.24208333333333
"Channel Islands",1990,NA,NA,1288.53905372732,NA,96512,44159,17117100.8687721,16875137.3913074,32143.2276835583,1.40833333333333
"Channel Islands",1991,NA,NA,1281.22807110922,NA,97311,44257,17117100.8687721,16875137.3913074,32200.8888259022,0.105833333333333
"Channel Islands",1992,NA,NA,1281.22807110922,NA,98050,44208,17117100.8687721,16875137.3913074,32135.9167009402,0.557833333333333
"Channel Islands",1993,NA,NA,1281.22807110922,NA,98701,44118,17117100.8687721,16875137.3913074,32200.8888259022,0.269916666666667
"Channel Islands",1994,NA,NA,1288.53905372732,NA,99357,44027,17117100.8687721,16875137.3913074,32189.0604661583,1.20141666666667
"Channel Islands",1995,NA,NA,1288.53905372732,NA,100081,43965,17117100.8687721,16875137.3913074,32189.0604661583,1.27683333333333
"Channel Islands",1996,NA,NA,1281.22807110922,NA,100801,44028,17117100.8687721,16875137.3913074,32246.7216085022,0.0850833333333333
"Channel Islands",1997,NA,NA,1288.53905372732,NA,101394,44321,17117100.8687721,16875137.3913074,32189.0604661583,1.20383333333333
"Channel Islands",1998,NA,NA,1281.22807110922,NA,102036,44635,17117100.8687721,16875137.3913074,32181.7494835402,0.840666666666667
"Channel Islands",1999,NA,NA,1288.53905372732,NA,102718,44969,17117100.8687721,16875137.3913074,32189.0604661583,1.39
"Channel Islands",2000,NA,NA,1281.22807110922,NA,103416,45309,17117100.8687721,16875137.3913074,32181.7494835402,1.01625
"Channel Islands",2001,NA,NA,1281.22807110922,NA,104113,45680,17117100.8687721,16875137.3913074,32181.7494835402,0.908333333333333
"Channel Islands",2002,NA,NA,1288.53905372732,NA,104790,46111,17117100.8687721,16875137.3913074,32189.0604661583,1.32516666666667
"Channel Islands",2003,NA,NA,1288.53905372732,NA,105486,46552,17117100.8687721,16875137.3913074,32189.0604661583,1.33066666666667
"Channel Islands",2004,NA,NA,1281.22807110922,NA,106176,46994,17117100.8687721,16875137.3913074,32181.7494835402,1.02183333333333
"Channel Islands",2005,NA,NA,1288.53905372732,NA,106860,47434,17117100.8687721,16875137.3913074,32189.0604661583,1.15416666666667
"Channel Islands",2006,NA,NA,1288.53905372732,NA,107537,47874,17117100.8687721,16875137.3913074,32189.0604661583,1.3195
"Channel Islands",2007,NA,NA,1288.53905372732,NA,108202,48311,17117100.8687721,16875137.3913074,32189.0604661583,1.22875
"Channel Islands",2008,NA,NA,1281.22807110922,NA,108842,48739,17117100.8687721,16875137.3913074,32181.7494835402,0.7635
"Channel Islands",2009,NA,NA,1281.22807110922,NA,109449,49154,17117100.8687721,16875137.3913074,32181.7494835402,0.785166666666667
"Channel Islands",2010,NA,NA,1281.22807110922,NA,110025,49556,17117100.8687721,16875137.3913074,32246.7216085022,-0.0366666666666667
"Channel Islands",2011,NA,NA,1288.53905372732,NA,110596,49901,17117100.8687721,16875137.3913074,32189.0604661583,1.603
"Channel Islands",2012,NA,NA,1281.22807110922,NA,111242,50116,17117100.8687721,16875137.3913074,32181.7494835402,0.769083333333333
"Channel Islands",2013,NA,NA,1281.22807110922,NA,111861,50319,17117100.8687721,16875137.3913074,32181.7494835402,0.60725
"Channel Islands",2014,NA,NA,1288.53905372732,NA,112457,50512,17117100.8687721,16875137.3913074,32189.0604661583,1.79908333333333
"Channel Islands",2015,NA,NA,1288.53905372732,NA,113055,50703,17117100.8687721,16875137.3913074,32189.0604661583,1.47658333333333
"Channel Islands",2016,NA,NA,1288.53905372732,NA,113648,50893,17117100.8687721,16875137.3913074,32189.0604661583,1.21291666666667
"Channel Islands",2017,NA,NA,1288.53905372732,NA,114209,51105,17117100.8687721,16875137.3913074,32189.0604661583,1.529
"Channel Islands",2018,NA,NA,1288.53905372732,NA,114740,51343,17117100.8687721,16875137.3913074,32189.0604661583,1.57925
"Channel Islands",2019,NA,NA,1288.53905372732,NA,115227,51601,17117100.8687721,16875137.3913074,32189.0604661583,1.51741666666667
"Channel Islands",2020,NA,NA,1288.53905372732,NA,115690,51888,17117100.8687721,16875137.3913074,24196.6186961562,1.99508333333333
"Chile",1990,-20763.102,1137.5575,156.2376,1433.1181,2215333,11026799,6636684,6706184,-5976.11428036309,0.1675
"Chile",1991,-20763.102,923.1225,139.8167,1579.3348,2234221,11223023,6744934,6817011,-5469.01638427964,0.0396666666666667
"Chile",1992,-20763.102,820.9356,141.2407,1787.3104,2246943,11424090,6854273,6928025,-5038.74736611264,-0.0195
"Chile",1993,-20763.102,868.0274,153.8119,1838.0313,2235639,11647029,6961685,7036702,-4698.63376611264,0.219
"Chile",1994,-20763.102,1074.7162,179.5229,1933.3336,2223173,11868216,7066850,7143824,-3763.67813555376,0.34925
"Chile",1995,-20763.102,1161.608,193.8786,2130.7616,2209577,12087036,7168506,7248291,-3265.50761974632,0.02975
"Chile",1996,-20763.102,1499.8949,224.8813,2100.1019,2194771,12303055,7266190,7349292,-1922.28691974632,0.21225
"Chile",1997,-20763.102,1370.8576,519.4404,2238.7515,2178978,12515857,7361319,7447971,-1162.55401974632,0.722416666666667
"Chile",1998,-20763.102,1514.0883,497.9585,2307.5292,2162092,12725664,7453481,7543261,-1231.09581974632,0.695083333333333
"Chile",1999,-20763.102,1701.1959,600.3521,2390.5976,2144288,12932664,7541838,7634572,-741.068319746324,0.227833333333333
"Chile",2000,-20763.102,1520.7495,592.2249,3398.1849,2125607,13137147,7627655,7724143,886.932526971748,-0.1785
"Chile",2001,-36480.1254,1462.5542,609.6842,3553.1981,2106259,13338710,7711571,7812408,-17363.2874474044,0.170416666666667
"Chile",2002,-36480.1254,1433.5672,657.9585,4150.4897,2092618,13531017,7794228,7899562,-15753.4078586358,0.0438333333333333
"Chile",2003,-36480.1254,1462.2818,805.1292,4750.7502,2106807,13692735,7874834,7984277,-15052.1141,0.255
"Chile",2004,-36480.1254,1685.1286,994.6667,4354.3331,2120588,13853190,7952250,8065716,-13744.7061,0.646166666666667
"Chile",2005,-36480.1254,1710.1474,1075.3724,4079.358,2134099,14012965,8028913,8146398,-13036.677,0.259833333333333
"Chile",2006,-36480.1254,1720.757,1186.4034,4114.8122,2147356,14172436,8107283,8227292,-12568.887,0.554833333333333
"Chile",2007,-36480.1254,2079.9002,1475.27,4498.4654,2160337,14331350,8186994,8308544,-12624.0949,-0.22825
"Chile",2008,-36480.1254,2102.2943,1731.0935,4712.4083,2172928,14489014,8268938,8392523,-11373.9125,0.619833333333333
"Chile",2009,-36480.1254,2059.5123,1799.2157,3687.4397,2185026,14644416,8353799,8479648,-12613.3813,0.386083333333333
"Chile",2010,-36480.1254,2282.9041,2251.1863,3819.9632,2196490,14796864,8437983,8566180,-11228.7457,-0.0425
"Chile",2011,-81741.4793,2444.8746,2706.572,4038.0447,2207299,14946058,8521805,8651769,-53970.1182,0.365916666666667
"Chile",2012,-81741.4793,2735.4877,2935.7572,4152.5495,2217485,15092261,8605184,8736586,-53149.2327,0.550416666666667
"Chile",2013,-81741.4793,2852.9119,3230.3954,4114.1324,2227155,15235827,8688160,8821764,-55898.3632,0.5405
"Chile",2014,-81741.4793,2624.5227,3375.5208,4343.9155,2236368,15377430,8775549,8911559,-56242.1547,0.414166666666667
"Chile",2015,-81741.4793,2702.185,3727.9527,4599.183,2245203,15517478,8865948,9004176,-55035.2947,0.893583333333333
"Chile",2016,-58269.1025,3192.2049,4185.4615,5265.0562,2252605,15657149,8971935,9111944,-29681.1494,1.04233333333333
"Chile",2017,-58269.1025,3020.3649,4602.3874,5295.5161,2258558,15796168,9114379,9254199,-26583.5903,0.8625
"Chile",2018,-58269.1025,1994.7346,4937.6709,5848.3276,2262995,15934214,9281300,9420150,-27489.0981,0.54825
"Chile",2019,-58269.1025,2159.5216,4883.5599,5159.7409,2265846,16070807,9450404,9589082,-27500.8816,0.688583333333333
"Chile",2020,-58269.1025,2306.6971,4913.3992,5369.0616,2267065,16205574,9579957,9720358,-27842.4498,0.927166666666667
"China",1990,-350983.5047,83610.8999,15668.8657,198844.7387,869305609,329576683,601711211,578768016,803112.7002,0.840333333333333
"China",1991,-350983.5047,87070.034,14917.152,217849.1662,871145540,344764634,610702306,586980323,847189.8955,0.430916666666667
"China",1992,-350983.5047,87166.7858,16323.1155,241584.56,871217580,359784753,617772271,593373396,880107.2568,0.17525
"China",1993,-350983.5047,92103.3278,20838.3295,275508.493,869646991,374738726,624228451,599223343,927010.721,0.208833333333333
"China",1994,-350983.5047,93538.6487,28957.1227,313247.1252,866728825,389770206,630374296,604763303,998655.8893,0.80775
"China",1995,-350983.5047,106652.7637,24169.8978,340493.5817,862750879,404943424,636232026,610008713,1107064.719,0.5285
"China",1996,-350983.5047,119085.9458,30727.2432,352677.2737,857727869,420253079,641730021,614918985,1160170.199,0.245333333333333
"China",1997,-350983.5047,114994.2594,35874.2124,385603.1595,851706035,435602481,646901212,619518016,1166990.62,0.696833333333333
"China",1998,-350983.5047,112264.9556,31041.1973,400008.3506,844831290,451089258,651796864,623917745,1205732.2954,1.37808333333333
"China",1999,-350983.5047,118089.0307,36538.7464,463525.3664,837345831,466770609,656470695,628087239,1265162.5204,1.15775
"China",2000,-350983.5047,130131.5496,17995.1104,472612.5027,829403316,482727522,661198622,632258270,1259296.2983,0.556666666666667
"China",2001,-333882.5239,137325.6426,21643.0549,522095.9438,818630475,501452843,665829554,636483815,1349979.1701,0.935583333333333
"China",2002,-333882.5239,136794.6536,25697.3908,589975.0245,806104331,521893970,670152200,640542048,1393123.2854,1.15333333333333
"China",2003,-333882.5239,156543.9409,28134.3984,676744.4969,793136597,542756370,674337073,644478963,1538475.1639,0.900666666666667
"China",2004,-333882.5239,175587.31,33643.4924,779264.7473,779706681,564037221,678506505,648404832,1774609.1754,1.14116666666667
"China",2005,-333882.5239,193366.2765,23381.8081,879511.2412,765903084,585633612,682725383,652383978,1929347.446,0.88225
"China",2006,-333882.5239,215463.9788,28371.7763,1004178.2832,752299538,606988730,687008474,656415526,2123838.3999,1.37425
"China",2007,-333882.5239,243180.5882,35813.0718,1064742.0901,738685151,628350588,691408319,660563999,2252130.2741,1.61241666666667
"China",2008,-333882.5239,245496.4578,40696.4099,1080399.3028,724760394,650038030,695917206,664827979,2305207.9187,1.04791666666667
"China",2009,-333882.5239,262079.4515,48547.11,1128084.715,710632634,671961097,700574459,669232835,2405082.4202,1.233
"China",2010,-333882.5239,272149.4159,58262.7252,1208317.0615,696249563,694170135,705262451,673701733,2541904.4192,0.987083333333333
"China",2011,-711829.471,296947.6076,73485.4343,1329346.506,682518202,715762326,709864693,678120227,2364505.8232,0.767833333333333
"China",2012,-711829.471,312508.2069,87521.5122,1375975.3971,669007424,737124022,714772653,682839050,2445015.8453,0.542916666666667
"China",2013,-711829.471,339609.9177,100994.7868,1505971.0256,655323811,758533671,719701658,687619183,2630175.7677,1.19741666666667
"China",2014,-711829.471,344626.3392,104356.5616,1619276.0171,641352868,779954516,724363944,692204586,2741629.5747,0.976333333333333
"China",2015,-711829.471,357511.9675,108958.4997,1545256.127,627097042,801263909,728691943,696550718,2678680.4455,1.43375
"China",2016,-651765.3001,386374.1764,113973.192,1580837.3961,612549421,822422660,732792543,700754224,2797857.2412,1.43741666666667
"China",2017,-651765.3001,410180.9701,119379.4683,1618063.4314,597816520,843314783,736919223,705121887,2844803.7563,1.44733333333333
"China",2018,-651765.3001,436570.1991,127293.8889,1678880.3664,583199631,863601691,740159360,708768840,2919286.2561,1.24408333333333
"China",2019,-651765.3001,439390.0182,120356.9605,1783793.2276,568748198,883204937,742358552,711442990,2978585.2574,1.47183333333333
"China",2020,-651765.3001,466288.2007,133784.0653,1861640.6626,554487938,902077760,743586579,713341908,3115113.7484,1.574
"China, Hong Kong SAR",1990,NA,2403.0691,198.8097,1413.7735,27936,5753523,2971798,2866776,9722.75116766747,0.396916666666667
"China, Hong Kong SAR",1991,NA,2615.5922,204.8039,1312.6261,9856,5844232,3006702,2916745,8287.78737202895,0.67425
"China, Hong Kong SAR",1992,NA,2750.9864,214.9262,1257.959,1258,5918031,3041055,2966630,8637.63911944456,-0.16575
"China, Hong Kong SAR",1993,NA,2894.585,171.4191,1215.3651,0,5983355,3074528,3015280,8670.88553224768,0.09025
"China, Hong Kong SAR",1994,NA,3084.8683,224.5649,1242.4324,0,6055086,3106492,3062215,9165.0541592433,0.525166666666667
"China, Hong Kong SAR",1995,NA,3282.4525,258.8178,1152.3045,0,6140101,3136720,3107139,9233.75501001452,-0.186583333333333
"China, Hong Kong SAR",1996,NA,3305.8305,280.7237,1193.3407,0,6241810,3171988,3161456,9231.93759151105,0.120333333333333
"China, Hong Kong SAR",1997,NA,3107.3783,306.6895,1139.662,0,6356470,3213162,3228075,9139.4688592433,0.29875
"China, Hong Kong SAR",1998,NA,3446.8408,237.9065,975.0936,0,6473836,3252127,3293930,9756.41221001452,1.00891666666667
"China, Hong Kong SAR",1999,NA,3177.0247,250.7655,1019.7909,0,6579564,3286529,3355436,10026.4822100145,0.764916666666667
"China, Hong Kong SAR",2000,NA,3369.0244,251.4416,1006.5164,0,6663654,3317423,3413773,9797.21291001452,0.487
"China, Hong Kong SAR",2001,NA,3661.2761,283.3398,935.9568,0,6722306,3337609,3463932,9901.67271001452,0.734416666666667
"China, Hong Kong SAR",2002,NA,3860.9855,333.9402,947.3663,0,6759491,3344720,3504127,10036.2153869359,0.993916666666667
"China, Hong Kong SAR",2003,NA,4321.5695,347.1525,945.7166,0,6782571,3346450,3540006,10368.4448100145,0.96325
"China, Hong Kong SAR",2004,NA,4134.8799,364.6539,935.9849,0,6802597,3343959,3572039,9903.86693129232,0.822083333333333
"China, Hong Kong SAR",2005,NA,4466.2676,300.7739,919.2532,0,6827761,3337197,3599678,10169.3530312923,0.581666666666667
"China, Hong Kong SAR",2006,NA,4460.4407,302.0576,905.6909,0,6860376,3332577,3628018,10073.6735312923,0.999666666666667
"China, Hong Kong SAR",2007,NA,4723.6207,337.2811,919.1851,0,6898397,3337612,3663843,10381.3774312923,1.12391666666667
"China, Hong Kong SAR",2008,NA,4728.8159,960.4092,1093.6794,0,6940323,3347233,3703444,11196.128359583,0.286666666666667
"China, Hong Kong SAR",2009,NA,4940.2965,2242.9055,1014.1454,0,6983272,3354016,3740579,12476.9929610328,0.827083333333333
"China, Hong Kong SAR",2010,NA,4710.519,2202.7841,1174.614,0,7025221,3357399,3775038,12468.370259583,0.440666666666667
"China, Hong Kong SAR",2011,NA,5067.3864,2374.3657,1189.4189,0,7065815,3364146,3811219,13042.632859583,0.230333333333333
"China, Hong Kong SAR",2012,NA,5202.8084,2472.4111,1258.9132,0,7106399,3380803,3853256,13372.183159583,0.586833333333333
"China, Hong Kong SAR",2013,NA,5140.1219,2534.7451,1315.4356,0,7148571,3399976,3896851,13534.6252840483,0.616916666666667
"China, Hong Kong SAR",2014,NA,5601.005,2612.7193,1383.9325,0,7194563,3414892,3937291,14157.6438840483,0.71275
"China, Hong Kong SAR",2015,NA,5100.0105,2484.1375,1412.455,0,7245701,3425921,3973918,13615.4792198017,1.351
"China, Hong Kong SAR",2016,NA,5192.7679,2500.7898,1395.9519,0,7302843,3436915,3999012,13785.2601383052,0.9205
"China, Hong Kong SAR",2017,NA,4956.2016,2515.9261,1313.477,0,7364883,3448197,4013322,13552.3601383052,1.20258333333333
"China, Hong Kong SAR",2018,NA,5038.1902,2624.9288,1353.9739,0,7428887,3456382,4025173,13763.4507383052,1.2405
"China, Hong Kong SAR",2019,NA,5013.3379,2584.9522,1349.4937,0,7490776,3461876,4034246,13750.7550383052,1.82783333333333
"China, Hong Kong SAR",2020,NA,5308.8641,2473.5303,1365.9879,0,7547652,3462186,4038771,13877.8734383052,1.75783333333333
"China, Macao SAR",1990,NA,16.1208,8.0223,20.5276,816,343119,170710,179517,3551.47111355634,0.396916666666667
"China, Macao SAR",1991,NA,16.1329,7.9591,28.5284,691,353073,176136,186255,3412.5795322593,0.67425
"China, Macao SAR",1992,NA,18.3857,8.1158,38.0289,583,361876,180660,191710,3426.5095322593,-0.16575
"China, Macao SAR",1993,NA,20.1853,5.1802,41.1297,491,369854,184490,196222,3428.0104322593,0.09025
"China, Macao SAR",1994,NA,22.4389,8.3209,46.1302,413,377547,188179,200601,3443.7848322593,0.525166666666667
"China, Macao SAR",1995,NA,26.9413,10.2972,43.2307,347,385339,191770,204871,3449.56177600497,-0.186583333333333
"China, Macao SAR",1996,NA,29.1997,11.5344,47.1315,80,393487,195256,209041,3451.19378707303,0.120333333333333
"China, Macao SAR",1997,NA,24.7258,13.6265,48.3321,0,401564,198611,213089,3459.6192740267,0.29875
"China, Macao SAR",1998,NA,29.2255,9.1623,49.0326,0,409837,201787,216988,3453.22230250713,1.00891666666667
"China, Macao SAR",1999,NA,29.2676,9.5925,49.5334,0,418604,204759,220759,3460.60538707303,0.764916666666667
"China, Macao SAR",2000,NA,27.0821,9.8427,49.3342,0,427979,207541,224355,3458.92599143907,0.487
"China, Macao SAR",2001,NA,27.1633,10.9386,48.035,0,438081,210775,228346,3461.72089143907,0.734416666666667
"China, Macao SAR",2002,NA,29.5292,13.3621,46.1358,0,448896,215724,233941,3471.27828707303,0.993916666666667
"China, Macao SAR",2003,NA,34.1687,14.5486,43.9368,0,460147,221880,240653,3472.86599497511,0.96325
"China, Macao SAR",2004,NA,36.5932,15.4997,41.7376,0,471453,228104,247425,3472.17501040921,0.822083333333333
"China, Macao SAR",2005,NA,39.069,14.5561,38.0384,0,482559,234373,254246,3480.98261040921,0.581666666666667
"China, Macao SAR",2006,NA,37.0765,14.7657,33.5395,0,493320,240698,261164,3478.05171040921,0.999666666666667
"China, Macao SAR",2007,NA,35.0492,16.8266,27.6403,0,503823,247125,268205,3451.93571040921,1.12391666666667
"China, Macao SAR",2008,NA,37.4761,17.0213,20.6411,0,514348,253726,275313,3591.11059170625,0.286666666666667
"China, Macao SAR",2009,NA,35.4719,16.701,13.6419,0,525313,260480,282541,3584.36959170625,0.827083333333333
"China, Macao SAR",2010,NA,33.3802,20.2128,5.3029,0,536969,267356,289940,3580.94458380417,0.440666666666667
"China, Macao SAR",2011,NA,30.9349,22.3439,176.044,0,549439,273808,297195,3604.76118448728,0.230333333333333
"China, Macao SAR",2012,NA,30.8408,28.0269,171.0451,0,562531,278911,303856,3612.22528448728,0.586833333333333
"China, Macao SAR",2013,NA,32.8412,30.2848,227.0461,0,575841,283197,310177,3678.12188448728,0.616916666666667
"China, Macao SAR",2014,NA,28.2857,32.5722,231.0469,0,588781,287572,316594,3685.17928448728,0.71275
"China, Macao SAR",2015,NA,30.6142,33.9463,235.048,0,600942,292094,323145,3695.38548448728,1.351
"China, Macao SAR",2016,NA,32.991,36.2644,6.9388,0,612167,296815,329873,3628.46608380417,0.9205
"China, Macao SAR",2017,NA,32.8683,42.3363,7.7898,0,622567,301788,336822,3637.36048380417,1.20258333333333
"China, Macao SAR",2018,NA,34.9142,45.0309,155.0506,0,632418,307005,343986,3634.86179238936,1.2405
"China, Macao SAR",2019,NA,32.6174,48.0752,162.0517,0,642090,312356,351296,3643.48448448728,1.82783333333333
"China, Macao SAR",2020,NA,37.3336,50.7223,171.0525,0,651875,317655,358628,3637.68849238936,1.75783333333333
"China, mainland",1990,-350983.5047,75160.8211,14712.4329,182520.0623,862423053,310022147,587798014,565906238,757122.3462,0.841916666666667
"China, mainland",1991,-350983.5047,77938.7022,13834.4273,200823.6268,864397808,324785714,596666471,573959700,799221.6079,0.430333333333333
"China, mainland",1992,-350983.5047,77487.1258,15228.5868,223832.1323,864477071,339526830,603625892,580187498,830066.4443,0.176083333333333
"China, mainland",1993,-350983.5047,81575.7358,19688.1954,256522.9407,862910841,354218292,609978248,585877309,874345.4223,0.208666666666667
"China, mainland",1994,-350983.5047,82455.7346,27547.7322,294564.7375,860001464,368990468,616025829,591260846,945032.173,0.808583333333333
"China, mainland",1995,-350983.5047,94762.9656,22709.5248,321663.5499,856038293,383901711,621790549,596353877,1052051.3404,0.530833333333333
"China, mainland",1996,-350983.5047,106538.3543,28823.8315,333326.9646,851036851,398944590,627193907,601104929,1103073.7419,0.246
"China, mainland",1997,-350983.5047,102212.3815,33861.7578,364624.1404,845041738,414025236,632266997,605534451,1107741.3512,0.69875
"China, mainland",1998,-350983.5047,97763.7836,28955.7487,379391.8019,838196404,429245099,637069098,609767007,1145951.9211,1.37858333333333
"China, mainland",1999,-350983.5047,103613.8654,34758.154,442750.8838,830739356,444667343,641657142,613776095,1205010.4039,1.15991666666667
"China, mainland",2000,-350983.5047,114566.7859,16015.3902,449353.1068,822821922,460377048,646306371,617792698,1195036.5178,0.5565
"China, mainland",2001,-333882.5239,121068.9243,18558.7277,496150.5293,812096011,478841638,650868368,621871214,1281445.7936,0.9365
"China, mainland",2002,-333882.5239,120077.4287,21407.5806,562417.1312,799636098,499010479,655134093,625792027,1321295.8896,1.154
"China, mainland",2003,-333882.5239,138807.3897,26079.1033,648023.3683,786733631,519610280,659272480,629600886,1466368.8793,0.901083333333333
"China, mainland",2004,-333882.5239,157923.5225,31428,749214.3153,773371566,540635912,663407422,633409289,1700924.6458,1.14341666666667
"China, mainland",2005,-333882.5239,174622.8356,21108.528,849923.2895,759640167,561983323,667605485,637282076,1855126.09,0.884083333333333
"China, mainland",2006,-333882.5239,196675.4051,26018.976,973675.2178,746114014,583095080,671873968,641212600,2049573.1654,1.37625
"China, mainland",2007,-333882.5239,223817.3244,33408.1704,1032023.1078,732581000,604219506,676255347,645257877,2175946.7177,1.61533333333333
"China, mainland",2008,-333882.5239,226395.4213,37673.8252,1048316.8536,718740699,625674528,680746764,649420385,2229615.2225,1.05008333333333
"China, mainland",2009,-333882.5239,243027.8658,44304.6255,1098098.9445,704698529,647369562,685394598,653730998,2331395.7414,1.23508333333333
"China, mainland",2010,-333882.5239,253527.1076,54047.5491,1176581.6036,690401545,669353557,690079840,658111529,2465680.8696,0.98875
"China, mainland",2011,-711829.471,277720.0936,69109.9311,1296813.3861,676756443,690723821,694657622,662437859,2285714.1945,0.770666666666667
"China, mainland",2012,-711829.471,293638.3998,83167.4173,1345371.9186,663331826,711866793,699508339,667052479,2368551.6976,0.543166666666667
"China, mainland",2013,-711829.471,321005.6761,96557.4969,1470595.9207,649733726,733059486,704375329,671724978,2548968.51,1.1995
"China, mainland",2014,-711829.471,325156.9288,99777.2246,1584892.6682,635847563,754262825,708982179,676207490,2660433.4877,0.9775
"China, mainland",2015,-711829.471,338472.2634,104511.6693,1512295.0582,621675635,775352918,713260083,680455365,2599671.6218,1.43575
"China, mainland",2016,-651765.3001,366566.0889,109481.67,1550228.3861,607210874,796289491,717314568,684575113,2720040.256,1.43866666666667
"China, mainland",2017,-651765.3001,390208.2489,114827.2417,1587979.214,592559784,816957613,721400823,688875134,2766926.664,1.44833333333333
"China, mainland",2018,-651765.3001,417104.2282,122070.9854,1647507.2965,578023833,837022095,724608064,692461405,2840113.1285,1.24416666666667
"China, mainland",2019,-651765.3001,420384.3596,115265.3162,1755039.1244,563652725,856409297,726781914,695082117,2902693.1093,1.47241666666667
"China, mainland",2020,-651765.3001,446192.1025,128863.1877,1833401.2069,549472347,875075919,727993760,696936022,3039089.0927,1.57341666666667
"China, Taiwan Province of",1990,NA,6030.8892,749.6008,14890.3753,6853804,13457894,10770689,9815485,42404.1358462981,0.441833333333333
"China, Taiwan Province of",1991,NA,6499.6067,869.9615,15684.3849,6737185,13781615,10852997,9917623,44647.1030184092,0.58575
"China, Taiwan Province of",1992,NA,6910.2879,871.4864,16456.4399,6738668,13978016,10924664,10027558,46531.4095985164,-0.0480833333333333
"China, Taiwan Province of",1993,NA,7612.8217,973.5348,17729.0574,6735659,14167225,10991185,10134532,49073.3191684678,0.245416666666667
"China, Taiwan Province of",1994,NA,7975.6069,1176.505,17393.8251,6726948,14347105,11053796,10239641,49555.4403684678,0.61
"China, Taiwan Province of",1995,NA,8580.4043,1191.2581,17634.4966,6712239,14516273,11112987,10342826,50878.3101684678,-0.0781666666666667
"China, Taiwan Province of",1996,NA,9212.5614,1611.1539,18109.8369,6690938,14673192,11168870,10443559,52934.6999684678,0.0889166666666667
"China, Taiwan Province of",1997,NA,9649.7736,1692.1388,19791.025,6664297,14819211,11222442,10542401,55191.0410684678,0.22375
"China, Taiwan Province of",1998,NA,11025.1057,1838.38,19592.4224,6634886,14960486,11273852,10639820,55107.8046684678,1.26358333333333
"China, Taiwan Province of",1999,NA,11268.8731,1520.2344,19705.1583,6606475,15105098,11322265,10734949,55213.5462684678,0.569833333333333
"China, Taiwan Province of",2000,NA,12168.6571,1718.4359,22203.5453,6581394,15258841,11367287,10827444,59540.4086684678,0.58125
"China, Taiwan Province of",2001,NA,12568.2789,2790.0488,24961.4228,6534464,15450818,11412802,10920323,63705.7500684678,0.671416666666667
"China, Taiwan Province of",2002,NA,12826.7103,3942.5081,26564.3913,6468233,15675104,11457663,11011953,66993.3341684678,0.979083333333333
"China, Taiwan Province of",2003,NA,13380.8128,1693.5936,27731.4751,6402966,15903372,11496263,11097418,66813.7924684678,0.7915
"China, Taiwan Province of",2004,NA,13492.3145,1835.3387,29072.7094,6335115,16127259,11527020,11176079,68814.1938684678,0.547583333333333
"China, Taiwan Province of",2005,NA,14238.1044,1957.9501,28630.6601,6262917,16339969,11548328,11247978,69310.6005518746,0.441916666666667
"China, Taiwan Province of",2006,NA,14291.0565,2035.9773,29563.8351,6185524,16539954,11561231,11313744,69481.4272485254,0.875666666666667
"China, Taiwan Province of",2007,NA,14604.5941,2050.7939,31772.1569,6104151,16728862,11568235,11374074,71178.4911197126,0.876
"China, Taiwan Province of",2008,NA,14334.7448,2045.1542,30968.1287,6019695,16908831,11569483,11428837,69788.0059197126,0.508916666666667
"China, Taiwan Province of",2009,NA,14075.8172,1982.8778,28957.9833,5934105,17082950,11565365,11478717,66660.4448805344,0.710666666666667
"China, Taiwan Province of",2010,NA,13878.4091,1992.1792,30555.541,5848018,17254388,11557856,11525226,69194.8494166882,0.54275
"China, Taiwan Province of",2011,NA,14129.1926,1978.7938,31167.657,5761759,17423251,11569117,11573954,71008.0559166882,0.027
"China, Taiwan Province of",2012,NA,13636.1577,1853.6568,29173.5202,5675598,17588299,11604600,11629459,68344.5869166882,0.44175
"China, Taiwan Province of",2013,NA,13431.2784,1872.26,33832.6232,5590085,17749773,11643156,11687177,72856.7085166882,0.596416666666667
"China, Taiwan Province of",2014,NA,13840.1199,1934.0451,32768.3695,5505305,17908347,11679301,11743211,72215.4640166882,0.704333333333333
"China, Taiwan Province of",2015,NA,13909.079,1928.7465,31313.5658,5421407,18064348,11713845,11798290,70568.3198166881,0.89825
"China, Taiwan Province of",2016,NA,14582.3286,1954.468,29206.1194,5338547,18218159,11744245,11850226,69457.5115166882,1.11083333333333
"China, Taiwan Province of",2017,NA,14983.6516,1993.9643,28762.9506,5256736,18369720,11768415,11896609,69739.6768166882,1.18583333333333
"China, Taiwan Province of",2018,NA,14392.8665,2552.9438,29864.0454,5175798,18518291,11787909,11938276,70671.6492166882,1.22458333333333
"China, Taiwan Province of",2019,NA,13959.7034,2458.6168,27242.5578,5095473,18662774,11802406,11975331,67395.4193166882,1.29375
"China, Taiwan Province of",2020,NA,14749.9006,2396.625,26702.4153,5015591,18802314,11812978,12008487,67406.9255166882,1.67325
"Colombia",1990,-2843.1953,2100.9905,398.9408,3601.3151,10459380,23812185,16281573,16319819,133828.8707,0.297416666666667
"Colombia",1991,-2843.1953,2242.9826,429.6352,3632.1182,10492669,24424097,16605752,16666875,133625.9787,0.477416666666667
"Colombia",1992,-2843.1953,2393.5836,492.6493,3789.6738,10520182,25038500,16926884,17012155,134664.9782,0.60025
"Colombia",1993,-2843.1953,2688.7751,464.9803,4275.4422,10542121,25653047,17252549,17362186,137072.1643,0.26225
"Colombia",1994,-2843.1953,2775.875,457.4949,4999.5241,10557927,26265610,17580991,17714470,137629.7432,0.248666666666667
"Colombia",1995,-2843.1953,3025.0429,507.3421,4987.7116,10567153,26874824,17906602,18063500,138522.8726,0.503416666666667
"Colombia",1996,-2843.1953,2895.6116,459.6843,4863.6265,10569066,27479972,18226168,18406405,137832.826,0.11775
"Colombia",1997,-2843.1953,3231.3583,574.2742,4945.8342,10564799,28080612,18544061,18747884,139900.2932,0.618333333333333
"Colombia",1998,-2843.1953,2612.9408,597.7091,4902.6271,10554690,28679372,18858347,19086068,139662.819,0.817416666666667
"Colombia",1999,-2843.1953,2815.0548,284.7897,3783.5811,10540299,29278980,19166664,19418369,135372.9512,-0.05275
"Colombia",2000,-2843.1953,3112.0059,296.7779,4337.6795,10522282,29881676,19469885,19745251,138364.5342,0.03
"Colombia",2001,-8922.7497,3789.4091,323.1752,4331.8831,10501653,30487256,19769644,20068231,128094.7343,0.452166666666667
"Colombia",2002,-8922.7497,3327.2959,482.4289,4424.0774,10477378,31095113,20066543,20387506,127262.9075,0.700916666666667
"Colombia",2003,-8922.7497,3271.4004,591.9127,4751.3372,10449169,31702982,20357979,20699708,129742.5271,0.671916666666667
"Colombia",2004,-8922.7497,3233.5897,524.4172,4862.0608,10416017,32308146,20643488,21004780,130540.4513,0.581166666666667
"Colombia",2005,-8922.7497,3438.0078,678.1559,5667.4103,10378127,32907507,20920388,21300552,129366.954,0.655833333333333
"Colombia",2006,-8922.7497,3921.5075,782.7998,5558.9612,10335155,33500567,21186610,21586300,130000.3886,0.57525
"Colombia",2007,-8922.7497,3974.9313,894.3579,6094.8771,10287615,34086957,21442913,21863668,134219.344,0.588416666666667
"Colombia",2008,-8922.7497,3548.5759,1071.3885,5892.5013,10235594,34665950,21686623,22128690,132040.4319,0.41225
"Colombia",2009,-8922.7497,3903.9308,1391.4702,5521.7378,10179227,35236954,21925966,22387951,133207.9651,0.953333333333333
"Colombia",2010,-8922.7497,4189.4745,1656.9334,5833.826,10118665,35799432,22167933,22648175,134800.8708,0.920666666666667
"Colombia",2011,-3534.3359,3559.7372,1618.863,6471.3224,10054003,36352643,22405198,22903701,110981.512,0.505666666666667
"Colombia",2012,-3534.3359,3691.4081,1906.1133,7145.3616,9985405,36896070,22632420,23149997,111510.0725,0.7015
"Colombia",2013,-3534.3359,4021.9158,2295.6468,7148.6184,9913190,37429791,22850386,23387544,112148.682,0.8225
"Colombia",2014,-3534.3359,4506.3175,2715.2066,8008.6591,9837737,37954174,23060580,23617367,114708.8967,0.8935
"Colombia",2015,-3534.3359,4559.7422,2942.783,8492.0829,9759346,38469351,23272374,23847355,113052.5273,1.30833333333333
"Colombia",2016,-281.4225,4670.2128,3739.3265,9117.766,9678238,38975181,23517966,24107989,142481.5989,0.976583333333333
"Colombia",2017,-281.4225,3925.6194,3559.1284,9008.5735,9594518,39471097,23874571,24477100,142271.9161,0.857083333333333
"Colombia",2018,-281.4225,4441.8372,3908.0886,9369.9901,9508270,39956413,24331054,24945907,148024.6596,1.13033333333333
"Colombia",2019,-281.4225,4726.5476,3992.8006,9401.4207,9419540,40430278,24779301,25408106,147363.8735,1.436
"Colombia",2020,-281.4225,5021.634,4104.8463,9114.6907,9328416,40891996,25139588,25791075,149095.472,1.54625
"Comoros",1990,0,0.1847,1e-04,1.4213,296885,114709,215287,215832,3993.84466313757,0.1937
"Comoros",1991,0,0.2057,2e-04,1.4915,303637,120235,220681,221595,3997.48106313757,0.226916666666667
"Comoros",1992,0,0.3201,5e-04,1.4918,312345,124103,225897,227093,3999.24930853757,0.14275
"Comoros",1993,0,0.3353,0.002,1.5335,321724,127550,230988,232331,4208.04052534264,0.258583333333333
"Comoros",1994,0,0.3495,0.004,1.5656,331241,131036,235983,237495,4926.1381446001,0.58025
"Comoros",1995,0,0.3435,0.0084,1.6205,340851,134543,241029,242732,4928.74244460009,0.491083333333333
"Comoros",1996,0,0.3407,0.0111,1.6634,350556,138071,246190,248098,4930.47354460009,-0.00975
"Comoros",1997,0,0.3471,0.013,1.7055,360339,141614,251442,253590,4932.63674460009,0.36025
"Comoros",1998,0,0.3811,0.0149,1.7775,370210,145175,256769,259190,4937.56894460009,0.798583333333333
"Comoros",1999,0,0.4345,0.0176,1.8406,380114,148734,261808,264635,4938.20264460009,0.11775
"Comoros",2000,0,0.9406,0.0117,1.9142,390064,152293,266733,270024,4717.20984236257,0.123583333333333
"Comoros",2001,0,1.0947,0.0396,2.0044,400041,155847,272077,275663,4731.62914236258,0.210181818181818
"Comoros",2002,0,1.1877,0.0784,2.1163,410073,159406,277671,281375,4123.13463351341,0.59025
"Comoros",2003,0,0.9847,0.1242,2.0758,420218,162993,283149,286981,4737.15324236257,0.26525
"Comoros",2004,0,1.5623,0.171,2.3864,430581,166647,288795,292358,4129.81043351341,0.171916666666667
"Comoros",2005,0,1.467,0.2403,2.4612,441134,170493,294921,297762,5031.93474466676,0.323583333333333
"Comoros",2006,0,1.2707,0.2745,2.5882,451884,174541,301235,303423,4765.96614236257,0.121916666666667
"Comoros",2007,0,1.1738,0.3204,2.6378,462822,178798,307665,309235,4731.79054236257,0.44775
"Comoros",2008,0,1.0341,0.3663,2.6974,473954,183275,314245,315224,4974.85734466676,0.313583333333333
"Comoros",2009,0,1.1287,0.4086,2.8231,485270,187982,321030,321463,4155.54373351341,0.684416666666667
"Comoros",2010,0,1.5367,0.45,2.9379,496767,192925,328043,327981,4782.36124236257,0.809416666666667
"Comoros",2011,0,1.3051,0.4464,2.964,508448,198121,335285,334786,4794.84364236258,0.563583333333333
"Comoros",2012,0,1.3306,0.4806,3.041,520293,203575,342717,341836,4805.19074236257,0.46525
"Comoros",2013,0,1.3618,0.5157,3.249,532229,209271,350298,349095,4818.11144236257,0.40025
"Comoros",2014,0,1.1494,0.5499,3.216,544189,215196,358036,356575,4822.17114236257,0.533583333333333
"Comoros",2015,0,1.0888,0.585,3.2239,556090,221334,365933,364283,5031.58214460009,0.76275
"Comoros",2016,0,1.2521,0.6192,3.3109,567911,227690,373999,372233,4820.89500539353,0.68775
"Comoros",2017,0,1.7865,0.6543,3.5188,579639,234273,381884,379781,4216.59320024674,0.929416666666667
"Comoros",2018,0,2.246,0.6885,3.6158,591255,241092,389497,386817,4828.66920539353,0.741916666666667
"Comoros",2019,0,2.4913,0.7236,3.6438,602750,248160,397126,393860,4846.90640546019,1.30025
"Comoros",2020,0,2.9963,0.7578,3.7207,614114,255487,404903,401263,4634.34618574644,0.979416666666667
"Congo",1990,0,6.4655,0.0011,48.9082,1114696,1325761,1173727,1211708,14411.4498919812,0.0219090909090909
"Congo",1991,0,6.4996,0.0028,53.8104,1134932,1372840,1207623,1245051,14467.0957919812,0.128916666666667
"Congo",1992,0,6.7582,0.0069,59.0149,1155480,1421555,1242298,1278660,14486.6206919812,-0.359166666666667
"Congo",1993,0,6.5277,0.0263,58.2361,1176478,1472029,1279632,1314536,14481.6419919812,0.06375
"Congo",1994,0,6.5506,0.0514,48.0634,1197994,1524503,1317953,1351268,14475.1375919812,0.227333333333333
"Congo",1995,0,6.5459,0.1125,51.5296,1220123,1579132,1355347,1386962,14468.4752919812,0.370333333333333
"Congo",1996,0,6.5083,0.2151,32.5406,1242903,1636319,1393344,1423251,13382.8335919812,-0.0436666666666667
"Congo",1997,0,6.4671,0.2907,20.2225,1265000,1697470,1421517,1453519,13317.7554919812,0.237857142857143
"Congo",1998,0,4.3755,0.4248,12.6675,1287496,1760957,1451061,1486105,13190.4206919812,1.06975
"Congo",1999,0,6.7536,0.522,13.1728,1310029,1826315,1491060,1525600,13320.2850624812,0.596416666666667
"Congo",2000,0,6.5858,0.8595,23.2374,1332387,1893340,1550503,1583527,12933.7641624812,0.358333333333333
"Congo",2001,0,11.3408,1.35,16.1673,1354293,1961513,1611459,1642642,12622.2189624812,0.434
"Congo",2002,0,9.6358,3.0362,17.277,1375924,2031256,1650909,1680249,13020.5805624812,0.7105
"Congo",2003,0,10.6383,4.8363,18.3186,1398356,2104163,1698593,1726060,14425.8760341236,0.881416666666667
"Congo",2004,0,12.9083,6.8973,18.4421,1422945,2182494,1758751,1784261,14403.9169341236,0.915083333333333
"Congo",2005,0,13.9743,9.5613,60.0166,1450563,2267680,1824640,1848198,14921.3716341236,0.896083333333333
"Congo",2006,0,18.386,12.292,60.6931,1481568,2360797,1895843,1917479,15059.5030384301,0.76125
"Congo",2007,0,20.8458,15.3571,61.3487,1515245,2461001,1968249,1988080,14516.1981384301,0.850333333333333
"Congo",2008,0,23.2965,18.5788,64.3042,1549624,2565811,2035727,2053874,14458.8626384301,0.7905
"Congo",2009,0,34.3539,26.2047,67.1237,1582371,2671341,2120331,2136899,14453.7219384301,0.798416666666667
"Congo",2010,0,35.9205,31.3237,56.4529,1611866,2774827,2211326,2226558,15241.2176384301,1.24158333333333
"Congo",2011,0,37.1367,33.2949,52.5574,1637585,2875145,2285052,2299164,15685.2955384301,0.60275
"Congo",2012,0,34.3161,36.6404,83.8282,1660183,2973180,2350164,2363092,15307.5608384301,0.73625
"Congo",2013,0,37.2083,38.9847,124.5088,1680730,3070663,2408084,2419983,15651.4235384301,0.7765
"Congo",2014,0,38.07,41.8619,206.1894,1700765,3170336,2466860,2478001,14967.5481384301,0.7905
"Congo",2015,0,72.33,61.679,299.87,1721362,3274286,2527113,2537273,15957.1994384301,1.074
"Congo",2016,0,76.5306,66.0441,397.5506,1742734,3383087,2588778,2598046,17448.0326384301,1.51133333333333
"Congo",2017,0,74.7973,74.435,437.2312,1764522,3496228,2651836,2660503,16690.1549384301,1.13758333333333
"Congo",2018,0,81.997,76.6807,301.9118,1786495,3613400,2716588,2724474,17146.0481384301,1.24208333333333
"Congo",2019,0,96.6436,86.626,314.5924,1808264,3733933,2781753,2788979,17273.3143384301,1.43591666666667
"Congo",2020,0,99.104,82.0705,316.273,1829564,3857353,2847552,2854622,16703.2555384301,1.488
"Cook Islands",1990,-21.209,NA,37.8386307227124,0.156,7762,10594,8828,8295,2503.67807460269,0.230166666666667
"Cook Islands",1991,-21.209,NA,37.8386307227124,0.1417,7736,10792,8918,8390,2503.4012746027,0.174333333333333
"Cook Islands",1992,-21.209,NA,37.8386307227124,0.1643,7766,10948,8983,8473,2504.02267460269,0.226666666666667
"Cook Islands",1993,-21.209,NA,37.8386307227124,0.1637,7819,11050,9023,8541,2508.34037460269,0.0404166666666667
"Cook Islands",1994,-21.209,NA,37.8386307227124,0.1648,7847,11116,9052,8604,2509.4453746027,0.1005
"Cook Islands",1995,-21.209,NA,37.8386307227124,0.1727,7833,11123,9078,8658,2511.1199746027,0.4475
"Cook Islands",1996,-21.209,NA,37.8386307227124,0.1788,7764,11051,9106,8692,2916.69306748386,0.191
"Cook Islands",1997,-21.209,NA,37.8386307227124,0.1826,7459,11110,8995,8586,2918.40816748386,-0.0923333333333334
"Cook Islands",1998,-21.209,NA,37.8386307227124,0.1751,7016,11279,8730,8337,2922.32176748386,-0.089
"Cook Islands",1999,-21.209,NA,37.8386307227124,0.1759,6627,11497,8435,8065,2915.83146748386,0.557666666666667
"Cook Islands",2000,-21.209,NA,37.8386307227124,0.1955,6308,11814,8120,7777,2913.78216748386,0.324166666666667
"Cook Islands",2001,-3.6245,NA,37.8386307227124,0.1735,6064,12258,7808,7486,2616.14624657258,0.506083333333333
"Cook Islands",2002,-3.6245,NA,37.8386307227124,0.1328,5952,12750,7667,7362,2614.37544657258,0.1675
"Cook Islands",2003,-3.6245,NA,37.8386307227124,0.1338,5909,13239,7681,7396,2615.70834657258,0.190916666666667
"Cook Islands",2004,-3.6245,NA,37.8386307227124,0.1666,5838,13684,7687,7426,2527.4241746027,0.285166666666667
"Cook Islands",2005,-3.6245,NA,37.8386307227124,0.2093,5711,13999,7691,7456,2527.84857460269,0.141
"Cook Islands",2006,-3.6245,NA,37.8386307227124,0.2223,5526,14170,7700,7499,2528.1615746027,0.231833333333333
"Cook Islands",2007,-3.6245,NA,44.3894236950661,0.193,5371,14140,7825,7681,2535.93276757505,0.3035
"Cook Islands",2008,-3.6245,NA,44.3894236950661,0.182,5238,13974,8063,8000,2535.68156757505,0.336
"Cook Islands",2009,-3.6245,NA,44.3894236950661,0.1651,5095,13773,8306,8329,2534.64896757505,-0.01475
"Cook Islands",2010,-3.6245,NA,44.3894236950661,0.1671,4960,13585,8553,8659,2536.33096757505,0.671583333333333
"Cook Islands",2011,-2.7571,NA,44.3894236950661,0.1743,4836,13421,8797,8973,2537.62746757505,0.579083333333333
"Cook Islands",2012,-2.7571,NA,44.3894236950661,0.1857,4724,13272,8878,9121,2538.07906757505,0.223583333333333
"Cook Islands",2013,-2.7571,NA,44.3894236950661,0.1797,4625,13142,8805,9111,2538.06076757505,0.478583333333333
"Cook Islands",2014,-2.7571,NA,44.3894236950661,0.1827,4540,13048,8724,9092,2538.23316757505,0.0685
"Cook Islands",2015,-2.7571,NA,44.3894236950661,0.1929,4466,12983,8633,9063,2537.54566757505,-0.403166666666667
"Cook Islands",2016,-3.1136,NA,44.3894236950661,0.2248,4411,12968,8525,9021,2536.28156757505,0.440166666666667
"Cook Islands",2017,-3.1136,NA,44.3894236950661,0.1968,4374,13006,8415,8980,2536.43866757505,0.561833333333333
"Cook Islands",2018,-3.1136,NA,44.3894236950661,0.1998,4344,13067,8312,8941,2535.19816757505,0.307666666666667
"Cook Islands",2019,-3.1136,NA,44.3894236950661,0.1956,4318,13144,8208,8902,2534.10386757505,0.105166666666667
"Cook Islands",2020,-3.1136,NA,44.3894236950661,0.1966,4292,13223,8143,8886,2530.13376757505,0.3785
"Costa Rica",1990,-909.3333,34.25,14.4249,411.574,1547893,1548102,1591754,1566500,5977.20861686717,0.631333333333333
"Costa Rica",1991,-909.3333,52.9571,9.7007,446.606,1558692,1616957,1632684,1606731,6144.01751686717,0.562181818181818
"Costa Rica",1992,-909.3333,90.342,10.2656,492.9954,1569055,1688411,1674268,1647671,6351.88361686717,0.454727272727273
"Costa Rica",1993,-909.3333,80.0499,14.2002,581.5058,1578860,1762144,1716205,1689167,6596.76911686717,0.305363636363636
"Costa Rica",1994,-909.3333,166.8636,17.8672,632.0805,1587694,1837996,1758226,1730927,6879.33651686717,0.4643
"Costa Rica",1995,-909.3333,136.4892,18.4629,558.8214,1595322,1915604,1800079,1772777,6693.51541686717,0.5575
"Costa Rica",1996,-909.3333,105.5581,30.0262,627.1442,1601720,1995012,1841732,1814502,6525.14401686717,0.00883333333333333
"Costa Rica",1997,-909.3333,79.127,23.5005,769.7975,1606869,2075856,1883219,1856202,6666.75611686717,0.895666666666667
"Costa Rica",1998,-909.3333,113.8549,34.7683,787.5928,1610006,2157367,1924069,1897353,6928.34361686717,1.02775
"Costa Rica",1999,-909.3333,96.1294,32.6393,762.7714,1610428,2238295,1963914,1937516,6965.94301686717,-0.1945
"Costa Rica",2000,-909.3333,96.8782,39.1266,601.165,1607403,2318040,2002605,1976587,6998.74221686717,0.0355
"Costa Rica",2001,-909.3333,104.7081,52.2062,619.7268,1582349,2414449,2039504,2013719,4112.69751686717,0.674
"Costa Rica",2002,-909.3333,134.0031,57.1543,642.3347,1554034,2509170,2074083,2048540,4075.54211686717,0.910583333333333
"Costa Rica",2003,-909.3333,121.0893,68.6772,617.8075,1523324,2602647,2106901,2081709,4126.98231686717,0.807833333333333
"Costa Rica",2004,-909.3333,65.7638,74.2385,746.5533,1491084,2695954,2138782,2114018,3998.59311686717,0.846818181818182
"Costa Rica",2005,-909.3333,105.2617,95.4424,959.437,1458203,2789638,2170068,2145820,4397.03411686717,0.536166666666667
"Costa Rica",2006,-909.3333,129.1644,112.4562,781.2489,1424705,2884089,2200829,2177342,4303.89911686717,0.84375
"Costa Rica",2007,-909.3333,154.0375,122.5199,1079.9417,1390626,2978843,2231315,2208704,4979.71481686717,0.70125
"Costa Rica",2008,-909.3333,148.3839,127.9908,1013.2167,1355892,3073616,2261818,2240104,4836.54861686717,0.379090909090909
"Costa Rica",2009,-909.3333,125.0211,120.8219,1018.3732,1320650,3167613,2291917,2271211,4733.22451686717,1.15127272727273
"Costa Rica",2010,-909.3333,144.6284,140.5026,704.3858,1284690,3260590,2321021,2301231,4617.28681686717,0.82175
"Costa Rica",2011,-7441.0747,155.5064,145.7829,752.2428,1248208,3352266,2349468,2330459,-2152.28418313283,0.666090909090909
"Costa Rica",2012,-7441.0747,149.8732,147.7408,750.0168,1212562,3441560,2377400,2359193,-2081.13758313283,0.816845397721781
"Costa Rica",2013,-7441.0747,182.2401,171.3181,781.7909,1178012,3528389,2404428,2387107,-1922.81768313283,0.813574857724477
"Costa Rica",2014,-7441.0747,183.1179,174.9987,803.5649,1144604,3612971,2430257,2414032,-2025.86278313283,1.24450476556856
"Costa Rica",2015,-7441.0747,117.8808,140.5271,852.3389,1112422,3695430,2455070,2440173,-2019.26178313283,1.41215003524163
"Costa Rica",2016,-7441.984,135.1546,149.6,859.113,1081494,3775780,2479289,2465916,-1944.57958313283,1.39396636589378
"Costa Rica",2017,-7441.984,128.0237,150.9541,944.8588,1051813,3853956,2502859,2490983,-1937.48418313284,1.31839799574723
"Costa Rica",2018,-7441.984,144.1165,163.5429,990.6328,1023354,3929845,2525472,2515262,-1878.32608313283,1.30725783805634
"Costa Rica",2019,-7441.984,144.244,170.4573,999.6188,996082,4003302,2546376,2538156,-1804.92058313283,1.33617176898121
"Costa Rica",2020,-7441.984,151.8927,173.9142,1007.4459,969965,4074214,2564622,2558483,-1986.49898313283,1.44738325940932
"Croatia",1992,-1254.6691,243.9603,137.9704,3552.5961,2291265,2441597,2317061,2481260,6904.59379242353,1.00383333333333
"Croatia",1993,-1254.6691,265.7709,154.3963,3189.5341,2263358,2434177,2314050,2478352,6652.63496204898,0.526083333333333
"Croatia",1994,-1254.6691,213.4368,132.2813,3476.3263,2233490,2424312,2327809,2491617,6845.21516788011,1.649
"Croatia",1995,-1254.6691,251.3376,168.6684,3189.4427,2203185,2413578,2321763,2485337,6769.80706204898,0.373583333333333
"Croatia",1996,-1254.6691,261.1356,164.0976,3281.3911,2172661,2402226,2296738,2461890,6872.88236204898,-0.186333333333333
"Croatia",1997,-1254.6691,317.2174,182.5684,3303.3348,2142075,2390324,2271401,2439972,7373.27226204898,0.47825
"Croatia",1998,-1254.6691,337.8942,200.2463,2758.7475,2112611,2379291,2243724,2416209,7153.45904753372,0.790083333333333
"Croatia",1999,-1254.6691,347.0462,196.4173,3196.017,2085692,2370741,2214120,2391209,7872.42456204898,0.916916666666667
"Croatia",2000,-1254.6691,329.7431,196.9,3435.5244,2062239,2365833,2183182,2365252,7920.03739956834,1.80925
"Croatia",2001,-1087.3632,347.5387,231.8034,3375.8408,2043497,2364583,2161272,2345487,8484.90727888956,1.06183333333333
"Croatia",2002,-1087.3632,396.6955,278.974,3391.7713,2030408,2365411,2149735,2333133,8961.68267888956,1.5765
"Croatia",2003,-1087.3632,422.6496,339.8903,3474.8926,2019844,2369102,2139514,2321624,8485.55756863418,1.24991666666667
"Croatia",2004,-1087.3632,376.9405,313.2523,4258.241,2010143,2373777,2131459,2311891,10059.0962707436,0.678833333333333
"Croatia",2005,-1087.3632,409.1628,338.8055,4221.4537,2000102,2377955,2125584,2304098,10061.2766562283,0.1105
"Croatia",2006,-1087.3632,419.0687,349.0568,4512.9924,1989394,2381305,2120684,2296876,10418.9450707436,0.892166666666667
"Croatia",2007,-1087.3632,466.7159,406.0491,4751.8381,1978228,2384038,2116036,2289496,10828.0003503474,1.68141666666667
"Croatia",2008,-1087.3632,463.7907,394.3963,4596.7561,1966449,2385979,2111532,2282132,10516.9350788896,1.60741666666667
"Croatia",2009,-1087.3632,413.7067,348.9356,3478.4078,1954051,2387033,2107410,2274720,8833.34867888956,1.43325
"Croatia",2010,-1087.3632,387.7592,367.4103,3768.9591,1940974,2387179,2102739,2265943,9172.52437888956,0.664583333333333
"Croatia",2011,-1510.916,427.8978,451.9084,3542.0837,1927119,2386252,2096593,2255249,8492.78217888956,1.44375
"Croatia",2012,-1510.916,409.8845,438.3072,3393.8721,1911684,2384842,2088824,2242771,8070.13367888956,1.621
"Croatia",2013,-1510.916,346.9087,329.3985,3541.9839,1894797,2383009,2079934,2228919,8718.47927888956,1.40466666666667
"Croatia",2014,-1510.916,308.578,303.6136,3786.9733,1876612,2380921,2070206,2213765,9023.54397888956,2.02475
"Croatia",2015,-1510.916,331.6899,348.58,3827.0561,1857290,2378726,2058566,2196249,9085.75807888956,1.92175
"Croatia",2016,-4809.6327,338.0798,352.3763,3612.1231,1836858,2376407,2045886,2177865,6072.87367888956,1.63191666666667
"Croatia",2017,-4809.6327,326.4875,349.8017,3941.3844,1815373,2373980,2033167,2159300,6504.94820339547,1.59258333333333
"Croatia",2018,-4809.6327,280.147,313.6401,3931.4139,1793077,2371706,2020133,2140352,6068.72767888956,2.25341666666667
"Croatia",2019,-4809.6327,309.0968,335.7122,4190.695,1770247,2369901,2007499,2122252,6688.36667888956,2.24633333333333
"Croatia",2020,-4809.6327,310.7009,319.1857,4308.6245,1747114,2368833,1993655,2103215,6563.92587888956,1.96975
"Cuba",1990,-10946.034,751.332,784.0613,2686.2153,2818688,7763393,5375743,5250938,6487.82813359058,0.901666666666667
"Cuba",1991,-10946.034,670.1699,785.8804,1947.902,2807128,7856457,5418165,5295647,4485.95261825169,0.905333333333333
"Cuba",1992,-10946.034,713.8777,764.6065,1572.0972,2809254,7924109,5451717,5332032,2042.3773233516,0.57625
"Cuba",1993,-10946.034,737.2339,413.6399,1552.6906,2808930,7985205,5478723,5362211,519.323641794188,0.65975
"Cuba",1994,-10946.034,931.9206,421.9255,1636.0641,2807344,8043241,5498467,5388739,1549.90574179419,1.05125
"Cuba",1995,-10946.034,783.8555,428.4608,1812.4133,2805394,8100649,5513090,5413614,2316.92089780619,1.22516666666667
"Cuba",1996,-10946.034,785.0582,434.9373,1855.9575,2803194,8157818,5526101,5436930,2707.45168727533,0.527333333333333
"Cuba",1997,-10946.034,755.7402,443.6908,2074.4469,2795530,8218453,5538332,5459797,2169.84955170006,1.11466666666667
"Cuba",1998,-10946.034,783.7739,70.0128,1984.1024,2782107,8281990,5550561,5483197,1548.91975834312,1.20558333333333
"Cuba",1999,-10946.034,773.8928,69.7439,2029.712,2767563,8342441,5562926,5507169,1396.05634179419,0.7275
"Cuba",2000,-10946.034,843.283,98.8215,1938.732,2751655,8399081,5574842,5530949,1677.3406857076,0.491333333333333
"Cuba",2001,-10253.7563,788.718,118.2177,1879.0262,2734588,8451954,5585454,5553672,1663.71002458078,0.634833333333333
"Cuba",2002,-10253.7563,1078.404,159.3157,2093.7781,2716433,8501565,5595307,5574743,5001.14604112971,0.942333333333333
"Cuba",2003,-10253.7563,1163.1793,190.1149,2090.367,2704756,8540129,5606222,5592995,4962.75405170007,1.04025
"Cuba",2004,-10253.7563,1155.1294,216.0796,1929.2975,2699495,8567446,5616987,5608307,4749.16564179419,0.884
"Cuba",2005,-10253.7563,1179.0336,248.1239,2012.6195,2693118,8591135,5625118,5620997,4475.15885362524,0.791916666666667
"Cuba",2006,-10253.7563,1123.3766,256.5542,2364.3199,2685454,8610779,5630144,5630486,4769.96894179419,0.964416666666667
"Cuba",2007,-10253.7563,1126.4524,252.2518,2441.9702,2676725,8626962,5632650,5637238,4203.95084179419,0.82275
"Cuba",2008,-10253.7563,1142.9065,259.0531,2346.8488,2667669,8642085,5633996,5642613,4515.84674179419,0.621
"Cuba",2009,-10253.7563,1190.2778,259.6539,1940.2265,2659312,8659290,5635364,5647821,5072.87135170006,1.04766666666667
"Cuba",2010,-10253.7563,1247.1549,260.4134,1856.0766,2652264,8680787,5637179,5653239,4508.67994179419,0.7125
"Cuba",2011,-12709.8107,1307.8387,298.6588,1910.9352,2646885,8707766,5639643,5659068,2582.17885170006,0.694583333333333
"Cuba",2012,-12709.8107,1366.5294,280.0811,1969.3983,2642849,8739297,5643060,5666230,2398.56265170006,0.629166666666667
"Cuba",2013,-12709.8107,1397.692,293.598,1967.8614,2644532,8767635,5647146,5674433,2481.46224112971,0.961083333333333
"Cuba",2014,-12709.8107,1457.2486,309.6929,1726.3245,2647001,8792766,5650315,5681712,984.545324580775,1.05791666666667
"Cuba",2015,-12709.8107,1531.0279,441.5488,1678.7875,2648084,8813348,5652022,5687872,975.985129717085,1.58991666666667
"Cuba",2016,-3049.2,1602.6312,396.8197,1643.2507,2647509,8828473,5650455,5691556,11544.7571469305,1.34533333333333
"Cuba",2017,-3049.2,1465.0087,492.3937,1593.7137,2644108,8840528,5644544,5691861,11285.3756245808,1.17316666666667
"Cuba",2018,-3049.2,1410.9323,502.7027,1686.1769,2638265,8850817,5637159,5691084,11417.9658245808,1.23416666666667
"Cuba",2019,-3049.2,1382.1277,530.2108,1579.5399,2630623,8861423,5628282,5688414,12214.6423159382,1.64291666666667
"Cuba",2020,-3049.2,1392.1703,534.9977,1570.8031,2621644,8873848,5616818,5683880,11945.7534417942,1.63816666666667
"Cyprus",1990,-69.5346,62.4313,60.159,766.5268,254703,511911,399170,389330,4029.09984215768,0.16925
"Cyprus",1991,-69.5346,63.9007,64.1917,734.8439,256963,526166,404752,394308,4047.77824215768,0.136166666666667
"Cyprus",1992,-69.5346,76.576,83.4593,784.6884,259417,541192,410698,399733,4169.50660810459,-0.999583333333333
"Cyprus",1993,-69.5346,80.0935,98.6806,848.3598,263702,555049,418524,407461,4276.00400810459,-0.0880833333333333
"Cyprus",1994,-69.5346,81.9027,107.8781,886.8263,268585,568525,427656,416788,4343.41300810459,0.787583333333333
"Cyprus",1995,-69.5346,88.7961,109.6096,859.0473,273398,581986,436545,425873,4348.25700810459,0.14475
"Cyprus",1996,-69.5346,95.1512,84.7369,923.9203,278092,595331,445236,434823,4452.94040810459,0.471333333333333
"Cyprus",1997,-69.5346,97.2213,103.4409,895.9735,282661,608531,453764,443706,4432.00488755768,-0.09675
"Cyprus",1998,-69.5346,102.4614,110.809,865.442,287106,621598,462147,452514,4430.19338755768,1.00325
"Cyprus",1999,-69.5346,107.3986,128.0407,886.0466,291459,634591,470377,461223,4480.02658755768,1.12591666666667
"Cyprus",2000,-69.5346,116.3711,128.6136,929.2767,295736,647550,478455,469782,4541.25708755767,0.528333333333333
"Cyprus",2001,-275.1767,108.8321,140.693,937.0741,299901,660381,486510,478320,4782.29126687134,1.12683333333333
"Cyprus",2002,-275.1767,115.9489,150.7748,980.2194,305847,671119,494964,487231,4874.32928741825,0.754666666666667
"Cyprus",2003,-275.1767,138.8349,174.8281,990.6015,312451,681112,503815,496534,4993.51328741825,0.689083333333333
"Cyprus",2004,-275.1767,131.4479,170.2869,1079.5492,319186,691224,512738,505947,5060.56526402932,0.513
"Cyprus",2005,-275.1767,141.6113,183.1893,1087.4968,326096,701562,521680,515381,5994.37720293386,0.495416666666667
"Cyprus",2006,-275.1767,133.5716,184.4023,1147.8224,333253,712256,530622,524816,5457.0099170847,0.467083333333333
"Cyprus",2007,-275.1767,142.9655,194.3841,1166.1198,340577,723135,539584,534289,3930.12723162957,0.891666666666667
"Cyprus",2008,-275.1767,148.2145,206.7303,1200.4454,347846,733717,548572,543817,3476.84574293515,1.05775
"Cyprus",2009,-275.1767,150.3009,211.808,1080.7428,354733,743343,557572,553403,3137.90037467757,1.08116666666667
"Cyprus",2010,-275.1767,142.7108,214.1089,995.7752,361031,751576,566592,563093,2937.82799119305,2.10758333333333
"Cyprus",2011,-326.1576,148.7514,211.5193,1019.4578,366624,758211,574033,571053,2913.95729119305,0.489833333333333
"Cyprus",2012,-326.1576,143.4187,194.2451,988.6489,371602,763460,579665,576891,2825.01299119305,1.06666666666667
"Cyprus",2013,-326.1576,110.5739,158.7511,1242.0094,375923,767973,584829,582139,2923.86969119305,1.06791666666667
"Cyprus",2014,-326.1576,111.0161,163.8531,1474.9354,379900,772409,589809,587186,3150.75059119305,1.30958333333333
"Cyprus",2015,-326.1576,117.8563,168.9282,1400.844,383751,777234,594938,592342,3016.6970791716,0.958416666666667
"Cyprus",2016,-279.047,124.106,185.3188,1441.1204,387536,782589,600193,597688,3177.2656791716,1.32958333333333
"Cyprus",2017,-279.047,126.0182,188.0817,1516.6336,391192,788359,605429,603093,3304.4057791716,1.08141666666667
"Cyprus",2018,-279.047,126.0557,195.2253,1489.7796,394652,794433,610590,608241,3300.7084791716,2.06908333333333
"Cyprus",2019,-279.047,129.405,195.5437,1502.586,397812,800615,615637,613199,3319.5722791716,1.51266666666667
"Cyprus",2020,-279.047,131.5283,168.22,1599.003,400589,806754,619932,617605,3383.6540791716,1.78083333333333
"Czechia",1993,-9798.65,4168.5719,1475.0309,5659.7171,2599961,7759011,5012029,5306888,15349.9324784724,0.490333333333333
"Czechia",1994,-9798.65,4837.0933,1475.4785,6297.8068,2613909,7747333,5015353,5305949,16859.5529784724,1.78966666666667
"Czechia",1995,-9798.65,5501.922,1506.2995,6119.9692,2626627,7731829,5012565,5299136,17899.9244784725,0.72725
"Czechia",1996,-9798.65,5825.6669,1451.2603,6274.6511,2638101,7712469,5006368,5289283,17091.3082784724,-0.740416666666667
"Czechia",1997,-9798.65,5530.3186,1477.3918,6194.12,2648516,7690077,4999755,5279290,15966.6435784724,0.566666666666667
"Czechia",1998,-9798.65,5175.3574,1596.0117,6472.0056,2658157,7665331,4993837,5269995,15923.7417784724,1.04808333333333
"Czechia",1999,-9798.65,4762.8128,1676.3462,6179.7943,2667354,7639291,4988310,5260837,15812.6642784724,1.25041666666667
"Czechia",2000,-9798.65,4746.272,1813.5122,6392.561,2676516,7613078,4982884,5251826,16003.0318984016,2.02433333333333
"Czechia",2001,-7705.5263,4915.2485,1926.2564,6427.2907,2683121,7588083,4983413,5246864,19047.5925984016,0.847583333333333
"Czechia",2002,-7705.5263,4551.0118,1806.0898,6083.9539,2685263,7567176,4991124,5247046,17573.6022687567,1.63191666666667
"Czechia",2003,-7705.5263,4343.0174,1979.5834,6132.2936,2688862,7550415,4999838,5248199,17448.3826459334,1.25533333333333
"Czechia",2004,-7705.5263,4317.6081,2021.5133,6744.0339,2695998,7543538,5009974,5251025,18197.8234123912,0.803333333333333
"Czechia",2005,-7705.5263,4216.6694,1867.3957,6865.7454,2707979,7550197,5023250,5256863,17822.8314105345,0.67775
"Czechia",2006,-7705.5263,4188.9875,1957.5283,7057.1471,2725691,7572597,5039534,5265281,18059.0991105345,1.25416666666667
"Czechia",2007,-7705.5263,4241.0189,2130.6631,7259.2758,2748296,7608290,5059731,5278098,18689.6829105345,1.93016666666667
"Czechia",2008,-7705.5263,4075.0507,2274.8314,7356.3285,2773375,7650419,5083740,5294843,18668.5902652711,1.75041666666667
"Czechia",2009,-7705.5263,3816.8661,2168.7627,13424.2785,2797430,7689415,5108998,5312512,23568.7483652711,1.30608333333333
"Czechia",2010,-7705.5263,3790.5296,2345.9944,8688.0699,2817955,7718331,5134382,5330367,18731.9700652711,0.116
"Czechia",2011,-4845.0794,3516.9147,2349.8439,9249.2174,2834000,7734715,5152852,5343526,22357.4209652711,1.60691666666667
"Czechia",2012,-4845.0794,3332.9284,2304.6548,9222.8892,2837581,7749174,5161409,5349655,21769.7274652711,1.35025
"Czechia",2013,-4845.0794,3062.7234,2264.4774,9317.0372,2829750,7764731,5163495,5351057,21459.9396652711,1.02458333333333
"Czechia",2014,-4845.0794,2955.0388,2272.717,9973.7391,2820933,7777593,5166006,5351176,22240.6827652711,2.49625
"Czechia",2015,-4845.0794,2871.6861,2403.6096,10113.8456,2812446,7791316,5171974,5351824,22550.5469652711,2.35908333333333
"Czechia",2016,-6894.22,2899.3845,2606.5,10181.2083,2804473,7806474,5176674,5350917,20892.7056652711,1.76741666666667
"Czechia",2017,-6894.22,2747.2969,2668.3205,11220.7515,2795276,7823027,5181228,5350077,21893.0961652711,1.682
"Czechia",2018,-6894.22,2737.8086,2667.8268,11215.837,2784670,7840580,5185520,5349073,21826.4602652711,2.71233333333333
"Czechia",2019,-6894.22,2584.1082,2583.4318,11229.7207,2772368,7858221,5189271,5347600,21521.5289652711,2.6325
"Czechia",2020,-6894.22,2655.4397,2528.5633,10638.3015,2758156,7875268,5187485,5343468,20769.8173652711,2.32483333333333
"Czechoslovakia",1990,-19715.7465,1338.1172,2235.001,12113.5033,4863528,10766095,7569161,7993336,16531.0229365381,1.11366666666667
"Czechoslovakia",1991,-19715.7465,1184.6684,1957.52,9907.6068,4864958,10791027,7578221,8005366,12788.0677556858,-0.02675
"Czechoslovakia",1992,-19715.7465,1585.3801,2091.3429,9860.2159,4891679,10790672,7592238,8020611,6479.60396423781,1.16383333333333
"Democratic People's Republic of Korea",1990,-307.6736,0.0148,0.7011,6506.481,8445194,11847860,10057190,10742334,25580.7139830878,1.294
"Democratic People's Republic of Korea",1991,-307.6736,0.0553,2.475,6639.3963,8546319,12062831,10219138,10896396,25424.9933118049,0.647
"Democratic People's Republic of Korea",1992,-307.6736,0.0743,4.914,6698.4798,8651524,12285880,10385047,11054944,25025.0661449675,0.766333333333333
"Democratic People's Republic of Korea",1993,-307.6736,0.446,16.7677,6657.6619,8755951,12509883,10553790,11219227,25193.9655929545,0.444083333333333
"Democratic People's Republic of Korea",1994,-307.6736,0.1681,41.0519,7075.2304,8860053,12717929,10721512,11383712,25016.9048329207,1.42875
"Democratic People's Republic of Korea",1995,-307.6736,0.3837,73.2363,6900.8995,8959537,12902762,10864896,11520640,25113.4668239357,0.672
"Democratic People's Republic of Korea",1996,-307.6736,1.4939,237.0054,6439.025,9045032,13068516,10983578,11630769,25042.2356611947,0.394166666666667
"Democratic People's Republic of Korea",1997,-307.6736,3.4292,262.2214,5721.0954,9118285,13217353,11094390,11732983,24968.781552431,0.9075
"Democratic People's Republic of Korea",1998,-307.6736,4.2369,113.4706,3950.6237,9182867,13354469,11196822,11826815,22455.8471914619,1.81541666666667
"Democratic People's Republic of Korea",1999,-307.6736,6.4677,124.5753,4227.9225,9244274,13487711,11291886,11912612,23323.2423066477,1.32891666666667
"Democratic People's Republic of Korea",2000,-307.6736,9.4176,237.6651,5285.1452,9306352,13622723,11378028,11989032,25215.593215836,0.514083333333333
"Democratic People's Republic of Korea",2001,-1441.9921,13.5686,331.1169,5689.2136,9370467,13761343,11455522,12057001,21441.3052690971,0.810416666666667
"Democratic People's Republic of Korea",2002,-1441.9921,19.7948,418.5219,6030.74,9435113,13901568,11523015,12115395,21815.3676690971,0.89375
"Democratic People's Republic of Korea",2003,-1441.9921,27.4119,513.1687,6182.6136,9498234,14040306,11598071,12183636,22230.1986354032,1.04325
"Democratic People's Republic of Korea",2004,-1441.9921,36.1329,617.0301,6381.9501,9556633,14172865,11684142,12264788,23014.0423747548,1.54275
"Democratic People's Republic of Korea",2005,-1441.9921,45.6839,748.3327,6686.0188,9608248,14295919,11762651,12338331,23251.1155371247,0.495
"Democratic People's Republic of Korea",2006,-1441.9921,55.6985,778.6522,7086.1332,9652459,14408638,11832469,12403291,23565.288567421,1.10533333333333
"Democratic People's Republic of Korea",2007,-1441.9921,63.7402,786.1352,7278.7899,9690536,14512753,11895221,12461285,23340.411467421,1.65208333333333
"Democratic People's Republic of Korea",2008,-1441.9921,150.7118,828.8074,7384.6419,9724246,14610900,11953972,12515075,23790.7660958357,1.416
"Democratic People's Republic of Korea",2009,-1441.9921,234.1638,867.4293,7532.1611,9737390,14725631,12013177,12568332,23731.5702244224,0.920916666666667
"Democratic People's Republic of Korea",2010,-1441.9921,309.9719,872.438,7893.987,9744048,14847551,12070099,12616337,23825.1445244224,0.42325
"Democratic People's Republic of Korea",2011,0,359.5361,895.3892,8632.4262,9751147,14971151,12125094,12658695,25866.7290082294,0.496
"Democratic People's Republic of Korea",2012,0,423.7486,932.7795,8393.1223,9758191,15095843,12184978,12702791,25690.879250243,0.192166666666667
"Democratic People's Republic of Korea",2013,0,460.4421,974.3393,8803.7904,9765036,15220940,12251346,12750473,25770.6989176881,0.616583333333333
"Democratic People's Republic of Korea",2014,0,537.6503,1079.0379,10433.112,9770814,15345549,12324169,12801961,28126.3836183083,1.33066666666667
"Democratic People's Republic of Korea",2015,0,604.224,1206.6609,10753.7353,9775101,15468816,12402803,12855212,28236.2392993301,1.54725
"Democratic People's Republic of Korea",2016,88.4413,658.7111,1388.4881,11264.6361,9774246,15594374,12482556,12907056,29148.5024129895,1.40508333333333
"Democratic People's Republic of Korea",2017,88.4413,696.0004,1560.7267,11657.7794,9768556,15722409,12559931,12956390,30402.5929435663,1.34791666666667
"Democratic People's Republic of Korea",2018,88.4413,631.0199,1738.1136,11527.3667,9757856,15852816,12634957,13003192,30207.5653827008,0.9685
"Democratic People's Republic of Korea",2019,88.4413,705.4911,1930.2401,11566.534,9742025,15985383,12707874,13047566,30690.8242735493,1.9265
"Democratic People's Republic of Korea",2020,88.4413,681.2272,2093.0407,11988.2748,9720959,16119904,12778255,13089212,31268.2762087914,1.76675
"Democratic Republic of the Congo",1990,-65.4588,11.3884,792.2949,348.101,24011202,10603379,17791559,18195981,459541.320915204,0.15225
"Democratic Republic of the Congo",1991,-65.4588,11.5373,823.3239,257.1047,24757123,11157702,18397748,18797064,459473.68663363,0.26125
"Democratic Republic of the Congo",1992,-65.4588,11.3881,856.556,233.1089,25580052,11766095,18968253,19364049,459632.536982557,-0.258
"Democratic Republic of the Congo",1993,-65.4588,11.4781,471.7366,227.1132,26427813,12405782,19591730,19989114,459283.527505339,0.178833333333333
"Democratic Republic of the Congo",1994,-65.4588,11.4221,497.7059,239.1174,27228905,13044796,20555456,20956530,459322.265005339,0.2575
"Democratic Republic of the Congo",1995,-65.4588,11.3044,524.2633,272.1214,27936571,13659173,21439088,21846703,459283.554405339,0.343416666666667
"Democratic Republic of the Congo",1996,-65.4588,11.2684,552.844,278.1245,28532562,14237982,21847781,22270929,446931.657905339,-0.0608333333333333
"Democratic Republic of the Congo",1997,-65.4588,11.4234,580.7359,235.1277,29040816,14789330,22190172,22632027,460210.758805339,0.641333333333333
"Democratic Republic of the Congo",1998,-65.4588,11.484,95.5966,242.1306,29505448,15335081,22711323,23184201,463013.330105339,0.980083333333333
"Democratic Republic of the Congo",1999,-65.4588,11.4351,106.6842,256.1338,29990701,15907966,23354337,23872901,448394.986205339,0.440583333333333
"Democratic Republic of the Congo",2000,-65.4588,10.7263,202.1075,261.1373,30542153,16534234,24034091,24582226,441918.036935435,0.552583333333333
"Democratic Republic of the Congo",2001,-54.549,10.8622,281.6058,278.141,31172281,17222057,24773047,25333610,428215.411015204,0.421333333333333
"Democratic Republic of the Congo",2002,-54.549,10.8646,355.6019,310.1452,31867429,17968327,25544321,26117751,450631.452815204,0.859333333333333
"Democratic Republic of the Congo",2003,-54.549,10.8722,435.9596,342.1497,32619349,18770684,26310226,26895414,462821.644435435,0.9555
"Democratic Republic of the Congo",2004,-54.549,10.9003,524.1484,375.1545,33411557,19622660,27111713,27703894,467701.672821404,0.930416666666667
"Democratic Republic of the Congo",2005,-54.549,10.9188,635.6777,429.1595,34229993,20521483,27976983,28573264,468056.183554287,1.05608333333333
"Democratic Republic of the Congo",2006,-54.549,12.7369,661.5357,432.1648,35072910,21470101,28890555,29491075,472119.979369359,0.74175
"Democratic Republic of the Congo",2007,-54.549,13.3239,667.9317,441.1704,35944533,22473029,29842791,30446631,458153.586738485,0.821916666666667
"Democratic Republic of the Congo",2008,-54.549,13.7364,685.8083,400.176,36842282,23531326,30821476,31428249,464888.604471928,0.710583333333333
"Democratic Republic of the Congo",2009,-54.549,13.5689,700.8607,419.1821,37763464,24645971,31828645,32441587,463590.360171928,0.903166666666667
"Democratic Republic of the Congo",2010,-54.549,13.3469,687.719,432.1882,38705362,25817901,32885195,33506062,467531.239171928,1.29783333333333
"Democratic Republic of the Congo",2011,0,13.6022,691.1138,419.1945,39665446,27048151,34013052,34641217,701299.489387706,0.813666666666667
"Democratic Republic of the Congo",2012,0,10.9656,705.5235,403.2011,40641055,28337627,35181524,35816345,695996.981497151,0.5835
"Democratic Republic of the Congo",2013,0,10.9553,726.0092,419.2078,41629125,29686908,36408817,37051204,698825.897571055,0.995083333333333
"Democratic Republic of the Congo",2014,0,11.1756,796.3775,374.2149,42626472,31096388,37691853,38343735,695356.332551715,0.99075
"Democratic Republic of the Congo",2015,0,11.4038,887.335,402.2221,43630111,32566508,38997298,39659606,702216.323510549,1.05766666666667
"Democratic Republic of the Congo",2016,0,11.2762,1025.006,346.2295,44637912,34098241,40378425,41052552,702827.975489982,1.59083333333333
"Democratic Republic of the Congo",2017,0,10.8318,1156.7281,598.2372,45647604,35692384,41799533,42483740,701701.331494993,1.31658333333333
"Democratic Republic of the Congo",2018,0,10.8322,1320.3486,656.2449,46656050,37348939,43197045,43890310,691368.831089982,1.43708333333333
"Democratic Republic of the Congo",2019,0,11.006,1464.5665,708.2483,47659965,39067608,44600412,45306478,697264.181994993,1.495
"Democratic Republic of the Congo",2020,0,11.0499,1611.1327,710.2547,48656754,40848447,46065978,46787187,698776.161824101,1.6965
"Denmark",1990,-822.9159,2239.3833,1077.9941,4839.2894,779214,4361901,2535572,2609052,25901.2308289756,1.85283333333333
"Denmark",1991,-822.9159,2431.9481,1152.0893,5168.5715,779904,4375004,2542691,2615633,27037.5399289756,0.6735
"Denmark",1992,-822.9159,2369.2213,1127.0917,5719.8633,781033,4390617,2551748,2623721,27309.0280361364,1.42041666666667
"Denmark",1993,-822.9159,2293.3817,1057.3128,5674.2467,782513,4408229,2561544,2632231,27285.1999361364,0.196
"Denmark",1994,-822.9159,2319.3789,1051.6015,6297.0307,784208,4427126,2572184,2641615,27988.0474361364,1.11741666666667
"Denmark",1995,-822.9159,2159.2603,1029.4222,6355.2391,786011,4446693,2583517,2651680,27868.3889361364,0.766833333333333
"Denmark",1996,-822.9159,2329.2041,1186.0918,5677.8424,787920,4466940,2594581,2661426,27306.6065361364,-0.630666666666667
"Denmark",1997,-822.9159,2074.8099,1123.6606,5911.969,789927,4487784,2605943,2671439,27025.9312361364,0.918583333333333
"Denmark",1998,-822.9159,1932.5805,1099.4306,5801.5862,791896,4508483,2617439,2681553,26489.7144361364,0.767666666666667
"Denmark",1999,-822.9159,1800.5475,1106.4782,5811.8698,793664,4528110,2628665,2691189,26016.9304361364,1.43491666666667
"Denmark",2000,-822.9159,1683.0806,1114.757,6010.6724,795838,4545356,2639977,2700678,26076.1316361364,1.84275
"Denmark",2001,-1168.9417,1660.8989,1191.0416,5372.6293,795683,4562379,2650841,2709907,25464.4389289756,0.7725
"Denmark",2002,-1168.9417,1632.2295,1223.9199,5148.8647,792499,4580302,2660688,2718010,25011.6256289756,1.54816666666667
"Denmark",2003,-1168.9417,1738.8729,1347.2327,4957.0675,788673,4598295,2670276,2726079,25033.9461289756,1.06758333333333
"Denmark",2004,-1168.9417,1505.2405,1263.5787,4751.8344,779832,4622929,2680336,2735249,23111.8697289756,1.038
"Denmark",2005,-1168.9417,1387.9052,1264.2131,4564.6738,766864,4654838,2691148,2745164,22747.9008289756,1.15891666666667
"Denmark",2006,-1168.9417,1675.6352,1452.2218,4271.9638,756876,4687427,2702483,2755381,23525.3682442816,1.7205
"Denmark",2007,-1168.9417,1558.5794,1412.9755,4354.7065,749746,4720211,2714086,2765637,31656.0526265856,1.87358333333333
"Denmark",2008,-1168.9417,1477.4432,1373.6208,4308.7633,742924,4754871,2726335,2776416,22539.7037442816,1.763
"Denmark",2009,-1168.9417,1460.6529,1385.6422,3913.1634,737584,4788863,2738881,2787572,21475.3821841106,1.15941666666667
"Denmark",2010,-1168.9417,1299.7159,1282.2042,3786.9517,733539,4821305,2751811,2799037,21334.4347276508,-0.622416666666667
"Denmark",2011,-3105.3669,1111.94,1088.9908,4411.7757,728151,4854722,2765087,2810929,19245.0143289756,1.42058333333333
"Denmark",2012,-3105.3669,926.2341,1000.8446,5171.2089,721427,4889233,2778293,2822666,19036.7401289756,0.7555
"Denmark",2013,-3105.3669,1006.5248,1005.8532,5300.4974,716440,4921377,2791324,2834061,19259.2460289756,0.8365
"Denmark",2014,-3105.3669,823.9494,871.5051,5231.9426,713100,4950814,2804755,2845898,18479.0921289756,2.51816666666667
"Denmark",2015,-3105.3669,602.9079,636.4212,4534.5596,709587,4979108,2819175,2858620,17043.8904800481,1.80575
"Denmark",2016,-2544.3042,678.6537,728.7855,4624.9967,705862,5006008,2834668,2872189,20140.2637800481,1.67175
"Denmark",2017,-2544.3042,552.615,582.9125,4161.2086,701971,5031580,2850791,2886493,19199.4189953541,1.56491666666667
"Denmark",2018,-2544.3042,576.4352,649.8924,4285.6435,697769,5056587,2866323,2900363,19434.9434953541,2.13208333333333
"Denmark",2019,-2544.3042,401.8861,414.1888,3914.6086,693384,5081840,2881706,2914173,18369.964961573,2.23491666666667
"Denmark",2020,-2544.3042,410.6139,358.3682,3757.8502,688897,5107903,2897282,2928360,16969.7904858829,2.60575
"Djibouti",1990,0,5.0654,9.5103,3.5817,141949,448449,286596,290577,1914.44394800008,0.47
"Djibouti",1991,0,5.3184,9.9454,4.5218,144952,461892,312096,316425,1927.80084800008,0.501727272727273
"Djibouti",1992,0,6.8839,10.5848,3.3318,146626,468428,309348,313849,1939.43874800008,0.5345
"Djibouti",1993,0,7.1963,8.7754,3.4418,147158,471337,303343,307887,1934.32294800008,0.0980909090909091
"Djibouti",1994,0,7.0631,8.954,3.3318,147789,474577,309483,313995,1942.05614800008,0.32775
"Djibouti",1995,0,6.6949,10.0066,3.3618,149401,480987,312600,317019,1958.87274800008,0.73825
"Djibouti",1996,0,6.4059,10.3022,3.3619,152253,491429,320139,324510,1967.16954800008,0.680916666666667
"Djibouti",1997,0,7.2509,11.5276,3.3319,156032,504921,331724,336062,1978.25184800008,0.697083333333333
"Djibouti",1998,0,7.4491,10.3725,3.352,160358,520254,345318,349602,1992.03294800008,0.965416666666667
"Djibouti",1999,0,7.6944,12.1164,3.812,164626,535473,357573,361798,2104.93591067151,0.411916666666667
"Djibouti",2000,0,12.291,18.643,2.2821,168406,549178,368935,373098,2116.18461067151,0.8238
"Djibouti",2001,0,13.1388,24.2383,2.3621,171618,561093,380707,384784,2115.36011067151,0.8514
"Djibouti",2002,0,13.5249,23.3202,2.5222,174439,571782,392572,396557,2116.01421067151,1.47118181818182
"Djibouti",2003,0,11.6675,20.6949,1.4022,176988,581627,401257,405154,1996.55194272884,1.27466666666667
"Djibouti",2004,0,12.8753,23.4749,2.6022,179465,591287,407280,411093,2019.79774800008,1.00963636363636
"Djibouti",2005,0,12.0372,26.0464,2.3223,182018,601236,413536,417325,2029.11324800008,1.12683333333333
"Djibouti",2006,0,11.271,53.8872,2.2723,184663,611545,421567,425380,2037.71344272884,0.967916666666667
"Djibouti",2007,0,11.2407,57.5967,2.5824,187353,622049,430661,434536,2060.31554800008,0.777416666666667
"Djibouti",2008,0,12.1696,59.4218,2.3924,190109,632825,439452,443433,2064.45944800008,0.310583333333333
"Djibouti",2009,0,12.2408,62.918,2.4524,192941,643899,448524,452579,2068.13464800008,1.53283333333333
"Djibouti",2010,0,12.1665,67.1491,2.7325,195770,655376,457521,461678,2063.06344272884,0.9412
"Djibouti",2011,0,11.3622,70.1185,2.5925,198612,667325,466253,470557,2163.44007652754,0.953777777777778
"Djibouti",2012,0,11.4346,78.9198,3.0626,201456,679729,474899,479398,2598.89468998517,1.4184
"Djibouti",2013,0,12.7732,79.5193,62.0026,204251,692437,483527,488225,2669.57648998517,1.1055
"Djibouti",2014,0,11.9239,85.2941,69.3026,206929,705235,492063,497024,2591.87062731374,1.13216666666667
"Djibouti",2015,0,12.5853,90.6823,57.1027,209442,717972,500482,505777,2586.68860426607,1.70463636363636
"Djibouti",2016,0.0059,12.8149,96.8014,53.0028,211764,730569,508832,514429,1452.75724094154,1.3575
"Djibouti",2017,0.0059,14.0049,109.658,65.0028,213906,743079,517141,523091,1477.43954094154,1.64866666666667
"Djibouti",2018,0.0059,14.0979,115.8997,72.8028,215875,755533,525424,531774,1493.38948445702,1.4459
"Djibouti",2019,0.0059,15.5043,124.7749,80.7029,217689,768001,533626,540367,1511.14418445702,1.54566666666667
"Djibouti",2020,0.0059,15.2445,132.9078,80.8029,219361,780538,541471,548686,1504.9348581689,1.45977777777778
"Dominica",1990,0.1781,3.7074,0.1372,0.8173,26187,44739,34472,35009,2703.11906653966,0.379166666666667
"Dominica",1991,0.1781,3.8953,0.1486,0.8455,25162,45680,34285,34856,2711.25513409351,0.412583333333333
"Dominica",1992,0.1781,3.6759,0.1357,0.8487,25145,45825,34286,34825,2711.17413409351,0.508833333333333
"Dominica",1993,0.1781,4.2296,0.1428,18.6031,25168,46042,34336,34833,2730.30703409351,0.543
"Dominica",1994,0.1781,4.6453,0.1327,24.5036,25164,46209,34377,34822,2736.93103409351,0.537083333333333
"Dominica",1995,0.1781,6.8803,0.7811,25.5041,25100,46268,34411,34789,2741.70303409351,0.7465
"Dominica",1996,0.1781,6.8603,3.6539,31.3047,24959,46186,34425,34741,2755.32779063834,0.346416666666667
"Dominica",1997,0.1781,7.2863,3.912,29.9052,24760,45993,34414,34666,2755.95279063834,0.6895
"Dominica",1998,0.1781,7.429,4.1963,2.6458,24537,45753,34380,34558,2729.30658597167,1.00933333333333
"Dominica",1999,0.1781,7.4099,5.0776,29.1063,24341,45562,34292,34406,2775.54374792381,0.4185
"Dominica",2000,0.1781,7.3812,3.7145,30.1056,24202,45474,34133,34213,2576.06545738086,0.256583333333333
"Dominica",2001,-10.5184,7.5411,3.6912,26.8061,24118,45552,34059,34093,1374.00836501791,0.6065
"Dominica",2002,-10.5184,8.1672,3.8775,23.5022,23957,45867,34159,34103,1369.19916501791,0.645416666666667
"Dominica",2003,-10.5184,7.8429,3.5744,25.0024,23836,46257,34296,34147,1371.90086501791,0.7855
"Dominica",2004,-10.5184,7.4407,5.4987,24.1034,23719,46660,34414,34160,1389.64345008458,0.470416666666667
"Dominica",2005,-10.5184,7.3773,5.5787,22.8036,23589,47038,34519,34154,1387.92885008458,0.838583333333333
"Dominica",2006,-10.5184,6.9885,5.3775,23.3492,23435,47372,34590,34152,1396.96155425125,0.732083333333333
"Dominica",2007,-10.5184,7.489,6.3932,20.1655,23270,47680,34630,34145,1397.12735425125,0.842833333333333
"Dominica",2008,-10.5184,7.5266,6.6658,21.3702,23098,47976,34663,34119,1398.43525425125,0.3555
"Dominica",2009,-10.5184,7.6452,7.0484,17.2573,22937,48292,34697,34089,1396.50745425125,0.611416666666667
"Dominica",2010,-10.5184,8.3114,9.1836,11.1538,22793,48647,34717,34038,1389.62995425125,1.17583333333333
"Dominica",2011,-6.4398,8.7675,9.4404,11.1527,22671,49047,34718,34025,1395.74965425125,0.580666666666667
"Dominica",2012,-6.4398,8.7682,9.4582,4.632,22561,49483,34761,34127,1389.25255425125,0.718333333333333
"Dominica",2013,-6.4398,9.368,8.9648,4.6339,22457,49943,34742,34077,1390.07555425125,0.732
"Dominica",2014,-6.4398,9.7466,9.394,4.6597,22358,50420,34926,34444,1391.40735425125,0.6645
"Dominica",2015,-6.4398,10.1426,9.1849,4.6674,22256,50906,35144,34863,1391.39435425125,0.994166666666667
"Dominica",2016,-13.9262,10.5305,9.3478,4.6674,22151,51392,35179,34895,1384.61145425125,1.04133333333333
"Dominica",2017,-13.9262,8.6262,7.9235,4.7239,22044,51881,35299,35104,1380.91755425125,0.797666666666667
"Dominica",2018,-13.9262,6.8139,7.0069,4.7637,21933,52375,35452,35370,1381.66855425125,0.522666666666667
"Dominica",2019,-13.9262,8.7204,7.3789,0.077,21816,52863,35673,35755,1376.23085425125,0.85575
"Dominica",2020,-13.9262,8.412,7.6296,0.0804,21697,53355,35883,36112,1375.02055425125,0.971583333333333
"Dominican Republic",1990,-7268.415,659.3361,511.2726,481.0209,3216409,3967238,3552383,3576621,2073.34472747682,0.51025
"Dominican Republic",1991,-7268.415,759.2367,519.8834,557.0214,3260144,4065478,3626593,3651809,2536.79412747682,0.402
"Dominican Republic",1992,-7268.415,758.9413,536.5137,612.0218,3303529,4165022,3700622,3726718,2571.89442747682,0.53375
"Dominican Republic",1993,-7268.415,808.3145,296.7503,571.0222,3346216,4265249,3774635,3801439,2456.71122747682,0.561916666666667
"Dominican Republic",1994,-7268.415,919.9932,313.7431,573.0226,3353062,4399990,3853829,3870105,2723.94582747682,0.853666666666667
"Dominican Republic",1995,-7268.415,941.7214,328.6504,649.023,3346565,4545858,3937354,3932399,3122.36144893486,0.92125
"Dominican Republic",1996,-7268.415,1021.6401,318.1563,754.0234,3336858,4692255,4019019,3993294,3573.53904893486,0.549416666666667
"Dominican Republic",1997,-7268.415,908.9576,335.9492,827.0238,3324487,4838985,4098186,4051890,3807.81528429999,1.20766666666667
"Dominican Republic",1998,-7268.415,1091.0078,86.9705,860.0242,3309638,4986737,4174323,4107802,4624.40991686717,1.34958333333333
"Dominican Republic",1999,-7268.415,1135.0103,354.2995,1030.0246,3293001,5136111,4248886,4162488,5247.20301686717,0.73675
"Dominican Republic",2000,-7268.415,1241.5301,438.497,1120.025,3274904,5287718,4323440,4217351,5667.80151686717,0.737083333333333
"Dominican Republic",2001,-1937.5125,1230.1678,564.1369,1250.0254,3255760,5441366,4397423,4271617,11160.1787168672,0.928
"Dominican Republic",2002,-1937.5125,1091.2822,617.6524,1340.0258,3235194,5597091,4464921,4330181,10505.8912168672,0.989083333333333
"Dominican Republic",2003,-1937.5125,1030.4106,597.9276,1270.0261,3174168,5793592,4526492,4393360,10043.3446168672,1.20508333333333
"Dominican Republic",2004,-1937.5125,1065.6181,622.5092,1170.0265,3094744,6008254,4587454,4455672,10458.6666168672,0.78825
"Dominican Republic",2005,-1937.5125,1114.7948,745.9424,1210.027,3014191,6223375,4647506,4517262,11032.5865168672,0.905333333333333
"Dominican Republic",2006,-1937.5125,1235.5283,796.2037,1590.0273,2932247,6439091,4706176,4577992,11780.2452168672,1.129
"Dominican Republic",2007,-1937.5125,1163.1434,816.0667,1710.0278,2849396,6654957,4763782,4638424,12206.5974168672,1.16333333333333
"Dominican Republic",2008,-1937.5125,1278.923,862.5925,1730.0281,2765725,6870795,4822328,4700619,12328.6114657947,0.639
"Dominican Republic",2009,-1937.5125,1252.3804,868.3258,1580.0284,2681990,7085768,4882666,4765395,12116.3827657947,0.805166666666667
"Dominican Republic",2010,-1937.5125,1182.0565,892.5568,1670.0289,2597931,7300054,4943959,4831796,12229.1462657947,1.05091666666667
"Dominican Republic",2011,-1175.405,1092.5578,905.6627,1620.0292,2524085,7503010,5005175,4898563,13373.7122657947,0.638666666666667
"Dominican Republic",2012,-1175.405,1100.9482,931.3659,1660.0297,2457254,7697696,5065869,4965013,13440.8790657947,0.818
"Dominican Republic",2013,-1175.405,1054.7034,906.6445,1710.0299,2390521,7890775,5126060,5030991,13889.9604657947,1.2335
"Dominican Republic",2014,-1175.405,1196.6456,1047.7766,2000.0302,2323582,8082262,5185752,5096363,14020.3875657947,1.04608333333333
"Dominican Republic",2015,-1175.405,1294.0027,1141.1394,2070.0307,2256692,8271702,5244874,5160958,14530.7796657947,1.38233333333333
"Dominican Republic",2016,-2161.005,1313.6766,1255.276,2070.031,2189850,8458941,5303141,5224450,14708.7180657947,0.995083333333333
"Dominican Republic",2017,-2161.005,1209.9686,1351.3963,2110.0313,2123575,8643423,5360426,5286818,14923.6316657947,1.04341666666667
"Dominican Republic",2018,-2161.005,1212.6789,1528.3515,2180.0318,2059693,8823303,5416994,5348537,15398.8786657947,1.12175
"Dominican Republic",2019,-2161.005,1313.5917,1718.0554,2230.0321,1998330,8998444,5472410,5409472,16019.8794657947,1.33366666666667
"Dominican Republic",2020,-2161.005,1253.417,1752.9578,2230.0326,1939482,9168876,5527482,5472181,15774.8741657947,1.41641666666667
"Ecuador",1990,-1042.183,671.1929,43.1657,1128.1713,4588951,5629140,5239060,5210778,48793.273323429,0.482416666666667
"Ecuador",1991,-1042.183,801.1995,55.3678,1158.421,4633280,5827710,5356901,5329377,48764.628223429,0.555166666666667
"Ecuador",1992,-1042.183,889.9166,73.5103,1128.73,4686298,6019369,5470462,5443760,49865.2310359919,0.834333333333333
"Ecuador",1993,-1042.183,870.8683,55.1517,1069.5919,4737460,6213742,5579330,5553499,50076.9107023058,0.606833333333333
"Ecuador",1994,-1042.183,927.0134,58.9439,1101.0342,4786069,6410410,5686302,5661350,50481.534807336,0.379416666666667
"Ecuador",1995,-1042.183,1137.4424,102.8887,1303.4353,4831842,6608741,5792883,5768799,51299.3208007314,0.688583333333333
"Ecuador",1996,-1042.183,1181.0959,112.2348,1486.6986,4874725,6808754,5899241,5875980,51825.7205007314,0.0306666666666667
"Ecuador",1997,-1042.183,1307.6885,142.8728,1430.0813,4914933,7010060,6005171,5982667,52131.4428823582,1.40358333333333
"Ecuador",1998,-1042.183,1411.642,161.7193,1314.0566,4951762,7212123,6110733,6088961,51699.8669823582,1.19783333333333
"Ecuador",1999,-1042.183,1255.829,131.83,1175.9914,4984773,7413918,6216530,6195516,51170.7741823582,0.186083333333333
"Ecuador",2000,-1042.183,1290.5918,140.3729,1411.6187,5013641,7614955,6323386,6303121,50966.8523823582,0.245916666666667
"Ecuador",2001,-594.4333,1342.2746,190.3237,1468.8981,5038399,7814356,6432559,6412962,43841.0702007314,0.518583333333333
"Ecuador",2002,-594.4333,1471.6494,219.9603,1516.6368,5082637,7989423,6544813,6525796,44184.3660098563,0.777333333333333
"Ecuador",2003,-594.4333,1521.8458,245.7253,1554.5964,5140934,8148667,6659818,6641367,45609.9024659032,0.81175
"Ecuador",2004,-594.4333,1713.8998,288.3569,1688.1657,5199348,8310299,6776204,6758388,45807.5727622896,0.848416666666667
"Ecuador",2005,-594.4333,1970.4374,357.5856,1780.4981,5259140,8476093,6893501,6876511,45875.8835446079,0.815833333333333
"Ecuador",2006,-594.4333,2058.3486,424.0723,1959.0408,5320597,8646883,7012450,6996611,46154.0259683947,0.844583333333333
"Ecuador",2007,-594.4333,1497.4836,426.018,2069.041,5383366,8822087,7133070,7118765,45729.1212295107,0.762666666666667
"Ecuador",2008,-594.4333,1514.511,420.2538,2488.6791,5446778,9000784,7254593,7242204,46324.6710434145,0.736416666666667
"Ecuador",2009,-594.4333,1714.2645,503.3133,2388.5822,5509980,9181295,7376503,7366263,47440.7884960388,1.00558333333333
"Ecuador",2010,-594.4333,1751.2524,558.7538,2377.5135,5572140,9362550,7498852,7490733,49674.0624174564,1.00625
"Ecuador",2011,-3409.3808,1775.2989,539.1131,2550.6143,5638262,9539093,7622056,7615672,37220.81363778,0.821833333333333
"Ecuador",2012,-3409.3808,1824.3149,575.2842,2659.5722,5707115,9712551,7744557,7739326,37000.6000763459,0.633166666666667
"Ecuador",2013,-3409.3808,1943.919,634.0323,2937.5318,5775237,9886310,7863795,7859194,37820.484892356,0.53425
"Ecuador",2014,-3409.3808,2059.6409,677.4054,2936.4631,5842585,10060527,7981215,7976779,39374.7859326735,1.02758333333333
"Ecuador",2015,-3409.3808,2091.038,679.7987,2654.4227,5909194,10235174,8100227,8095675,38921.9349326735,1.44325
"Ecuador",2016,0,2065.8232,520.4933,2543.3805,5974947,10410121,8222126,8217460,47418.447798018,1.48891666666667
"Ecuador",2017,0,1966.7828,443.1788,2601.3401,6039811,10585047,8350700,8346245,46676.9134796219,1.14858333333333
"Ecuador",2018,0,1966.7537,541.2978,2640.2714,6101055,10762370,8509651,8506021,46670.110598018,0.942166666666667
"Ecuador",2019,0,1955.0014,479.9277,2868.231,6158510,10941934,8672767,8670974,46214.8432794539,1.3245
"Ecuador",2020,0,2002.2853,466.3191,2877.1889,6212001,11123641,8790148,8798448,46133.8270794539,1.50375
"Egypt",1990,-409.2139,3184.157,1785.7931,11983.8881,32450634,24961581,28850560,28364070,38981.1048382412,0.13925
"Egypt",1991,-409.2139,3333.5821,1799.6545,13458.6545,33286280,25466110,29568592,29042440,41844.0679382412,-0.0408333333333333
"Egypt",1992,-409.2139,3607.905,1788.723,15174.4834,34093157,25942379,30275771,29713371,44746.7256650833,-0.509333333333333
"Egypt",1993,-409.2139,3754.7711,1355.4645,14804.6974,34878644,26396957,30993632,30388568,45196.8840125261,0.311583333333333
"Egypt",1994,-409.2139,4216.764,1399.4258,15395.2949,35656107,26839638,31712644,31063203,47873.7426350768,0.3165
"Egypt",1995,-409.2139,4704.6015,1448.8708,16351.7888,36435885,27278501,32428106,31738802,50062.5251844871,0.249166666666667
"Egypt",1996,-409.2139,6028.6655,1753.1796,17431.6039,37219192,27714264,33146887,32418308,54207.3051350768,0.449833333333333
"Egypt",1997,-409.2139,6834.706,1995.9634,17178.0141,37932213,28218904,33882957,33110772,56951.1125090491,-0.0498333333333334
"Egypt",1998,-409.2139,7759.3021,1251.4294,19192.1588,38604731,28773325,34631866,33814145,59308.4755942793,0.805166666666667
"Egypt",1999,-409.2139,8800.4665,1273.4589,19869.5163,39288516,29338148,35385649,34522238,63307.3801993022,0.84225
"Egypt",2000,-409.2139,7731.0355,1712.6742,21169.9625,39988667,29917321,36137296,35234075,65789.5455436896,0.0205833333333333
"Egypt",2001,-170.8601,8448.5662,2238.1154,22395.5438,40711513,30515427,36896146,35958115,68673.0814993022,0.611916666666667
"Egypt",2002,-170.8601,9042.6665,2600.5059,23402.082,41457204,31132914,37686851,36706908,73067.8518993022,0.884583333333333
"Egypt",2003,-170.8601,9809.915,2728.8553,22656.8097,42217976,31763966,38492094,37471228,73940.2359993022,0.674333333333333
"Egypt",2004,-170.8601,11178.3383,3276.3238,23731.2206,42982044,32399855,39286378,38236048,77741.5638220286,0.66525
"Egypt",2005,-170.8601,11886.2948,3620.7797,25849.415,43742795,33035354,40071848,39003462,84928.0687105314,0.644916666666667
"Egypt",2006,-170.8601,12556.0202,3808.0725,27799.3385,44493461,33665587,40852875,39776795,89838.9142277958,0.524333333333333
"Egypt",2007,-170.8601,13613.7537,3893.7885,29845.9499,45274468,34262785,41650626,40568130,108179.52009884,0.6795
"Egypt",2008,-170.8601,15030.9681,4296.3821,30865.0327,46096587,34857294,42466097,41378685,113337.179519907,1.04866666666667
"Egypt",2009,-170.8601,16160.8521,4504.8784,32911.6306,46973046,35491976,43295925,42205138,117199.29290583,0.91
"Egypt",2010,-170.8601,15755.731,4222.5876,37477.1599,47925009,36182597,44175744,43076670,118772.637429828,2.36675
"Egypt",2011,0,16684.9067,4508.4541,38551.2557,48961610,36935951,45169115,44030939,122325.513894843,0.461666666666667
"Egypt",2012,0,17218.9333,4852.3756,38161.1136,50100764,37712493,46209495,45030881,123556.075892863,1.00625
"Egypt",2013,0,17489.9647,4508.3444,36848.0115,51286648,38520785,47285316,46092575,111041.855531554,1.00975
"Egypt",2014,0,18144.4456,5409.8454,37523.7094,52480985,39331581,48398933,47193391,114493.190374579,1.387
"Egypt",2015,0,18720.9907,5710.4643,36977.7913,53654843,40123329,49472593,48251205,109908.21888199,1.07141666666667
"Egypt",2016,0,19420.6517,5616.8788,36790.7308,54799311,40889370,50509730,49274300,111431.364582299,1.30208333333333
"Egypt",2017,0,18965.6923,5762.1846,38598.0407,55893406,41659745,51515521,50273865,115473.255982299,0.869333333333333
"Egypt",2018,0,18738.5086,5952.8857,38179.2561,56938212,42437529,52490759,51250007,115928.926898697,1.89258333333333
"Egypt",2019,0,18755.569,6070.1768,37749.774,57939247,43229498,53429404,52189268,115464.161595972,1.08758333333333
"Egypt",2020,0,18238.4456,6054.1219,36608.7495,58900432,44041052,54357401,53107732,112999.717124256,1.23783333333333
"El Salvador",1990,-61.5014,89.077,7.7057,337.0161,2665664,2589320,2604746,2762433,6767.94269066261,0.561083333333333
"El Salvador",1991,-61.5014,136.9912,33.9012,354.0172,2674308,2652349,2649076,2811994,6955.77299066262,0.586916666666667
"El Salvador",1992,-61.5014,149.3394,35.5602,241.0198,2683160,2717171,2692416,2859789,6915.14739066262,0.600333333333333
"El Salvador",1993,-61.5014,177.416,47.7462,432.0302,2659423,2814577,2728859,2902128,7017.08681975491,0.2675
"El Salvador",1994,-61.5014,224.9256,68.52,438.0511,2622523,2922422,2756166,2936872,7120.71701975491,0.72075
"El Salvador",1995,-61.5014,273.4491,81.7156,450.0943,2581801,3029314,2780097,2968099,7173.83621975491,0.553416666666667
"El Salvador",1996,-61.5014,214.6302,59.0452,489.7958,2537182,3134743,2801044,2996095,7174.66941975491,0.04475
"El Salvador",1997,-61.5014,299.8734,96.5516,504.9939,2489440,3238315,2820521,3022117,7325.25281975491,0.766333333333333
"El Salvador",1998,-61.5014,321.3601,103.3821,537.2327,2438614,3340092,2838747,3046336,7382.75001975491,0.847416666666667
"El Salvador",1999,-61.5014,300.2706,84.2474,561.6871,2425799,3399388,2855297,3068555,7341.85397157509,0.261166666666667
"El Salvador",2000,-61.5014,350.0707,80.0972,562.4952,2410885,3456741,2869807,3088675,7407.46137157509,0.346916666666667
"El Salvador",2001,-61.7417,350.3767,90.3852,619.8524,2394061,3511901,2881789,3106305,7542.95447157509,0.611166666666667
"El Salvador",2002,-61.7417,328.1339,98.2239,734.4039,2375312,3564991,2890463,3120812,7631.73657157508,0.701916666666667
"El Salvador",2003,-61.7417,399.7409,114.7333,748.1781,2355110,3616425,2895077,3131771,7745.96707157508,0.807
"El Salvador",2004,-61.7417,426.2952,120.2687,709.4663,2333904,3666871,2896010,3139645,7784.85167157508,0.654416666666667
"El Salvador",2005,-61.7417,408.4963,125.4588,665.4348,2312232,3716729,2893341,3144476,7821.56294156504,0.532666666666667
"El Salvador",2006,-61.7417,482.3133,130.3853,764.9298,2290130,3766348,2887716,3146720,8029.15867515201,0.530166666666667
"El Salvador",2007,-61.7417,480.4058,129.7311,735.9955,2264614,3818861,2890138,3153993,8083.46017157509,0.379583333333333
"El Salvador",2008,-61.7417,472.4123,136.8377,730.7413,2219385,3890916,2901244,3166854,8120.86387157508,0.20675
"El Salvador",2009,-61.7417,497.9466,152.3685,695.4872,2174461,3962815,2911996,3179191,8088.36887157508,0.831166666666667
"El Salvador",2010,-61.7417,486.3401,162.7423,731.2331,2129728,4034898,2922675,3191359,8086.57787157508,0.35125
"El Salvador",2011,-61.5014,450.5955,170.2837,754.8942,2085360,4107200,2933557,3203792,7869.34094805139,0.614583333333333
"El Salvador",2012,-61.5014,439.764,240.954,790.6118,2041361,4179885,2944707,3216582,7952.32254805139,0.64325
"El Salvador",2013,-61.5014,469.7294,245.7239,715.3295,1997999,4252778,2955948,3229694,7930.42314805139,0.6125
"El Salvador",2014,-61.5014,528.1246,253.8124,656.0754,1955077,4326112,2966755,3242771,7947.37904805139,0.653
"El Salvador",2015,-61.5014,550.7821,266.4357,667.793,1912681,4399797,2976076,3254990,7979.47424805139,1.42766666666667
"El Salvador",2016,-61.5014,443.1078,266.3409,635.5106,1871635,4473087,2983896,3266614,7787.04134805139,1.17741666666667
"El Salvador",2017,-61.5014,338.1105,245.7838,653.2565,1832049,4545804,2989691,3276963,7741.56964805139,0.695
"El Salvador",2018,-61.5014,500.6741,247.4729,738.9742,1793751,4617807,2992279,3284064,7920.20074805139,0.720416666666667
"El Salvador",2019,-61.5014,684.7724,264.3428,772.6918,1756617,4688788,2992539,3287678,8190.07514805139,1.016
"El Salvador",2020,-61.5014,569.9318,267.7922,780.4377,1720558,4758508,2997430,3295300,8031.39444805139,1.4535
"Equatorial Guinea",1990,-5730.0833,4.4853,10.0489,1.9212,278540,148306,229490,236059,7193.43853552116,0.189333333333333
"Equatorial Guinea",1991,-5730.0833,4.3307,10.901,2.0313,283109,157515,238284,244858,7195.32763552116,0.231
"Equatorial Guinea",1992,-5730.0833,4.5708,11.2845,1.9813,287810,167338,247373,253962,7111.81726355127,-0.0172727272727273
"Equatorial Guinea",1993,-5730.0833,4.3752,7.2058,2.0314,292756,177854,256817,263419,7107.50556355127,0.179666666666667
"Equatorial Guinea",1994,-5730.0833,4.3057,8.2127,2.0714,297977,189163,267057,272935,7108.58976355128,0.368636363636364
"Equatorial Guinea",1995,-5730.0833,4.2406,9.8522,2.1215,300427,204444,278197,282544,7112.06136355128,0.940090909090909
"Equatorial Guinea",1996,-5730.0833,4.3307,11.4419,2.1615,302941,221058,289966,292606,7121.02236355128,0.412416666666667
"Equatorial Guinea",1997,-5730.0833,4.2338,13.1015,2.2216,305579,239057,302418,303152,7136.12646355128,0.394857142857143
"Equatorial Guinea",1998,-5730.0833,4.0255,9.1459,2.2717,308179,258494,315548,314187,7129.65266355128,0.96275
"Equatorial Guinea",1999,-5730.0833,6.4189,12.1752,2.3617,310603,279335,329318,325711,7145.72216355128,0.596454545454545
"Equatorial Guinea",2000,-5730.0833,6.5692,21.3298,2.6118,312737,301586,345748,339229,7171.81286355127,0.387916666666667
"Equatorial Guinea",2001,0,6.3451,28.8946,497.6419,314556,325206,364688,354582,7482.12330262545,0.39225
"Equatorial Guinea",2002,0,8.7553,36.0299,518.3219,316058,350349,383968,370147,7533.46340262545,0.612666666666667
"Equatorial Guinea",2003,0,9.0763,43.7595,538.002,317389,377222,403668,386013,7772.47021943052,0.916
"Equatorial Guinea",2004,0,10.15,52.6683,559.4021,318680,406137,423972,402383,7810.05031943052,0.754666666666667
"Equatorial Guinea",2005,0,10.6294,65.6485,580.0822,320042,437275,445146,419580,7857.42131943052,0.690333333333333
"Equatorial Guinea",2006,0,11.6422,70.5522,606.0423,321395,470822,467474,437943,7902.13071943051,0.684583333333333
"Equatorial Guinea",2007,0,12.5383,72.0968,607.0424,322609,506718,491133,457682,8224.71930249538,0.792333333333333
"Equatorial Guinea",2008,0,14.5168,73.1074,607.0425,323525,544893,516140,478831,8648.91177501034,0.72475
"Equatorial Guinea",2009,0,16.0497,76.372,610.3226,324029,585082,542409,501277,8768.47321945034,0.845916666666667
"Equatorial Guinea",2010,0,18.0667,76.1115,610.3228,323947,627157,569731,524794,8883.35253066463,0.9545
"Equatorial Guinea",2011,0,25.7824,76.0922,919.4029,323268,671022,597134,547455,9250.66440312633,0.685666666666667
"Equatorial Guinea",2012,0,26.6975,88.9001,1022.523,321964,716629,624500,569135,8982.84612283197,0.575166666666667
"Equatorial Guinea",2013,0,30.008,89.6983,1023.5232,330070,753676,652487,591454,6653.10209040882,0.77975
"Equatorial Guinea",2014,0,30.9665,97.1586,1022.5233,337895,791529,680902,614281,6582.46803028499,0.820666666666667
"Equatorial Guinea",2015,0,48.6581,104.6371,1022.5234,345376,830013,709490,637482,6603.54043028498,0.963916666666667
"Equatorial Guinea",2016,0,51.5076,117.5851,1022.5236,352550,868940,738048,660879,6629.51544818425,1.38416666666667
"Equatorial Guinea",2017,0,52.2552,129.3841,1022.5237,359435,908254,766354,684340,6652.77074818425,1.28225
"Equatorial Guinea",2018,0,50.714,146.2901,1022.5238,366013,947881,794308,707784,6633.97484818425,0.934083333333333
"Equatorial Guinea",2019,0,45.2814,159.8569,1160.4439,372296,987808,821881,731149,6786.06924818425,1.60325
"Equatorial Guinea",2020,0,55.3204,174.5153,1203.804,378290,1027990,844153,751896,6819.58983831932,1.40791666666667
"Eritrea",1993,-243.1507,6.3708,15.4838,2.089,2447795,651252,971841,1009578,6964.65330032342,0.167
"Eritrea",1994,-243.1507,6.5607,17.3419,21.109,2414204,671239,1002615,1039886,7267.37151301269,-0.641571428571429
"Eritrea",1995,-243.1507,6.7535,24.2,23.709,2394438,695721,1060244,1096976,7298.09661301269,-0.136666666666667
"Eritrea",1996,-243.1507,7.3215,25.179,22.5091,2390485,725894,1113928,1150146,3375.33520954414,0.136454545454545
"Eritrea",1997,-243.1507,7.8079,26.4453,27.8092,2399845,761505,1127830,1163731,3144.01042881871,0.263166666666667
"Eritrea",1998,-243.1507,7.614,23.4492,22.4094,2421309,802914,1141498,1181255,2951.9392730966,0.511416666666667
"Eritrea",1999,-243.1507,8.9044,29.7145,22.4096,2452414,849849,1153127,1203350,3016.89139099587,0.748333333333333
"Eritrea",2000,-243.1507,9.3187,38.7567,21.8099,2490747,902054,1168024,1224856,3148.15199099587,0.49575
"Eritrea",2001,-166.5393,9.6501,57.9206,22.5102,2537002,960122,1202597,1259330,2954.65449099587,0.642
"Eritrea",2002,-166.5393,9.5332,52.5568,22.5105,2590231,1024408,1245585,1301839,2934.91389099587,0.869545454545455
"Eritrea",2003,-166.5393,9.8601,49.6757,22.6109,2645064,1093201,1298813,1354578,2978.23089099587,0.848583333333333
"Eritrea",2004,-166.5393,11.4984,55.1034,23.2112,2694690,1163933,1353934,1409206,3000.04329099587,0.98325
"Eritrea",2005,-166.5393,12.3682,53.1171,22.7116,2734684,1234323,1388443,1443290,3020.34399099587,0.969166666666667
"Eritrea",2006,-166.5393,10.777,161.6397,22.0118,2763263,1303385,1412834,1467258,3073.43089099587,0.672416666666667
"Eritrea",2007,-166.5393,10.6179,176.2548,21.9121,2782012,1371320,1436133,1490034,3200.02949099587,0.519666666666667
"Eritrea",2008,-166.5393,9.8458,190.1863,21.9123,2793540,1439096,1476246,1529533,3192.92479099587,1.08458333333333
"Eritrea",2009,-166.5393,11.2897,205.7258,21.4126,2819613,1490721,1515585,1568303,3203.16469099586,1.65683333333333
"Eritrea",2010,-166.5393,11.0116,220.0739,21.5128,2846355,1544485,1547741,1599986,3188.86889099587,1.69125
"Eritrea",2011,-446.3056,12.7887,235.3225,65.413,2874045,1600645,1577851,1629719,3281.07897730134,1.626
"Eritrea",2012,-446.3056,12.4087,12.2039,92.3133,2902040,1658937,1600542,1652054,4048.86102726272,1.34141666666667
"Eritrea",2013,-446.3056,12.3359,11.5831,94.0136,2931111,1719887,1622649,1673718,4063.71652726272,1.12708333333333
"Eritrea",2014,-446.3056,11.942,10.9848,93.6138,2961994,1784051,1636349,1687076,4069.70302726272,1.008
"Eritrea",2015,-446.3056,11.3704,9.7809,82.1141,2995125,1851851,1644779,1695227,4059.51832726272,1.66875
"Eritrea",2016,-214.8526,12.2163,9.7006,82.2144,3030917,1923728,1657572,1707716,4099.88324095725,1.3539
"Eritrea",2017,-214.8526,14.1045,10.8738,86.4148,3069110,1999721,1673563,1723370,4116.50464095725,1.29533333333333
"Eritrea",2018,-214.8526,16.9836,12.3939,114.0151,3108634,2079314,1697963,1747412,4153.99564095725,0.871583333333333
"Eritrea",2019,-214.8526,17.3841,12.6589,113.0152,3148013,2161646,1724860,1773958,4159.22974095725,0.896666666666667
"Eritrea",2020,-214.8526,17.9067,12.9399,113.0155,3186178,2246038,1753513,1802355,4185.16774095725,0.358625
"Estonia",1992,-3827.4137,203.8543,218.0468,735.611,443162,1077648,720037,820345,5195.52904602908,1.63341666666667
"Estonia",1993,-3827.4137,161.9052,136.8556,462.9573,436384,1051675,701701,802735,4594.78194602908,0.369
"Estonia",1994,-3827.4137,197.8396,214.4338,888.4617,430025,1027068,687706,788021,5200.24114602908,0.440083333333333
"Estonia",1995,-3827.4137,175.5347,186.2144,911.1367,425609,1007415,676410,776365,4199.67954602908,1.31483333333333
"Estonia",1996,-3827.4137,196.9791,221.8697,924.9671,423740,993996,667549,767120,4358.33564602908,-0.218583333333333
"Estonia",1997,-3827.4137,189.9697,238.6941,968.1032,423989,985685,661395,760095,4215.59334602908,1.032
"Estonia",1998,-3827.4137,222.7274,264.3942,999.4044,425655,980695,656881,754265,4385.07144602908,0.606833333333333
"Estonia",1999,-3827.4137,222.5612,268.3808,923.6571,427550,976239,653843,749655,4284.23183221676,1.65608333333333
"Estonia",2000,-3827.4137,224.6239,270.0789,892.2985,428571,970541,651072,745805,4295.66603221677,2.23316666666667
"Estonia",2001,-3819.3817,236.8821,267.234,913.2403,428064,963665,646666,741328,4611.66113221676,1.18966666666667
"Estonia",2002,-3819.3817,224.3816,272.9069,610.3217,427045,955687,642109,737131,4393.39163221676,1.40491666666667
"Estonia",2003,-3819.3817,224.3297,295.1333,690.3042,425752,947157,637713,732947,4375.65183221676,0.902083333333333
"Estonia",2004,-3819.3817,234.4515,333.5425,940.2321,424589,938976,633588,728892,4903.62502152386,1.2045
"Estonia",2005,-3819.3817,238.1485,359.9234,972.2959,423848,931800,629809,724852,4974.32543221676,1.33058333333333
"Estonia",2006,-3819.3817,226.6108,355.0094,1020.8652,423584,925713,626080,720630,5010.5280404982,1.79358333333333
"Estonia",2007,-3819.3817,252.0353,406.9127,1198.475,423663,920409,623141,717433,5232.59433221676,2.08183333333333
"Estonia",2008,-3819.3817,270.6265,461.7896,1204.1114,424008,915704,621673,715338,5462.91603221677,2.4985
"Estonia",2009,-3819.3817,273.9617,459.0511,533.2898,424493,911337,621071,713481,4706.72823221676,1.29008333333333
"Estonia",2010,-3819.3817,279.9791,445.5497,463.9687,425023,907079,620267,711268,4774.68853221676,0.262916666666667
"Estonia",2011,-8692.1618,251.4332,395.2989,610.37,425571,902878,618912,708518,-38.9557677832357,2.08658333333333
"Estonia",2012,-8692.1618,244.7665,411.6742,645.2572,424323,900611,617151,705531,46.6915322167654,0.805916666666667
"Estonia",2013,-8692.1618,253.5867,437.6413,814.6727,421292,900268,615536,702446,288.867532216764,1.81933333333333
"Estonia",2014,-8692.1618,236.6251,467.0359,702.5599,418329,900030,614636,699890,291.171132216764,2.23391666666667
"Estonia",2015,-8692.1618,239.9219,480.787,501.7952,415431,899890,615550,699106,165.702913798772,2.66841666666667
"Estonia",2016,-574.0618,240.6421,456.1807,478.1418,412594,899848,617150,698775,8016.50063221676,1.71983333333333
"Estonia",2017,-574.0618,241.0763,422.8229,613.2674,409687,899945,619348,698200,8126.39103221676,1.57166666666667
"Estonia",2018,-574.0618,214.4179,415.066,607.6563,406671,900117,623400,698747,7973.93773221676,2.19758333333333
"Estonia",2019,-574.0618,204.5366,343.5216,532.713,403516,900282,627494,699545,7785.91867930308,2.52725
"Estonia",2020,-574.0618,191.7941,338.2283,267.6245,400194,900365,629841,699604,7506.12517930308,3.49625
"Eswatini",1990,-486.299,39.753,31.2207,7.921,687362,174011,411659,442351,7612.26321414228,0.315833333333333
"Eswatini",1991,-486.299,30.873,28.7932,8.4435,703127,182496,429608,460103,7475.39592623509,0.48825
"Eswatini",1992,-486.299,31.0222,29.2416,8.2695,715603,190431,447397,477769,7743.3028532072,1.29533333333333
"Eswatini",1993,-486.299,33.2847,18.8012,8.529,725965,198060,461560,491892,7682.4994532072,0.675333333333333
"Eswatini",1994,-486.299,41.0314,20.6134,8.685,735927,205847,461697,492041,7789.9295532072,-0.0688333333333333
"Eswatini",1995,-486.299,42.7454,20.3535,8.851,746667,214125,461563,492010,8066.0459532072,0.509
"Eswatini",1996,-486.299,46.0235,22.5024,8.997,758690,223074,471488,502099,8060.2454532072,0.0839166666666667
"Eswatini",1997,-486.299,59.5033,25.6211,9.133,772258,231737,478870,511863,8207.6824532072,0.19975
"Eswatini",1998,-486.299,53.9918,12.7779,9.3055,790548,235461,484700,520458,8233.0272532072,0.946666666666667
"Eswatini",1999,-486.299,56.8195,15.059,9.5815,807043,238586,490870,527500,8232.1494237072,0.604666666666667
"Eswatini",2000,-486.299,41.1549,24.4558,9.831,820663,240805,496570,533927,7957.3027237072,-0.108083333333333
"Eswatini",2001,-482.284,41.8511,32.2358,9.934,830923,242004,501668,539728,7955.2209237072,0.517916666666667
"Eswatini",2002,-482.284,51.001,45.6831,10.137,838528,242402,505974,544835,8019.6863237072,0.587666666666667
"Eswatini",2003,-482.284,43.0908,50.9411,9.5135,844950,242442,509632,549165,7937.2743237072,0.8085
"Eswatini",2004,-482.284,42.0407,60.8887,10.1965,852319,242734,512898,552866,7994.9475237072,0.5855
"Eswatini",2005,-482.284,47.8017,70.8352,10.0695,862160,243713,515804,556082,8008.7378237072,0.952166666666667
"Eswatini",2006,-482.284,47.8483,71.8417,10.139,875009,245505,518532,559202,7953.8315237072,0.548916666666667
"Eswatini",2007,-482.284,47.5864,74.3173,10.4585,889921,248513,521420,562588,8210.42083357214,0.972916666666667
"Eswatini",2008,-482.284,56.7936,79.5045,10.331,903417,255480,525058,564813,8216.8430237072,0.688166666666667
"Eswatini",2009,-482.284,52.1235,81.2956,10.597,917837,262838,529313,565573,8105.74393357214,0.491333333333333
"Eswatini",2010,-482.284,45.9276,79.2833,10.793,932443,270400,533566,566355,8151.88943357214,1.26858333333333
"Eswatini",2011,-483.2281,65.8534,86.054,11.1555,947124,278134,537868,567504,8432.82817801214,0.8343
"Eswatini",2012,-483.2281,51.5414,81.7602,11.348,962964,285194,542408,569036,8359.18657801214,0.778727272727273
"Eswatini",2013,-483.2281,72.9373,92.4171,11.854,979039,292417,547273,571047,8647.78077801213,0.44275
"Eswatini",2014,-483.2281,65.0049,97.1142,11.9165,995295,299802,552371,573494,8395.47607801214,0.858
"Eswatini",2015,-483.2281,58.3429,105.0064,11.829,1011681,307330,557649,576287,8354.01827801214,1.39716666666667
"Eswatini",2016,-475.613,59.0207,117.8602,12.0215,1028023,315075,563119,579405,8355.01987245365,1.14958333333333
"Eswatini",2017,-475.613,62.6362,113.6238,12.074,1044238,323016,568650,582740,8532.30118922642,0.585416666666667
"Eswatini",2018,-475.613,59.292,140.3527,12.2,1060246,331139,574204,586223,8570.90308922642,1.25591666666667
"Eswatini",2019,-475.613,61.058,148.2904,12.5195,1075980,339434,579801,589812,8712.53774516788,1.47175
"Eswatini",2020,-475.613,61.8135,164.7429,12.712,1091400,347895,585916,594739,8605.57262493691,0.81225
"Ethiopia",1993,135.8757,4.2869,25.5262,194.1876,46375843,7157113,26854459,26937213,53913.7763474349,0.146333333333333
"Ethiopia",1994,135.8757,2.571,25.9981,244.2342,47877390,7553733,27785476,27834734,54282.505747435,0.476833333333333
"Ethiopia",1995,135.8757,3.3148,27.5713,305.3263,49385397,7924483,28728074,28748462,54459.9796383162,0.80225
"Ethiopia",1996,135.8757,3.21,29.8403,339.705,50869776,8285372,29679084,29668565,54841.1819474349,0.60375
"Ethiopia",1997,135.8757,2.5578,30.9392,365.1272,52326119,8650331,30643051,30590429,57543.5899383162,0.6255
"Ethiopia",1998,135.8757,2.925,11.4144,366.495,53771445,9022706,31616973,31519520,59891.8635383162,0.69475
"Ethiopia",1999,135.8757,1.0385,15.4278,322.268,55232981,9407073,32605500,32472079,61272.9998383162,0.330583333333333
"Ethiopia",2000,135.8757,1.1499,21.1514,423.1587,56730042,9807289,33605361,33426506,59249.2400383162,0.615083333333333
"Ethiopia",2001,-5960.8296,0.9275,27.6654,432.6122,58268076,10224181,34630056,34388876,61774.1565783365,0.77525
"Ethiopia",2002,-5960.8296,1.0151,32.1218,433.3663,59839634,10657558,35686336,35386878,66108.1562783364,1.07075
"Ethiopia",2003,-5960.8296,1.4528,36.567,524.6153,61438556,11106588,36760688,36408151,65527.8629783365,1.00183333333333
"Ethiopia",2004,-5960.8296,2.3563,43.7637,602.1577,63054369,11570036,37852598,37448428,66337.2380783364,0.892
"Ethiopia",2005,-5960.8296,2.3169,48.4419,706.6904,64680710,12046373,38961005,38508936,68425.5950783364,1.03475
"Ethiopia",2006,-5960.8296,2.4904,53.3539,763.3767,66314612,12536077,40093124,39597926,68935.0916783365,1.03383333333333
"Ethiopia",2007,-5960.8296,7.3477,63.7683,721.8407,67946189,13054220,41263931,40732253,73235.0864034218,0.865583333333333
"Ethiopia",2008,-5960.8296,17.3778,135.2938,801.2075,69451069,13733823,42458192,41898913,73493.3014034218,0.832083333333333
"Ethiopia",2009,-5960.8296,18.9882,85.514,749.3802,70972092,14444161,43667289,43088296,74594.8054783364,1.40733333333333
"Ethiopia",2010,-5960.8296,5.9838,86.8329,732.553,72513530,15189140,44916491,44321299,76597.8975783364,1.23675
"Ethiopia",2011,-6801.887,3.9429,90.3704,898.726,74076738,15970018,46215601,45602329,76916.0456783365,1.1645
"Ethiopia",2012,-6801.887,3.3077,94.6951,1459.9969,75656319,16787864,47540484,46910795,79425.9402783364,1.15275
"Ethiopia",2013,-6801.887,4.1111,98.3739,1861.3627,77262426,17625298,48862026,48222340,80507.0671643729,1.1495
"Ethiopia",2014,-6801.887,4.0393,103.1417,2212.6339,78869363,18497411,50196354,49550412,82150.6897643729,1.18908333333333
"Ethiopia",2015,-6801.887,3.9837,59.0099,3023.9051,80469946,19403087,51560461,50911434,84091.8743803875,1.52175
"Ethiopia",2016,-6342.9168,4.5756,65.1957,3335.2735,82059981,20343215,52968539,52324690,85858.8273719623,1.51991666666667
"Ethiopia",2017,-6342.9168,2.9692,66.0703,3606.5421,83640582,21316856,54418849,53779101,87093.2819010229,1.4325
"Ethiopia",2018,-6342.9168,3.0226,69.1645,3727.9105,85207113,22327769,55882976,55246462,87221.5581332311,1.04375
"Ethiopia",2019,-6342.9168,4.1448,72.1421,4039.1791,86759295,23376340,57375433,56745161,92065.4289014804,1.31216666666667
"Ethiopia",2020,-6342.9168,4.4066,73.0804,4050.4503,88295647,24463423,58906550,58284361,94942.6659712466,1.39425
"Ethiopia PDR",1990,-107.275,NA,557.303701616353,187.2103,44542203,6657624,24890395,25137639,65914.320714464,0.625
"Ethiopia PDR",1991,-107.275,2.6819,418.891922054215,168.2375,45925516,7022864,25886400,26090250,61115.4684896772,0.342666666666667
"Ethiopia PDR",1992,-107.275,2.6819,230.257521137001,174.2459,47359180,7407170,26890139,27042568,61654.0734296652,0.0484444444444445
"Falkland Islands (Malvinas)",1990,0,NA,37.8386307227124,NA,514,1475,1172,1160,15829.9317938595,0.604685779157091
"Falkland Islands (Malvinas)",1991,0,NA,37.8386307227124,NA,503,1560,1202,1175,15829.2581938595,0.273636976144132
"Falkland Islands (Malvinas)",1992,0,NA,37.8386307227124,NA,570,1572,1256,1200,15829.2586938595,0.273636976144132
"Falkland Islands (Malvinas)",1993,0,0.0195,37.8386307227124,NA,648,1588,1318,1228,13489.7361663261,0.265770334281945
"Falkland Islands (Malvinas)",1994,0,0.039,37.8386307227124,NA,733,1600,1385,1256,13489.6855663261,0.587609152911451
"Falkland Islands (Malvinas)",1995,0,0.0585,37.8386307227124,NA,828,1607,1448,1286,12803.6028008202,0.578536954048774
"Falkland Islands (Malvinas)",1996,0,0.078,37.8386307227124,NA,914,1624,1496,1317,12744.6045679259,0.298469210615611
"Falkland Islands (Malvinas)",1997,0,0.0975,37.8386307227124,NA,925,1712,1529,1351,12745.3383679259,0.632417683613735
"Falkland Islands (Malvinas)",1998,0,0.117,37.8386307227124,NA,935,1801,1563,1387,12744.8624679259,0.815414146834055
"Falkland Islands (Malvinas)",1999,0,0.1365,37.8386307227124,NA,937,1878,1597,1421,13429.6580334318,0.799540397220385
"Falkland Islands (Malvinas)",2000,0,0.156,37.8386307227124,NA,934,1948,1627,1454,14160.1757802557,0.799540397220385
"Falkland Islands (Malvinas)",2001,0,0.1752,37.8386307227124,NA,923,2001,1646,1479,14149.9022425578,0.802158154183223
"Falkland Islands (Malvinas)",2002,0,0.1986,37.8386307227124,NA,913,2034,1652,1500,14147.7745425578,0.812326949080059
"Falkland Islands (Malvinas)",2003,0,0.196,37.8386307227124,NA,896,2055,1647,1523,14146.4175425578,0.812326949080059
"Falkland Islands (Malvinas)",2004,0,0.1933,37.8386307227124,NA,879,2075,1640,1547,14147.0253425578,0.812326949080059
"Falkland Islands (Malvinas)",2005,0,0.1676,37.8386307227124,NA,857,2082,1639,1566,14181.8371342501,0.812326949080059
"Falkland Islands (Malvinas)",2006,0,0.1773,37.8386307227124,NA,835,2086,1638,1577,14182.4262342501,0.81515190434592
"Falkland Islands (Malvinas)",2007,0,0.1915,44.3894236950661,NA,814,2093,1631,1584,14187.8073670002,0.81515190434592
"Falkland Islands (Malvinas)",2008,0,0.1723,44.3894236950661,NA,792,2093,1617,1588,14187.1829247224,0.81515190434592
"Falkland Islands (Malvinas)",2009,0,0.1401,44.3894236950661,NA,771,2096,1603,1591,14186.8661247224,0.816977089281552
"Falkland Islands (Malvinas)",2010,0,0.1953,44.3894236950661,NA,751,2101,1591,1595,14187.2507247224,0.816977089281552
"Falkland Islands (Malvinas)",2011,0,0.1755,44.3894236950661,NA,737,2119,1578,1597,14187.3754247224,0.816977089281552
"Falkland Islands (Malvinas)",2012,0,0.188,44.3894236950661,NA,722,2136,1585,1609,14188.1531247224,0.816977089281552
"Falkland Islands (Malvinas)",2013,0,0.1892,44.3894236950661,NA,710,2160,1621,1639,14188.3477247224,0.816977089281552
"Falkland Islands (Malvinas)",2014,0,0.2125,44.3894236950661,NA,699,2188,1658,1676,14188.3961185002,1.21615773725395
"Falkland Islands (Malvinas)",2015,0,0.2298,44.3894236950661,NA,688,2210,1697,1710,14188.4563185002,1.33044709802551
"Falkland Islands (Malvinas)",2016,0,0.2183,44.3894236950661,NA,677,2233,1750,1758,14188.5761185002,1.34549511102856
"Falkland Islands (Malvinas)",2017,0,0.2263,44.3894236950661,NA,663,2247,1798,1801,14188.5867185002,1.34549511102856
"Falkland Islands (Malvinas)",2018,0,0.2104,44.3894236950661,NA,653,2269,1831,1824,14188.256458278,1.34923278977253
"Falkland Islands (Malvinas)",2019,0,0.2145,44.3894236950661,NA,640,2281,1865,1845,14188.460658278,1.37785565921741
"Falkland Islands (Malvinas)",2020,0,0.2104,44.3894236950661,NA,629,2296,1884,1863,14188.190958278,1.41674443005074
"Faroe Islands",1990,-0.0855,0.0419,6.2392,NA,33033,14561,24738,22741,3395.42147552735,0.817666666666667
"Faroe Islands",1991,-0.0855,0.0138,6.0574,NA,32672,14785,24356,22454,3379.38367552735,1.18916666666667
"Faroe Islands",1992,-0.0855,0.0147,5.9987,NA,32089,15012,23901,22105,3375.35427552735,0.729583333333333
"Faroe Islands",1993,-0.0855,0.0165,3.6741,NA,31437,15203,23395,21701,3336.66437552735,-0.181333333333333
"Faroe Islands",1994,-0.0855,0.024,3.8665,NA,30835,15415,22848,21284,3357.69067552735,-0.0545833333333333
"Faroe Islands",1995,-0.0855,0.0143,4.0523,NA,30354,15686,22654,21151,3346.03487552735,-0.431833333333333
"Faroe Islands",1996,-0.0855,0.016,4.3006,NA,30020,16038,22834,21305,3362.17757552735,0.251
"Faroe Islands",1997,-0.0855,0.0251,4.4939,NA,29899,16352,23020,21476,3347.79117552735,0.993916666666667
"Faroe Islands",1998,-0.0855,0.0258,4.9016,NA,29972,16608,23203,21662,3354.67157552735,0.461083333333333
"Faroe Islands",1999,-0.0855,0.032,5.428,NA,30105,16832,23373,21831,3353.28387552735,0.243166666666667
"Faroe Islands",2000,-0.0855,0.0311,6.2505,NA,30086,17172,23613,22047,3393.30277552735,0.364083333333333
"Faroe Islands",2001,-0.1057,0.0293,5.838,NA,29858,17668,23924,22322,3451.14567552735,0.458666666666667
"Faroe Islands",2002,-0.1057,0.0298,7.0801,NA,29606,18163,24241,22572,3419.90977552735,1.18825
"Faroe Islands",2003,-0.1057,0.031,7.041,NA,29401,18573,24567,22825,3409.21027552735,1.43283333333333
"Faroe Islands",2004,-0.1057,0.0334,7.4674,NA,29248,18895,24900,23088,3432.58127552735,1.07858333333333
"Faroe Islands",2005,-0.1057,0.0385,7.7604,NA,29077,19208,25081,23211,3419.69487552735,0.553416666666667
"Faroe Islands",2006,-0.1057,0.0433,7.7877,NA,28959,19424,25096,23217,3381.33877552735,1.19883333333333
"Faroe Islands",2007,-0.1057,0.0459,7.8864,NA,28904,19544,25109,23253,3373.35977552735,0.883666666666667
"Faroe Islands",2008,-0.1057,0.0555,8.1045,NA,28831,19654,25130,23282,3305.54887552735,0.83675
"Faroe Islands",2009,-0.1057,0.0633,7.3372,NA,28756,19761,25151,23279,3268.61197552735,1.3835
"Faroe Islands",2010,-0.1057,0.0784,7.5829,NA,28680,19870,25139,23271,3302.30857552735,0.084
"Faroe Islands",2011,-0.1465,0.0773,6.5712,NA,28636,19972,25106,23279,3267.53277552735,1.1145
"Faroe Islands",2012,-0.1465,0.0775,6.8316,NA,28603,20063,25084,23307,3291.50897552735,0.413833333333333
"Faroe Islands",2013,-0.1465,0.0739,7.8086,NA,28584,20163,25070,23349,3331.81917552735,0.707
"Faroe Islands",2014,-0.1465,0.0667,7.0974,NA,28572,20270,25050,23414,3299.91567552735,1.69741666666667
"Faroe Islands",2015,-0.1465,0.0594,7.0441,NA,28577,20388,25209,23607,3318.77527552735,0.899416666666667
"Faroe Islands",2016,-0.0688,0.0523,7.2241,NA,28598,20519,25570,23930,3312.35987552735,0.95375
"Faroe Islands",2017,-0.0688,0.0462,7.2099,NA,28630,20660,25959,24272,3372.67787552735,1.26441666666667
"Faroe Islands",2018,-0.0688,0.0355,6.9934,NA,28672,20817,26360,24596,3376.01087552735,0.972416666666667
"Faroe Islands",2019,-0.0688,0.0338,6.5407,NA,28709,20983,26749,24932,3356.63577552735,0.810166666666667
"Faroe Islands",2020,-0.0688,0.0277,6.339,NA,28741,21155,27130,25285,3360.49937552735,0.846
"Fiji",1990,-2649.5076,11.2809,24.6684,43.322,425437,303191,395252,385178,2212.12700737266,0.349416666666667
"Fiji",1991,-2649.5076,12.0425,25.0096,43.675,423769,311704,397606,387226,2237.20993037266,0.08575
"Fiji",1992,-2649.5076,12.8397,25.3648,45.928,423218,321313,398800,388058,2228.22585277266,0.0506666666666667
"Fiji",1993,-2649.5076,12.9268,13.7277,44.481,423324,331702,400150,389048,2238.46815277266,-0.28925
"Fiji",1994,-2649.5076,13.8148,14.6507,50.234,423316,342351,401132,389672,2260.80745277266,-0.156083333333333
"Fiji",1995,-2649.5076,15.814,32.399,49.487,422680,352818,402034,390212,2312.12527577266,0.387333333333333
"Fiji",1996,-2649.5076,17.4303,35.6575,46.94,421406,363070,404336,392203,2317.53067577266,0.446
"Fiji",1997,-2649.5076,18.1546,38.1227,51.9665,422342,370518,408566,396006,2334.09197577266,0.188833333333333
"Fiji",1998,-2649.5076,19.5185,28.5146,49.4195,423180,377135,413525,400423,2320.63907577266,0.814166666666667
"Fiji",1999,-2649.5076,20.8975,32.6947,51.746,423287,383207,418510,404912,2304.38317577266,0.445416666666667
"Fiji",2000,-2649.5076,21.1343,40.4084,52.2725,422583,388640,423305,409203,1711.53283857923,0.692416666666667
"Fiji",2001,-2654.6529,22.9213,48.7776,13.649,420952,393266,427971,413349,2086.29217353514,0.79525
"Fiji",2002,-2654.6529,27.6806,61.4857,12.969,418511,397180,432518,417373,1532.79096496749,0.73075
"Fiji",2003,-2654.6529,25.2134,64.9201,13.349,415784,400844,437004,421301,2164.12800216092,0.552333333333333
"Fiji",2004,-2654.6529,28.0932,75.2291,14.5255,413443,404911,441500,425195,1949.2489999234,0.551666666666667
"Fiji",2005,-2654.6529,28.5376,87.4264,14.2455,411967,409850,445918,429005,1761.35228027632,0.703666666666667
"Fiji",2006,-2654.6529,32.9345,95.0399,14.752,411520,415891,450318,432765,1781.25280327632,0.556833333333333
"Fiji",2007,-2654.6529,36.0351,96.1548,14.335,411920,422892,454459,436189,1983.9109999234,1.05175
"Fiji",2008,-2654.6529,37.2432,98.5675,13.358,412007,431333,457414,439316,2409.39949905418,0.61025
"Fiji",2009,-2654.6529,36.135,98.2045,13.3445,411856,440111,459159,442224,4163.57123745679,0.3345
"Fiji",2010,-2654.6529,36.464,97.2426,13.2675,411306,448644,460442,444728,4126.06183745679,1.02525
"Fiji",2011,-2654.3282,33.4797,96.1353,14.224,410276,456810,461408,446947,3291.1360263701,0.950916666666667
"Fiji",2012,-2654.3282,30.3081,96.2042,13.547,408880,464716,462138,448921,3357.59253795468,0.583833333333333
"Fiji",2013,-2654.3282,32.1858,98.8295,13.8135,407254,472461,462716,450737,3341.63151630706,0.912833333333333
"Fiji",2014,-2654.3282,32.7992,103.5855,14.3,405553,480253,463134,452426,4059.72892322764,0.61475
"Fiji",2015,-2654.3282,35.9023,115.4409,15.323,403912,488237,463293,453908,4021.89742739375,0.555166666666667
"Fiji",2016,-2649.7285,37.5905,128.3478,15.9495,402329,496431,463229,455142,3787.55653521927,0.968166666666667
"Fiji",2017,-2649.7285,39.6459,141.9601,16.976,400760,504742,462926,456092,4032.83423745679,1.08733333333333
"Fiji",2018,-2649.7285,40.273,155.0993,17.729,399125,513116,462276,456721,4087.39153745679,0.992083333333333
"Fiji",2019,-2649.7285,39.3794,166.6327,16.1555,397364,521393,461366,457099,3556.72951854458,1.08033333333333
"Fiji",2020,-2649.7285,38.1486,175.39,16.3085,395426,529489,461878,458543,3279.79242637011,1.21683333333333
"Finland",1990,-38482.9987,535.8356,266.3978,3591.2329,1030867,3965355,2419497,2567048,-11866.5579069439,1.66275
"Finland",1991,-38482.9987,595.7552,278.0282,3288.1485,1011704,4007421,2434638,2579216,-12760.3315996865,1.07325
"Finland",1992,-38482.9987,494.7785,229.8295,3038.9406,1002530,4042395,2450177,2591943,-13253.2286775726,1.34891666666667
"Finland",1993,-38482.9987,616.1972,277.5631,2960.9429,993610,4078179,2463767,2602838,-13275.6515705111,0.520666666666667
"Finland",1994,-38482.9987,822.2544,405.5322,3028.3568,984374,4112723,2475959,2612532,-12807.9537637051,0.458166666666667
"Finland",1995,-38482.9987,697.0512,476.7102,3126.1437,974504,4144501,2486713,2621230,-12818.8115637051,1.05191666666667
"Finland",1996,-38482.9987,929.0068,776.7456,3171.7602,964583,4172396,2496189,2628530,-11760.3343661223,0.359166666666667
"Finland",1997,-38482.9987,842.8479,805.3506,3237.7034,954820,4196926,2504882,2635061,-11846.014629312,0.944916666666667
"Finland",1998,-38482.9987,659.3949,769.1412,3382.3437,944679,4219563,2512604,2640941,-11562.7164637051,0.0594166666666667
"Finland",1999,-38482.9987,691.2176,833.3582,3553.6985,934457,4241469,2519562,2645929,-11082.9825637051,1.09933333333333
"Finland",2000,-38482.9987,587.0287,891.9037,3659.5434,924351,4263603,2526195,2650014,-10498.866329312,2.30791666666667
"Finland",2001,-44456.2107,711.8878,1083.5582,3812.2347,916956,4283523,2533482,2654521,5509.91863387767,0.88575
"Finland",2002,-44456.2107,753.3485,1201.6117,3857.8484,912167,4301206,2541276,2659320,6064.92197068795,1.01866666666667
"Finland",2003,-44456.2107,924.5437,1399.3765,4164.5398,907532,4319571,2548918,2664072,7355.03807068795,1.23616666666667
"Finland",2004,-44456.2107,763.6451,1350.9472,4397.6772,903126,4339059,2557483,2670657,7058.97785776835,1.34041666666667
"Finland",2005,-44456.2107,478.2076,1167.5946,4595.796,899025,4359902,2567205,2678866,6202.73207068795,1.97075
"Finland",2006,-44456.2107,735.4995,1516.0434,4565.7683,895236,4382334,2578043,2688207,7511.33997068795,1.70766666666667
"Finland",2007,-44456.2107,655.9206,1454.6798,4644.7862,891744,4406270,2590260,2698429,7441.27407068795,1.90416666666667
"Finland",2008,-44456.2107,459.9041,1294.0595,4848.8257,888472,4431430,2604215,2709135,6082.32317068795,2.01541666666667
"Finland",2009,-44456.2107,488.479,1353.8412,4238.2932,885348,4457298,2618356,2720459,5503.48087068795,1.21325
"Finland",2010,-44456.2107,581.6149,1492.9319,5272.4768,870880,4494902,2631735,2731537,7139.02469882171,-0.09575
"Finland",2011,-68681.9244,477.857,1350.5854,5100.2745,845427,4543815,2645472,2742694,-33416.9881422317,2.30166666666667
"Finland",2012,-68681.9244,335.9268,1241.2944,5111.2821,820527,4592453,2659577,2754281,-34041.0308422316,0.699083333333333
"Finland",2013,-68681.9244,409.9828,1325.3642,5512.3396,808694,4627922,2673485,2765386,-32988.601929312,2.11566666666667
"Finland",2014,-68681.9244,346.791,1257.435,5561.807,809393,4650324,2686106,2775334,-33203.336629312,2.449
"Finland",2015,-68681.9244,254.3146,1134.9619,5409.794,809950,4672016,2696669,2782792,-34040.8847661223,2.79508333333333
"Finland",2016,0,285.7073,1137.1167,5443.4638,810329,4692803,2706893,2788326,27314.7544988217,2.01508333333333
"Finland",2017,0,259.3,1069.13,5356.7159,810547,4712684,2715716,2792423,27195.3636988217,1.49233333333333
"Finland",2018,0,289.4301,1111.0926,5278.2106,810217,4732300,2721202,2794260,27563.6983988217,2.05641666666667
"Finland",2019,0,228.0207,1006.9023,5052.3178,809403,4751986,2725759,2795778,27424.231770688,1.681
"Finland",2020,0,225.492,958.0173,4946.2751,808148,4771979,2731017,2798450,26106.6297988217,3.32883333333333
"France",1990,-30397.84,7190.5021,7102.5272,58060.3258,14777908,42182927,27449488,28963409,145218.148918318,1.33916666666667
"France",1991,-30397.84,7263.9044,11758.2376,58012.0495,14750840,42486862,27552288,29092928,158033.190966464,0.313333333333333
"France",1992,-30397.84,6404.8094,4406.2687,59833.0477,14718609,42778365,27648141,29215908,145592.9487,0.788166666666667
"France",1993,-30397.84,5767.563,3909.6756,61836.5933,14683288,43061532,27729696,29324036,145673.0277,0.41775
"France",1994,-30397.84,5435.8175,3894.6843,59019.8541,14646915,43343746,27804164,29425900,139165.5795,1.57666666666667
"France",1995,-30397.84,5726.7107,4000.8979,55239.623,14611473,43630318,27885809,29534544,138220.2589,1.12733333333333
"France",1996,-30397.84,6497.5981,4537.3209,56816.6267,14577173,43922516,27975167,29648011,144636.2376,0.138416666666667
"France",1997,-30397.84,5934.5632,4589.9808,57795.1981,14544158,44219237,28072481,29766882,146046.7178,1.41125
"France",1998,-30397.84,7193.3566,6495.456,48514.7286,14512494,44522427,28182870,29897475,145575.0483,0.86875
"France",1999,-30397.84,6866.0354,10844.7004,46389.6477,14465046,44851061,28309252,30042956,152631.404,1.22008333333333
"France",2000,-30397.84,6518.6784,10584.7825,47984.4551,14382604,45225597,28456404,30209049,160083.3599,1.36141666666667
"France",2001,-71753.11,6052.555,10912.3186,48003.6324,14302809,45608443,28620349,30394424,118537.2674,1.01458333333333
"France",2002,-71753.11,6296.8472,12211.6898,47139.056,14224922,46000154,28788287,30584499,120904.1793,1.38833333333333
"France",2003,-71753.11,6453.2703,13375.333,47522.9733,14149190,46400907,28956297,30771965,120512.651,1.6725
"France",2004,-71753.11,6848.184,13673.769,47088.4061,14075407,46811200,29134959,30973479,121342.5216,0.906916666666667
"France",2005,-71753.11,7120.0273,13411.0893,46629.8952,14003975,47229925,29322088,31187992,112880.2283,0.890916666666667
"France",2006,-71753.11,7017.7746,13750.907,46441.487,13934413,47658471,29513107,31406043,111781.3711,1.52391666666667
"France",2007,-71753.11,6689.5462,14304.6026,48353.7544,13866281,48094669,29704304,31625071,115716.1234,1.31425
"France",2008,-71753.11,6782.0019,14685.3424,47821.5972,13794705,48534862,29886919,31834090,112918.2811,0.937916666666667
"France",2009,-71753.11,7116.8909,14719.7445,46080.1836,13717697,48969824,30061241,32032055,109786.9807,1.26675
"France",2010,-71753.11,7116.0196,15136.1382,49809.3018,13633442,49393298,30225495,32219072,116594.7779,0.2
"France",2011,-66361.46,6303.0784,14166.2888,49983.1346,13541366,49802211,30379413,32395855,120957.211,1.92958333333333
"France",2012,-66361.46,6989.4521,14694.1356,49585.2164,13442096,50197777,30517989,32553426,119932.1991,1.13275
"France",2013,-66361.46,6966.5619,14558.8224,48693.4,13336757,50583160,30642240,32692940,116430.9538,0.716
"France",2014,-66361.46,5289.6999,13498.526,48319.7437,13226977,50963661,30760945,32827546,109153.5927,2.03158333333333
"France",2015,-66361.46,5589.9431,13330.5093,47181.0227,13113960,51343241,30864639,32945130,111311.0013,1.87816666666667
"France",2016,-67236.84,6014.2615,13006.1174,47280.2964,12998038,51722652,30948776,33040543,110405.9396,1.52158333333333
"France",2017,-67236.84,6139.5287,12965.4374,46893.5627,12879012,52100536,31021685,33122401,110829.5323,1.75425
"France",2018,-67236.84,5392.0641,11541.6536,44768.0562,12756906,52476365,31084689,33193119,105977.8497,2.22133333333333
"France",2019,-67236.84,5258.9008,10147.1457,41399.2143,12631632,52849078,31141251,33258507,95420.4517,2.04558333333333
"France",2020,-67236.84,5078.4729,9101.6095,38092.8015,12503199,53217966,31176177,33303876,88599.5879,2.45425
"French Polynesia",1990,-116.7509,3.5725,35.4069588765122,NA,83611,114764,110222,100868,2768.31713440387,0.425833333333333
"French Polynesia",1991,-116.7509,3.5725,35.4069588765122,NA,85635,116381,112390,103053,2768.79103440387,0.353333333333333
"French Polynesia",1992,-116.7509,3.5725,35.4069588765122,NA,87512,117754,114463,105158,2769.80043440387,0.335583333333333
"French Polynesia",1993,-116.7509,3.5725,35.4069588765122,NA,89330,119015,116490,107225,2770.96853440387,0.19275
"French Polynesia",1994,-116.7509,4.0826,35.4069588765122,NA,91231,120348,118451,109231,2774.72163440387,0.534416666666667
"French Polynesia",1995,-116.7509,4.0826,35.4069588765122,NA,93315,121881,120307,111139,2775.44163440387,0.52775
"French Polynesia",1996,-116.7509,4.0826,35.4069588765122,NA,95623,123660,122156,113033,2752.56979932623,0.204916666666667
"French Polynesia",1997,-116.7509,4.0826,35.4069588765122,NA,97805,125926,124007,115028,2750.78109932623,0.399333333333333
"French Polynesia",1998,-116.7509,4.0826,35.4069588765122,NA,100016,128360,125817,117064,2753.20509932623,0.612916666666667
"French Polynesia",1999,-116.7509,3.5725,35.4069588765122,NA,102205,130747,127680,119141,2754.53969932623,0.422416666666667
"French Polynesia",2000,-116.7509,3.408,35.4069588765122,NA,104283,132975,129619,121308,2774.07693440387,0.319833333333333
"French Polynesia",2001,-27.9663,5.1508,35.4069588765122,NA,106239,135034,131568,123481,2876.09433440387,0.499583333333333
"French Polynesia",2002,-27.9663,4.178,35.4069588765122,NA,108077,136929,133515,125623,2877.19213440387,0.82775
"French Polynesia",2003,-27.9663,3.91,35.4069588765122,NA,108739,139760,135482,127691,2878.55763440387,0.745333333333333
"French Polynesia",2004,-27.9663,4.2782,35.4069588765122,NA,108688,143087,137450,129683,2885.40723440387,0.507916666666667
"French Polynesia",2005,-27.9663,4.314,35.4069588765122,NA,108537,146349,139403,131657,2887.61373440387,0.7005
"French Polynesia",2006,-27.9663,3.4546,35.4069588765122,NA,108284,149548,141296,133606,2881.33953440387,0.827083333333333
"French Polynesia",2007,-27.9663,4.228,35.4069588765122,NA,107926,152668,142844,135333,2893.81443440387,0.794583333333333
"French Polynesia",2008,-27.9663,4.1836,45.2015377480931,NA,107467,155712,143906,136653,2906.17621327545,0.388666666666667
"French Polynesia",2009,-27.9663,4.1438,46.5345653195448,NA,106916,158665,144639,137643,2910.0986408469,0.852
"French Polynesia",2010,-27.9663,4.8763,47.9610663304509,NA,106278,161542,145253,138535,2936.5429418578,0.69025
"French Polynesia",2011,0,5.2433,47.9610663304509,NA,105537,164306,145852,139413,2964.04884185781,0.212833333333333
"French Polynesia",2012,0,5.9127,46.5345653195448,NA,104716,166987,146369,140215,2962.0703408469,0.756416666666667
"French Polynesia",2013,0,4.7547,47.9610663304509,NA,105081,168447,146929,141102,2963.7238418578,0.510583333333333
"French Polynesia",2014,0,4.7243,47.9610663304509,NA,105694,169790,147681,142192,2962.3571418578,0.630666666666667
"French Polynesia",2015,0,4.8981,47.9610663304509,NA,106402,171288,148478,143309,2963.5706418578,0.71625
"French Polynesia",2016,0,4.4741,47.9610663304509,NA,107226,172982,149191,144350,2965.5511418578,1.1165
"French Polynesia",2017,0,4.4735,47.9610663304509,NA,108155,174852,150002,145448,2964.8224418578,0.896
"French Polynesia",2018,0,4.8865,47.9610663304509,NA,109102,176757,150960,146645,2968.48704185781,0.645416666666667
"French Polynesia",2019,0,4.021,47.9610663304509,NA,109928,178578,151899,147819,2970.28464185781,0.811583333333333
"French Polynesia",2020,0,4.3167,47.9610663304509,NA,110556,180188,152872,149048,2965.56424185781,0.836166666666667
"Gabon",1990,0,38.9822,7.9751,58.2074,293827,658385,485917,497111,11125.8829172787,0.111909090909091
"Gabon",1991,0,44.2181,9.4733,59.0164,288950,689273,499452,510543,11153.2398172787,0.08475
"Gabon",1992,0,44.9856,10,58.8322,283828,720848,513249,524197,10787.4162010576,-0.199833333333333
"Gabon",1993,0,46.5259,10.859,76.8225,278519,752985,527302,538089,7140.16085812225,0.236
"Gabon",1994,0,42.46,15.0017,72.9849,276087,782576,541489,552122,6828.74963029025,0.19275
"Gabon",1995,0,46.8221,16.2739,85.0329,273738,812399,555859,566105,6855.82173029025,0.526833333333333
"Gabon",1996,0,57.939,20.5601,98.4208,271207,842787,570495,580106,6771.19106421639,0.114
"Gabon",1997,0,59.4293,21.7716,105.597,268565,873759,585449,594357,6786.32748211566,0.27575
"Gabon",1998,0,65.6835,19.0678,104.1607,265800,905424,600867,608965,6778.52788211566,1.09858333333333
"Gabon",1999,0,68.2451,19.1963,98.4523,262948,937825,616795,623969,6816.46705261566,0.557
"Gabon",2000,0,67.5522,16.9685,111.2104,260031,971091,633381,639553,6778.97805261566,0.309166666666667
"Gabon",2001,0,69.0286,18.4054,120.3086,257087,1005172,650791,655799,6222.11355261566,0.318
"Gabon",2002,0,69.626,21.476,127.3095,254120,1040289,669040,672655,6317.22845261566,0.687166666666667
"Gabon",2003,0,77.3738,22.75,129.6118,251249,1076897,688174,690223,6405.56075261566,0.90175
"Gabon",2004,0,79.3616,25.479,130.9432,248580,1115625,708467,708643,6672.63836075873,0.8675
"Gabon",2005,0,88.409,28.1176,132.4301,246218,1156908,730264,728089,6519.11596075873,0.7455
"Gabon",2006,0,89.0255,29.1973,132.6935,244076,1200768,753766,748769,6586.25796075873,0.735583333333333
"Gabon",2007,0,105.2465,34.8965,121.9569,242107,1247086,779034,770739,6561.80106075873,0.9195
"Gabon",2008,0,94.102,34.8709,123.2203,240309,1296102,805971,794007,6688.34976075873,0.834916666666667
"Gabon",2009,0,94.2863,35.92,133.4838,238727,1348027,834773,818769,6521.92536075873,0.789666666666667
"Gabon",2010,0,117.2387,43.6551,124.7472,237291,1402919,865821,845284,6633.36763484603,1.07916666666667
"Gabon",2011,0,128.8332,48.2049,126.2333,236029,1461072,899015,873485,10089.1148485636,0.637583333333333
"Gabon",2012,0,133.5482,50.9468,115.6023,234816,1522001,933766,902939,9978.66592894596,0.65925
"Gabon",2013,0,136.4152,53.758,107.0715,233402,1583869,969160,933066,9961.01005348338,0.778166666666667
"Gabon",2014,0,147.1437,56.499,111.7377,231633,1644080,1003790,963066,9945.91444917693,0.828666666666667
"Gabon",2015,0,150.0379,57.5322,120.6068,229341,1700834,1036303,992215,10030.9652491769,1.05966666666667
"Gabon",2016,0,163.6553,62.2161,175.6759,226498,1753288,1066111,1020095,10053.2011534834,1.493
"Gabon",2017,0,184.982,52.7004,188.8421,223245,1801892,1093401,1046814,10147.571219081,1.3055
"Gabon",2018,0,187.8747,53.5246,236.9112,219785,1847776,1119168,1072844,10079.632019081,1.06258333333333
"Gabon",2019,0,192.4803,55.5542,257.9803,216365,1892734,1144323,1098462,10226.654819081,1.56483333333333
"Gabon",2020,0,182.7737,54.8837,259.1466,213150,1938139,1168822,1123751,10123.341719081,1.34141666666667
"Gambia",1990,0,NA,11.963,5.4927,565558,351250,515114,525501,7116.70828077101,1.16125
"Gambia",1991,0,NA,12.4996,5.7828,575298,374195,536903,546633,7232.31822521101,0.812916666666667
"Gambia",1992,0,NA,12.9638,5.8429,582737,396981,558960,568192,7218.00357061101,0.830416666666667
"Gambia",1993,0,NA,7.2593,6.0729,589021,419337,579577,588731,7402.10221322934,1.03758333333333
"Gambia",1994,0,NA,8.0213,6.293,596471,440358,598044,607838,7442.04731322934,0.772666666666667
"Gambia",1995,0,NA,8.9369,6.4831,603887,462336,615524,626630,7479.08180687825,0.921416666666667
"Gambia",1996,0,NA,10.1027,6.6932,611328,485380,633191,645879,7439.76591322934,1.186
"Gambia",1997,0,NA,11.3259,6.9033,618743,509426,651351,665651,7443.86101322934,1.23875
"Gambia",1998,0,NA,5.121,7.1434,626251,534693,670111,686077,7391.00021322934,1.56175
"Gambia",1999,0,NA,7.0772,7.4235,634040,561380,689401,707098,7771.89403622934,0.777583333333333
"Gambia",2000,0,NA,13.4782,7.7136,642181,589663,709063,728476,7668.49113622934,0.95575
"Gambia",2001,0,NA,18.8578,8.0037,650815,619680,729172,750278,6971.59823399182,1.45583333333333
"Gambia",2002,0,NA,23.9221,8.2738,659831,651518,749718,772505,6945.34083399182,1.34933333333333
"Gambia",2003,0,NA,29.4698,8.0539,669586,684608,771376,794881,7072.80376779052,0.967916666666667
"Gambia",2004,0,NA,35.6053,8.7641,681267,717306,794483,817742,7075.35581685333,1.273
"Gambia",2005,0,NA,43.3533,8.8942,692935,751269,818687,841681,2539.45446331404,1.53841666666667
"Gambia",2006,0,NA,45.2658,9.1543,704493,786528,844305,866989,2424.88734608076,0.9995
"Gambia",2007,0,NA,45.8264,9.5145,715979,823137,871338,893545,2392.19374608076,1.169
"Gambia",2008,0,NA,47.154,9.5846,727394,861178,899494,921048,2501.87856398003,1.39983333333333
"Gambia",2009,0,NA,48.3008,9.7648,738840,900720,928615,949504,2821.12056398003,0.665416666666667
"Gambia",2010,0,NA,47.5232,9.9049,750273,941876,958562,978713,2899.96986398003,1.41241666666667
"Gambia",2011,0,NA,47.8854,10.1051,761696,984667,989446,1008766,2568.34556398003,0.9085
"Gambia",2012,0,NA,49.0282,10.1052,773029,1029096,1021199,1039815,2690.58136398003,0.94725
"Gambia",2013,0,NA,50.5999,10.4054,784258,1075066,1053493,1071377,2726.59216398003,1.02833333333333
"Gambia",2014,0,NA,55.6764,10.5056,795364,1122488,1085941,1103078,2759.59136398003,1.1905
"Gambia",2015,0,NA,62.1886,10.3058,806309,1171281,1118341,1134792,2894.59276398003,1.20716666666667
"Gambia",2016,0,NA,72.0184,10.3059,817075,1221426,1150704,1166502,2794.38056398003,1.71041666666667
"Gambia",2017,0,NA,81.4645,10.3061,827654,1272914,1182968,1198214,2810.43176398003,1.63508333333333
"Gambia",2018,0,NA,93.2112,10.4063,838035,1325730,1215115,1229801,2636.45796398003,1.09933333333333
"Gambia",2019,0,NA,103.6379,10.8064,848212,1379863,1247342,1261541,2817.80466398003,1.3315
"Gambia",2020,0,NA,114.2862,10.9066,858185,1435308,1280033,1293962,2844.00126398003,1.83375
"Georgia",1992,-18267.5508,822.8348,264.7503,1728.7959,2407484,2890602,2452656,2786671,-12552.9380029886,-1.22158333333333
"Georgia",1993,-18267.5508,749.0412,206.2954,1498.1305,2377467,2827167,2398691,2728820,-13378.2714029886,-1.03908333333333
"Georgia",1994,-18267.5508,210.6564,146.6635,1165.9431,2345420,2762254,2336340,2661573,-14396.4144029886,0.167166666666667
"Georgia",1995,-18267.5508,276.0533,75.6882,881.9789,2317232,2702829,2278682,2598994,-14940.8745029886,0.938916666666667
"Georgia",1996,-18267.5508,127.7916,65.0671,967.1307,2294735,2650831,2222485,2538787,-14801.7628029886,0.557583333333333
"Georgia",1997,-18267.5508,195.0292,90.1457,1159.6201,2276602,2604646,2164000,2476032,-14284.7731029886,0.0396666666666667
"Georgia",1998,-18267.5508,322.6902,54.1476,1004.9889,2262055,2563131,2105729,2412677,-14259.6439029886,1.37741666666667
"Georgia",1999,-18267.5508,292.9959,58.7089,1168.1304,2249151,2524018,2046464,2348037,-14163.7875029886,1.31933333333333
"Georgia",2000,-18267.5508,349.8556,67.3936,1263.3745,2236449,2485610,1984348,2280824,-14001.2120029887,0.827166666666667
"Georgia",2001,-3516.359,171.6761,65.6978,763.0553,2224052,2448110,1926130,2218352,61.0597970113546,1.21508333333333
"Georgia",2002,-3516.359,135.7144,142.5914,1073.6705,2199528,2425352,1885785,2175343,498.321397011355,0.616666666666667
"Georgia",2003,-3516.359,137.1104,186.1843,1234.5333,2159971,2419111,1866633,2151191,818.856897011355,0.225166666666667
"Georgia",2004,-3516.359,157.2891,237.1749,1412.2587,2120781,2412548,1856257,2132602,1223.43609701135,0.7525
"Georgia",2005,-3516.359,187.9747,314.6962,1452.521,2081535,2405012,1846262,2114919,1634.60929701136,0.864416666666667
"Georgia",2006,-3516.359,205.1071,358.6608,1547.8591,2042246,2396650,1836091,2097776,1893.88999701136,1.008
"Georgia",2007,-3516.359,210.6182,432.4284,1597.281,2003024,2387511,1826123,2080347,2095.67249701135,0.909916666666667
"Georgia",2008,-3516.359,258.1234,513.2595,1605.466,1963424,2377090,1816654,2063044,2174.06029701136,0.717666666666667
"Georgia",2009,-3516.359,276.1177,585.8533,1745.2484,1923027,2364669,1808078,2047122,2119.56689701136,0.996
"Georgia",2010,-3516.359,304.231,186.9877,1914.3447,1881610,2350051,1802265,2034566,2013.75599701136,2.66558333333333
"Georgia",2011,0,283.9405,296.9285,2211.5547,1838725,2332531,1797832,2023831,6172.63269701135,0.0503333333333333
"Georgia",2012,0,357.3423,425.7932,2290.8695,1794943,2312776,1792164,2012193,6567.11389701135,1.24308333333333
"Georgia",2013,0,342.8009,299.3722,2286.9347,1752471,2293439,1785720,2000302,6193.95029701136,1.12125
"Georgia",2014,0,370.3605,273.7913,2338.7588,1714022,2278324,1780517,1993717,6326.56689701135,1.70541666666667
"Georgia",2015,0,428.1727,219.1403,2359.1977,1681437,2270087,1777830,1993303,6235.56959701135,1.61083333333333
"Georgia",2016,0,464.5635,163.9147,2321.5932,1655077,2270328,1776797,1994313,6315.65819701135,1.06908333333333
"Georgia",2017,0,516.4607,116.2403,2504.1451,1634019,2278042,1776479,1995421,6501.85129701136,1.27975
"Georgia",2018,0,497.0384,123.3976,2478.1494,1616295,2290836,1776191,1996134,6406.35879701136,2.44866666666667
"Georgia",2019,0,549.5966,256.3309,2892.3644,1599187,2305017,1774749,1996062,7065.92239701135,1.829
"Georgia",2020,0,617.2228,222.119,2921.2203,1580751,2317778,1771454,1994458,7155.04929701136,1.85683333333333
"Germany",1990,-61226.308,35637.1562,18013.2701,82756.7768,21268451,57849875,38186851,41183345,218543.89033379,1.42433333333333
"Germany",1991,-61226.308,33629.1943,18031.0423,80126.1896,21268586,58295868,38471946,41330042,209325.716370165,0.289083333333333
"Germany",1992,-61226.308,32994.2408,13781.4593,80869.5777,21324431,58721726,38738293,41466737,199403.964965779,1.28925
"Germany",1993,-61226.308,34365.2892,13487.226,78022.1268,21340418,59179670,38982675,41590813,194449.716265779,0.443333333333333
"Germany",1994,-61226.308,33856.0912,12938.4623,82728.9014,21276902,59654139,39191482,41690644,197265.009565779,1.66208333333333
"Germany",1995,-61226.308,34336.441,12874.2834,79195.0823,21186093,60054511,39357645,41765618,195861.637065779,0.877166666666667
"Germany",1996,-61226.308,36803.4449,14391.498,80935.0606,21062608,60363729,39481565,41819300,203866.257865779,-0.725083333333333
"Germany",1997,-61226.308,34500.6381,13492.9315,80719.5752,20910931,60588935,39573747,41862340,183179.146765779,0.91225
"Germany",1998,-61226.308,34058.9378,13634.6932,66445.2725,20740748,60758484,39632981,41891402,186490.594365779,1.049
"Germany",1999,-61226.308,32981.4386,13925.7083,65042.577,20567192,60914420,39658295,41898670,184599.493065779,1.457
"Germany",2000,-61226.308,32772.5292,14606.5139,75219.3898,20400344,61087413,39660043,41891634,195147.345665779,1.86175
"Germany",2001,-28199.2333,34826.8087,15670.5563,69792.9561,20245265,61290583,39643587,41870982,226825.928665779,0.998416666666667
"Germany",2002,-28199.2333,35584.238,16111.2599,68412.5352,20097558,61514310,39611973,41831454,208426.720465779,1.56316666666667
"Germany",2003,-28199.2333,34331.0776,17264.4428,71197.5144,19950126,61736369,39571698,41775112,211070.121240155,1.37325
"Germany",2004,-28199.2333,34241.3348,16900.8049,73400.0726,19792081,61923578,39543526,41723147,211617.879006312,0.93525
"Germany",2005,-28199.2333,34245.5546,16720.5844,74713.7818,19617625,62053609,39535133,41677035,211640.876906312,0.988083333333333
"Germany",2006,-28199.2333,33816.2522,17563.387,78093.2682,19423458,62116895,39547572,41630245,216222.423740155,1.56425
"Germany",2007,-28199.2333,34433.4853,16273.4826,79729.3247,19215385,62129072,39589079,41594751,215891.038841962,1.85483333333333
"Germany",2008,-28199.2333,33826.6582,16859.7823,79580.2602,19004672,62126272,39653037,41564445,215706.603106312,1.5
"Germany",2009,-28199.2333,32820.7019,16561.2034,72568.7856,18807360,62158252,39728361,41532255,204425.202113252,1.21458333333333
"Germany",2010,-28199.2333,31744.7891,16824.4042,77661.5957,18633173,62261612,39816164,41508926,209129.236706312,-0.131333333333333
"Germany",2011,-39069.5213,32241.0864,15695.0986,79140.7857,18485321,62448659,39920615,41502762,198862.518665779,1.7435
"Germany",2012,-39069.5213,33226.7025,16318.6456,78195.7075,18507405,62558823,40036202,41509364,200076.017565115,1.14266666666667
"Germany",2013,-39069.5213,32979.8203,16687.269,77746.1875,18544700,62720439,40156052,41524539,201696.200106312,0.768916666666667
"Germany",2014,-39069.5213,30134.136,15295.6301,78900.2584,18587788,62901872,40290819,41568007,197293.798065779,2.43375
"Germany",2015,-39069.5213,29248.4542,15449.6521,79193.3776,18629376,63078413,40435376,41637850,196938.759265779,1.9985
"Germany",2016,-39106.2687,30562.306,15133.9731,80018.7085,18657193,63257479,40589743,41741679,197667.389065779,1.65108333333333
"Germany",2017,-39106.2687,28670.109,14641.9028,80722.253,18672100,63442124,40750817,41873558,195625.607465779,1.66341666666667
"Germany",2018,-39106.2687,27770.2119,12768.095,77621.6639,18671111,63622346,40894829,42001866,188788.278865779,2.49033333333333
"Germany",2019,-39106.2687,24831.3551,11150.8643,74215.2856,18651132,63787507,41023579,42124562,179132.790565779,2.3395
"Germany",2020,-39106.2687,24713.2551,10645.2341,70887.3482,18610145,63930305,41115471,42213517,174192.699965779,2.45475
"Ghana",1990,-13821.5288,43.9264,188.5638,1316.4403,9297561,5330699,7651915,7795067,21029.6142222958,0.561166666666667
"Ghana",1991,-13821.5288,51.1179,194.9366,1314.4017,9449370,5590144,7851838,7991633,21369.2706222958,0.339
"Ghana",1992,-13821.5288,60.6945,202.1804,1416.0245,9602248,5861606,8052872,8188676,21331.9387222958,0.175916666666667
"Ghana",1993,-13821.5288,68.4858,115.1633,1429.6075,9753372,6143060,8256620,8387013,21438.0252222958,0.508583333333333
"Ghana",1994,-13821.5288,80.5556,126.702,1296.6762,9897780,6432394,8454648,8586206,21537.8375222958,0.511166666666667
"Ghana",1995,-13821.5288,147.4266,140.0318,1212.372,10032824,6727643,8649656,8789218,21616.2761222958,0.74975
"Ghana",1996,-13821.5288,84.886,156.5286,1261.4184,10157386,7028222,8849008,8995002,22082.3854222958,0.642166666666667
"Ghana",1997,-13821.5288,95.0175,173.0342,1361.7022,10273998,7334814,9059526,9208514,23252.5962222958,0.50775
"Ghana",1998,-13821.5288,76.4939,81.32,961.0585,10385864,7650630,9282832,9431876,25438.6423222958,1.15858333333333
"Ghana",1999,-13821.5288,81.7639,107.1988,1208.4498,10498164,7979448,9513907,9662884,23434.0789222958,0.494416666666667
"Ghana",2000,-13821.5288,87.8935,85.3604,1317.1969,10619132,8319630,9759725,9905777,25060.8442258727,0.454
"Ghana",2001,20470.3743,100.9202,92.4755,1273.1871,10759435,8662170,10028005,10167572,57925.9196439678,0.636166666666667
"Ghana",2002,20470.3743,134.5765,105.1596,1164.4944,10903660,9020862,10312728,10445597,57775.5021403909,0.7765
"Ghana",2003,20470.3743,161.6032,54.3878,919.0811,11051200,9395582,10601193,10728320,57726.2633403909,0.988166666666667
"Ghana",2004,20470.3743,142.3251,29.9872,886.8441,11200504,9786032,10892403,11014041,56867.1486403909,0.814583333333333
"Ghana",2005,20470.3743,166.8392,53.4195,879.6798,11350899,10191110,11190399,11306552,58682.8503403909,0.945333333333333
"Ghana",2006,20470.3743,227.2165,74.2182,973.6407,11501626,10611799,11494181,11604406,58325.2278168672,0.946
"Ghana",2007,20470.3743,254.3559,83.8982,865.2414,11652304,11047908,11801766,11906554,57840.9609168672,0.958583333333333
"Ghana",2008,20470.3743,272.9785,77.9796,859.6035,11800555,11498085,12113292,12212794,57948.7992921918,0.727083333333333
"Ghana",2009,20470.3743,434.84,84.0087,849.8686,11944412,11959419,12428179,12522583,57948.7557923593,0.891833333333333
"Ghana",2010,20470.3743,388.5333,114.492,970.1337,12081325,12430779,12742737,12831981,58435.4112168672,1.23475
"Ghana",2011,25104.2496,375.6763,111.9884,1175.3297,12210704,12911092,13060897,13145044,43331.8374168672,0.844583333333333
"Ghana",2012,25104.2496,476.1641,132.362,1986.4976,12333058,13399991,13388449,13470314,43803.2194168672,0.626083333333333
"Ghana",2013,25104.2496,477.3163,155.2273,1987.5684,12449163,13897088,13722904,13802693,44539.1280168672,0.82975
"Ghana",2014,25104.2496,454.9759,155.3535,1978.6392,12559438,14403125,14059371,14136988,44310.0471168672,0.936083333333333
"Ghana",2015,25104.2496,520.3245,137.8537,1709.8069,12664366,14918455,14397364,14473575,44735.2826168672,1.08658333333333
"Ghana",2016,-25023.2323,555.7612,212.1479,1900.8777,12763904,15442824,14739510,14814792,-9189.50168313283,1.32966666666667
"Ghana",2017,-25023.2323,634.0626,218.4508,1762.0457,12857864,15975765,15073582,15148680,-9355.08798313283,1.23016666666667
"Ghana",2018,-25023.2323,695.5513,210.8955,2193.1164,12946423,16517220,15398027,15472613,-8887.43718313284,1.11375
"Ghana",2019,-25023.2323,710.5637,232.0381,2584.2841,13029799,17067171,15723678,15798612,-8222.22458313283,1.31325
"Ghana",2020,-25023.2323,790.4135,249.2505,2585.3549,13108188,17625567,16051315,16129086,-6426.29818313284,1.3105
"Gibraltar",1990,0,0.1064,1.648,NA,0,29164,13951,13366,6386.93545924246,0.926166666666667
"Gibraltar",1991,0,0.1059,1.6456,NA,0,29212,13794,13194,6067.86545419868,0.214666666666667
"Gibraltar",1992,0,0.1053,2.7088,NA,0,29379,13755,13190,6079.62275419868,0.182583333333333
"Gibraltar",1993,0,0.0916,2.0065,NA,0,29623,13809,13309,6078.71775419868,-0.1915
"Gibraltar",1994,0,0.0903,2.0221,NA,0,29895,13853,13428,5609.03722665334,0.803583333333333
"Gibraltar",1995,0,0.016,1.1248,NA,0,30147,13877,13535,5606.56232665335,1.45941666666667
"Gibraltar",1996,0,0.0185,1.3162,NA,0,30382,13881,13611,5929.2322456357,0.644666666666667
"Gibraltar",1997,0,0.0229,1.2769,NA,0,30594,13879,13685,5930.6142456357,1.46591666666667
"Gibraltar",1998,0,0.0269,1.4391,NA,0,30801,13873,13763,5961.31695502518,0.961166666666667
"Gibraltar",1999,0,0.0297,1.4931,NA,0,30991,13864,13832,5933.5473456357,0.810583333333333
"Gibraltar",2000,0,0.0309,1.9819,NA,0,31180,13844,13898,5934.6310456357,0.889416666666667
"Gibraltar",2001,0,0.0326,1.4912,NA,0,31374,13790,13931,6041.88291980993,1.20866666666667
"Gibraltar",2002,0,0.0333,1.55,NA,0,31544,13863,14030,6042.01851980993,0.988
"Gibraltar",2003,0,0.032,1.6722,NA,0,31720,14081,14220,6041.15281980993,1.27233333333333
"Gibraltar",2004,0,0.0316,2.1489,NA,0,31896,14300,14416,6046.66641980993,0.979916666666667
"Gibraltar",2005,0,0.0454,2.4974,NA,0,32085,14527,14628,6047.74281980993,0.881416666666667
"Gibraltar",2006,0,0.0612,2.48,NA,0,32296,14749,14838,6048.31401980993,1.37841666666667
"Gibraltar",2007,0,0.0788,3.0504,NA,0,32510,14954,15043,6153.17218709298,0.898833333333333
"Gibraltar",2008,0,0.1068,3.3951,NA,0,32732,15158,15241,6172.35445445666,0.875
"Gibraltar",2009,0,0.1327,3.6351,NA,0,32956,15373,15445,6071.81048717361,1.46241666666667
"Gibraltar",2010,0,0.1563,3.9863,NA,0,33189,15598,15664,6072.16538717361,1.30991666666667
"Gibraltar",2011,0,0.1821,4.2075,NA,0,33405,15823,15878,6070.14798717361,1.51716666666667
"Gibraltar",2012,0,0.2078,5.5427,NA,0,33623,16064,16096,6072.54058717361,0.962416666666667
"Gibraltar",2013,0,0.2402,5.1432,NA,0,33831,16192,16218,6077.17198717361,0.863583333333333
"Gibraltar",2014,0,0.2458,6.0205,NA,0,34038,16201,16250,6084.05248717361,1.34175
"Gibraltar",2015,0,0.2481,5.8963,NA,0,34228,16223,16297,5980.37441299938,1.64375
"Gibraltar",2016,0,0.2476,7.3465,NA,0,34408,16244,16320,5721.09352691132,1.62366666666667
"Gibraltar",2017,0,0.2443,7.4651,NA,0,34571,16268,16334,5728.44682691132,1.87308333333333
"Gibraltar",2018,0,0.2417,7.2693,NA,0,34733,16297,16351,5736.01512691132,0.862166666666667
"Gibraltar",2019,0,0.238,6.9329,NA,0,34879,16320,16366,5742.77973677626,1.35233333333333
"Gibraltar",2020,0,0.2351,6.8152,NA,0,35000,16337,16372,5738.56212691132,1.8225
"Greece",1990,-2343.0551,3067.4234,1257.2744,12275.0915,2924228,7324309,5093238,5209017,32225.9036,0.429333333333333
"Greece",1991,-2343.0551,3212.1559,1289.0554,11726.8844,2933448,7408444,5143099,5248449,31927.2595,-0.5295
"Greece",1992,-2343.0551,3515.2857,1376.7322,11545.3252,2951819,7499598,5191940,5286448,32313.5909,-0.374416666666667
"Greece",1993,-2343.0551,3383.5019,1078.3835,11461.273,2972377,7597045,5240056,5323385,32319.8028,-0.06425
"Greece",1994,-2343.0551,3446.043,1140.3839,11594.3207,2991936,7692882,5287470,5359947,32640.9795,0.8845
"Greece",1995,-2343.0551,3667.2197,1008.7505,12750.1429,3008228,7781147,5332490,5395436,33694.1443,0.101
"Greece",1996,-2343.0551,3479.0236,985.0892,12976.7825,3020671,7860241,5374143,5429663,33994.6167,-0.139416666666667
"Greece",1997,-2343.0551,3446.2672,1103.35,12949.6418,3029834,7931289,5413066,5462208,34364.6461,-0.280833333333333
"Greece",1998,-2343.0551,3445.3406,1241.1635,13376.4033,3035811,7994582,5448020,5491456,35408.083,0.505333333333333
"Greece",1999,-2343.0551,3546.0905,1339.7178,13957.6231,3039083,8051183,5477051,5516810,35856.2882,1.05233333333333
"Greece",2000,-2343.0551,3916.1459,1551.5985,12949.0707,3040042,8102077,5499682,5538426,36359.4226,0.612583333333333
"Greece",2001,-2492.9623,4078.0654,1788.7166,10265.6001,3029532,8154866,5516119,5556062,33874.362,0.96875
"Greece",2002,-2492.9623,4079.5162,1942.6802,12162.8507,2994553,8222246,5526897,5569720,34068.7093,0.6605
"Greece",2003,-2492.9623,3949.103,2123.8487,12111.5982,2958243,8285324,5531409,5579078,38048.8149,0.414416666666667
"Greece",2004,-2492.9623,4061.2715,2353.3265,12117.4938,2922112,8348364,5530181,5584909,34843.755,0.4235
"Greece",2005,-2492.9623,4079.9727,2811.6376,12409.0806,2887279,8413925,5524543,5588904,35745.9206,0.182416666666667
"Greece",2006,-2492.9623,4026.1685,2917.7714,10878.945,2854291,8484479,5515042,5591051,34230.564,0.185333333333333
"Greece",2007,-2492.9623,4355.2396,3312.4273,10835.0746,2822571,8558326,5501219,5590274,35626.9522,1.00575
"Greece",2008,-2492.9623,4501.5344,3555.2719,10555.1363,2790077,8629570,5485148,5588476,35484.2995,1.05208333333333
"Greece",2009,-2492.9623,4400.3467,3573.8749,8995.8841,2754332,8689496,5468239,5587257,32772.2559,0.889666666666667
"Greece",2010,-2492.9623,4437.8056,3592.634,8891.7075,2713565,8732440,5449537,5584246,32596.0708,1.53625
"Greece",2011,0,4449.4491,3589.5599,7183.6034,2667285,8755520,5427544,5577181,32993.4539,0.277333333333333
"Greece",2012,0,4800.9897,3725.1632,7736.3506,2616562,8761695,5399734,5563901,32258.5385,1.1955
"Greece",2013,0,4663.2973,3622.9921,8580.8346,2563761,8757539,5368846,5545659,32677.691,1.268
"Greece",2014,0,1819.9284,3663.5443,8785.4664,2511810,8752916,5337872,5525097,29970.0843,1.23941666666667
"Greece",2015,0,1616.9314,3529.903,8503.0081,2462743,8755057,5305426,5501215,28659.345,0.803166666666667
"Greece",2016,0,1674.3429,3372.8409,8813.4291,2417151,8766565,5274016,5475726,28443.0024,1.361
"Greece",2017,0,1440.1467,3388.0108,8823.1554,2374332,8785441,5243373,5448855,28138.8786,0.935166666666667
"Greece",2018,0,1281.5151,3119.3938,8538.1235,2333390,8808771,5212498,5420773,27100.8248,1.76725
"Greece",2019,0,1438.2305,2956.6906,8533.3038,2292972,8831631,5182160,5391864,26919.5617,1.54191666666667
"Greece",2020,0,1093.5037,2717.7163,7738.6899,2252163,8850409,5150987,5361245,25054.373,1.39741666666667
"Greenland",1990,-0.1356,6.7205,1.3686,NA,11289,44315,30078,25521,5355.38517136266,-0.44325
"Greenland",1991,-0.1356,6.5677,1.3687,NA,11140,44649,30016,25642,5353.38407136266,-0.225
"Greenland",1992,-0.1356,6.6055,1.1768,NA,11004,44857,29945,25742,5354.69677136266,-1.3845
"Greenland",1993,-0.1356,7.6748,1.2093,NA,10889,44959,29869,25838,5352.29427136266,-1.41583333333333
"Greenland",1994,-0.1356,7.7162,1.2628,NA,10770,45045,29782,25919,5356.03147136266,-0.4795
"Greenland",1995,-0.1356,7.7567,1.8508,NA,10659,45152,29800,25987,5360.95657136266,-0.0921666666666667
"Greenland",1996,-0.1356,7.7966,2.0948,NA,10553,45284,29913,26047,5364.17857136266,0.825416666666667
"Greenland",1997,-0.1356,7.8369,2.5588,NA,10491,45390,29990,26082,5374.61787136266,0.48825
"Greenland",1998,-0.1356,7.8773,3.172,NA,10434,45514,30026,26096,5376.08477136266,1.22925
"Greenland",1999,-0.1356,7.9037,3.3251,NA,10382,45664,30020,26087,5345.37488568365,0.32
"Greenland",2000,-0.1356,7.9829,3.8057,NA,10336,45839,30049,26134,5402.56153872635,0.955916666666667
"Greenland",2001,-0.0219,7.9382,4.4938,NA,10224,46103,30137,26249,5404.21933872635,1.01025
"Greenland",2002,-0.0219,7.6312,5.0327,NA,10120,46398,30206,26360,5405.21083872635,1.37325
"Greenland",2003,-0.0219,7.3863,5.3693,NA,10016,46692,30259,26470,5400.14083872635,1.96475
"Greenland",2004,-0.0219,2.5601,6.3936,NA,9905,46956,30300,26566,5448.70583872635,1.34083333333333
"Greenland",2005,-0.0219,2.5663,6.9494,NA,9763,47188,30291,26596,5466.13553872635,2.21158333333333
"Greenland",2006,-0.0219,2.5599,7.3852,NA,9587,47384,30232,26579,5438.23533872635,1.48616666666667
"Greenland",2007,-0.0219,2.2636,9.4309,NA,9403,47524,30151,26558,5494.12223872635,1.36758333333333
"Greenland",2008,-0.0219,2.458,10.2193,NA,9215,47626,30061,26516,5494.85823872635,1.02925
"Greenland",2009,-0.0219,2.0062,9.4434,NA,9027,47701,29971,26471,5472.63973872635,1.11191666666667
"Greenland",2010,-0.0219,1.7238,8.8433,NA,8845,47793,29894,26457,5565.40633708584,3.143
"Greenland",2011,-0.0992,1.3094,9.0905,NA,8621,47931,29825,26463,5463.15953872635,1.19683333333333
"Greenland",2012,-0.0992,1.2428,9.4613,NA,8357,48113,29745,26453,5479.16173872635,1.8225
"Greenland",2013,-0.0992,0.9907,9.3032,NA,8151,48263,29663,26426,5486.31783872635,1.277
"Greenland",2014,-0.0992,0.9157,9.1842,NA,7999,48383,29567,26385,5469.77113872635,1.34691666666667
"Greenland",2015,-0.0992,1.8626,9.802,NA,7853,48524,29517,26377,5464.10013872635,0.112166666666667
"Greenland",2016,-0.0926,1.5305,9.7389,NA,7714,48698,29517,26398,5478.46433872635,2.53266666666667
"Greenland",2017,-0.0926,0.9161,9.3669,NA,7583,48897,29515,26413,5484.92713872635,1.47166666666667
"Greenland",2018,-0.0926,1.008,10.1714,NA,7458,49107,29512,26419,5489.83973872635,0.794083333333333
"Greenland",2019,-0.0926,0.9851,9.9097,NA,7338,49335,29507,26424,5494.84233872635,2.2
"Greenland",2020,-0.0926,0.9843,10.3056,NA,7220,49552,29531,26496,5498.10033872635,1.32441666666667
"Grenada",1990,0,9.186,1.7103,2.5969,64099,32184,49267,49780,1331.51504452159,0.234666666666667
"Grenada",1991,0,10.9267,1.7485,2.692,64139,32315,49700,50057,1333.54764452159,0.363833333333333
"Grenada",1992,0,11.9833,1.7804,2.7456,64400,32798,50392,50648,1305.05539551624,0.39125
"Grenada",1993,0,12.7451,1.8141,2.8177,64896,33409,51013,51160,1306.08409551624,0.474416666666667
"Grenada",1994,0,12.2304,1.8485,2.8963,65382,34023,51570,51604,1336.52674452159,0.435083333333333
"Grenada",1995,0,11.18,2.5325,2.8462,65697,34558,52066,51993,1335.67654452159,0.760833333333333
"Grenada",1996,0,11.1346,6.7578,2.9094,65805,34991,52513,52333,1342.53074452159,0.44475
"Grenada",1997,0,13.2329,7.3407,3.003,65771,35351,52918,52630,1343.88284452159,0.66025
"Grenada",1998,0,12.8718,9.077,3.0028,65644,35665,53294,52906,1347.23274452159,1.18591666666667
"Grenada",1999,0,13.0167,9.2416,3.0704,65480,35962,53663,53160,1348.82784452159,0.567833333333333
"Grenada",2000,0,14.0363,10.4594,3.0203,65343,36276,54035,53397,1350.27714452159,0.455916666666667
"Grenada",2001,0,14.4485,11.1309,3.1032,65265,36584,54340,53596,1352.11374452159,0.7585
"Grenada",2002,0,15.6779,12.3932,3.1527,65432,36668,54535,53697,1355.58294452159,0.6015
"Grenada",2003,0,16.122,12.8777,3.2353,65615,36760,54821,53919,1357.70774452159,0.884
"Grenada",2004,0,14.1562,11.9288,3.2739,65801,36855,55220,54297,1354.36884452159,0.453916666666667
"Grenada",2005,0,14.6857,12.3945,3.4125,65995,36954,55599,54654,1356.44464452159,0.9725
"Grenada",2006,0,15.8409,12.9993,3.4514,66200,37059,55973,55015,1359.26874452159,0.768333333333333
"Grenada",2007,0,18.2072,15.3087,3.49,66416,37170,56349,55375,1364.91324452159,0.62525
"Grenada",2008,0,14.5287,16.0949,3.5586,66643,37287,56743,55736,1556.40659278676,0.51575
"Grenada",2009,0,15.3663,15.8706,3.6871,66884,37412,57148,56101,1557.84179278676,0.558416666666667
"Grenada",2010,0,16.6226,18.1444,3.7157,67134,37543,57562,56477,1561.40968656454,1.188
"Grenada",2011,0,17.4275,18.4752,3.7146,67396,37679,57983,56934,1551.54826426361,0.66775
"Grenada",2012,0,16.6652,17.0629,3.7235,67646,37835,58426,57486,1529.79414378142,0.621916666666667
"Grenada",2013,0,16.4926,17.2736,3.8421,67892,38017,58897,58047,1525.31885019823,0.709916666666667
"Grenada",2014,0,15.5982,18.9046,3.8407,68136,38224,59367,58606,1526.52945019823,0.673083333333333
"Grenada",2015,0,15.6331,20.1792,3.8795,68370,38453,59819,59160,1532.62354378141,0.86725
"Grenada",2016,0,16.0317,20.6915,3.9281,68605,38712,60258,59709,1533.20574378141,0.918333333333333
"Grenada",2017,0,15.8129,20.2818,3.9767,68831,38994,60681,60239,1533.17874378141,0.905666666666667
"Grenada",2018,0,15.3403,20.9461,4.0256,69042,39297,61090,60748,1350.27389551624,0.54125
"Grenada",2019,0,16.8851,21.6724,4.0942,69217,39608,61483,61240,1357.16059551624,1.2485
"Grenada",2020,0,16.2668,18.7572,4.1428,69370,39938,61916,61746,1348.95029551624,1.15625
"Guadeloupe",1990,0,21.9112,50.3927381766511,NA,13993,371885,191653,200298,3649.37727543077,0.384
"Guadeloupe",1991,0,21.9112,50.3927381766511,NA,12885,377184,194007,202982,3648.63767543077,0.40375
"Guadeloupe",1992,0,21.9112,50.3927381766511,NA,11835,381630,195983,205464,3649.63657543077,0.466583333333333
"Guadeloupe",1993,0,21.9112,50.3927381766511,NA,10858,385571,197841,207890,3650.45987543077,0.5575
"Guadeloupe",1994,0,21.9112,50.3927381766511,NA,9959,389511,199618,210267,3652.68137543077,0.548166666666667
"Guadeloupe",1995,0,21.9112,50.3927381766511,NA,9141,393796,201326,212609,3561.82400346089,0.702083333333333
"Guadeloupe",1996,0,21.9112,50.3927381766511,NA,8399,398578,202976,214925,3570.88180346089,0.289583333333333
"Guadeloupe",1997,0,20.4502,51.9336730033915,NA,7725,403719,204583,217231,3573.35173828763,0.645916666666667
"Guadeloupe",1998,0,14.6073,67.9106051493666,NA,7105,408984,205623,219356,3607.91838029854,1.00933333333333
"Guadeloupe",1999,0,14.6073,67.9106051493666,NA,6729,413853,204849,220905,3606.58977291349,0.458916666666667
"Guadeloupe",2000,0,14.6073,67.9106051493666,NA,6794,417852,202995,221071,3605.78767291349,0.284833333333333
"Guadeloupe",2001,0,14.6004,161.124920311788,NA,6852,421368,201131,220057,3694.23560830688,0.607
"Guadeloupe",2002,0,14.829,161.124920311788,NA,6902,424457,198919,218701,3704.69320830688,0.673583333333333
"Guadeloupe",2003,0,14.6662,161.124920311788,NA,6947,427244,196359,217085,3699.52900830688,0.80825
"Guadeloupe",2004,0,17.3949,67.9106051493666,NA,6990,429895,193486,215139,3606.57222874353,0.493416666666667
"Guadeloupe",2005,0,17.5256,81.547010659913,NA,7033,432519,190349,212885,3621.60693425408,0.826333333333333
"Guadeloupe",2006,0,17.5312,161.124920311788,NA,7076,435181,188709,212216,3703.22256413692,0.734416666666667
"Guadeloupe",2007,0,17.5718,167.675713284142,NA,7114,437796,188568,213046,3709.42925710927,0.888916666666667
"Guadeloupe",2008,0,20.4423,175.745314109559,NA,7145,440200,188322,213773,3727.83515793469,0.3535
"Guadeloupe",2009,0,19.9628,167.675713284142,NA,7163,442170,188051,214626,3714.36145710927,0.623666666666667
"Guadeloupe",2010,0,17.9977,175.745314109559,NA,7168,443550,187690,215381,3725.21115793469,1.08958333333333
"Guadeloupe",2011,-99.2493,17.111,175.745314109559,NA,7158,444289,187258,215885,3573.07165793469,0.55425
"Guadeloupe",2012,-99.2493,17.0161,175.745314109559,NA,7134,444468,186694,216291,3575.27955793469,0.69375
"Guadeloupe",2013,-99.2493,16.9434,175.745314109559,NA,7100,444238,185803,216544,3582.67694855465,0.766333333333333
"Guadeloupe",2014,-99.2493,16.9981,491.220404689761,NA,7059,443825,184374,216474,3901.95064928366,0.733333333333333
"Guadeloupe",2015,-99.2493,16.9059,491.220404689761,NA,7013,443405,182817,216272,3905.17694928366,1.07025
"Guadeloupe",2016,0,16.7996,537.984252039315,NA,6964,443011,181660,216195,4100.32629120734,1.07941666666667
"Guadeloupe",2017,0,16.87,547.224578760694,NA,6911,442657,180804,216218,4110.93781792872,0.9005
"Guadeloupe",2018,0,16.3429,547.224578760694,NA,6855,442318,180041,216221,4112.06841792872,0.573
"Guadeloupe",2019,0,16.1748,547.224578760694,NA,6796,442002,179296,216189,4113.65631792872,0.895
"Guadeloupe",2020,0,16.0192,547.224578760694,NA,6733,441694,179167,216476,7088.56819922958,1.06383333333333
"Guam",1990,0,NA,1259.02603591087,NA,12010,118472,72873,65391,12602.3101878465,0.697165717226598
"Guam",1991,0,NA,1259.02603591087,NA,11939,121619,73897,66843,13107.9930801676,0.303847065128495
"Guam",1992,0,NA,1259.02603591087,NA,11865,124827,74846,68328,13108.1053801676,0.303847065128495
"Guam",1993,0,NA,1259.02603591087,NA,11785,128033,75754,69787,13108.2170801676,0.302181633863222
"Guam",1994,0,NA,1259.02603591087,NA,11687,131115,76621,71222,13081.5844722055,0.706218452179417
"Guam",1995,0,NA,1259.02603591087,NA,11565,133996,77450,72644,13081.6829722055,0.705725342360831
"Guam",1996,0,NA,1259.02603591087,NA,11420,136640,78230,74031,13108.5120801676,0.348111265955035
"Guam",1997,0,NA,1259.02603591087,NA,11254,139049,78977,75353,13081.8526722055,0.663272141459757
"Guam",1998,0,NA,1259.02603591087,NA,11067,141210,79710,76647,13081.9231722055,0.899045959333043
"Guam",1999,0,NA,1259.02603591087,NA,10859,143094,80445,77951,13081.9832722055,0.890462109683053
"Guam",2000,0,NA,1259.02603591087,NA,10672,144657,81191,78996,13082.0321722055,0.890462109683053
"Guam",2001,0,NA,1259.02603591087,NA,10584,145817,81879,79644,13082.0705722055,0.89307986664589
"Guam",2002,0,NA,1259.02603591087,NA,10477,146698,82448,80115,13082.6985722055,0.895723732843731
"Guam",2003,0,NA,1259.02603591087,NA,10354,147360,82900,80486,13082.6895722055,0.895723732843731
"Guam",2004,0,NA,1259.02603591087,NA,10223,147876,83243,80760,13082.6749722055,0.898225088889251
"Guam",2005,0,NA,1259.02603591087,NA,10088,148314,83485,80945,13082.6578722055,0.898225088889251
"Guam",2006,0,NA,1259.02603591087,NA,9951,148697,83629,81046,13082.6385722055,0.899006102493334
"Guam",2007,0,NA,1259.02603591087,NA,9814,149041,83676,81088,13082.6181722055,0.901044969011132
"Guam",2008,0,NA,1259.02603591087,NA,9676,149359,83648,81076,13082.5964722055,0.901044969011132
"Guam",2009,0,NA,1259.02603591087,NA,9541,149690,83559,81020,13082.5751722055,0.902870153946765
"Guam",2010,0,NA,1259.02603591087,NA,9409,150035,83691,81214,13082.5544722055,0.902870153946765
"Guam",2011,0,NA,1259.02603591087,NA,9280,150398,84025,81624,13082.5354722055,0.902870153946765
"Guam",2012,0,NA,1259.02603591087,NA,9156,150817,84350,82041,13082.5207722055,0.902870153946765
"Guam",2013,0,NA,1259.02603591087,NA,9040,151335,84636,82418,13082.5077722055,0.902870153946765
"Guam",2014,0,NA,1266.33701852898,NA,8935,152032,84833,82710,13089.7985548237,1.11412736715272
"Guam",2015,0,NA,1266.33701852898,NA,8844,152953,84996,82982,13089.8001548236,1.2963254263413
"Guam",2016,-158.4,NA,1266.33701852898,NA,8769,154127,85126,83220,12931.4106548236,1.29889269018414
"Guam",2017,-158.4,NA,1266.33701852898,NA,8706,155523,85205,83401,12931.4301548237,1.29889269018414
"Guam",2018,-158.4,NA,1266.33701852898,NA,8651,157067,85186,83492,12931.4552548236,1.29889269018414
"Guam",2019,-158.4,NA,1266.33701852898,NA,8598,158647,85102,83522,12931.4895548236,1.30288453087482
"Guam",2020,-158.4,NA,1266.33701852898,NA,8542,160185,85317,83914,12931.5225548236,1.30288453087482
"Guatemala",1990,-366.4613,152.5912,39.0804,767.2097,5373790,3890023,4537203,4547577,24374.321594465,0.360333333333333
"Guatemala",1991,-366.4613,185.5199,46.3584,663.5251,5469686,4013584,4656038,4673519,24505.564765074,0.636916666666667
"Guatemala",1992,-366.4613,291.9298,75.6789,647.2042,5567354,4141190,4775550,4801081,24372.5361939368,0.460333333333333
"Guatemala",1993,-366.4613,358.4159,83.3791,542.9362,5666327,4272365,4899146,4932721,24811.4075462852,0.290833333333333
"Guatemala",1994,-366.4613,377.8694,97.1526,577.8851,5765621,4406676,5027450,5067471,25514.7834440991,0.665
"Guatemala",1995,-366.4613,388.9157,115.2049,558.9761,5864753,4543736,5159066,5204024,25697.2266440991,0.585333333333333
"Guatemala",1996,-366.4613,395.6941,128.739,655.6345,5963314,4683360,5291157,5341136,26755.5242440991,0.0649166666666667
"Guatemala",1997,-366.4613,309.2855,152.5221,669.1676,6061866,4825768,5425167,5480215,26256.4231945564,0.701583333333333
"Guatemala",1998,-366.4613,383.3678,65.5879,781.1264,6161413,4972088,5561946,5622087,30504.4478945564,0.87075
"Guatemala",1999,-366.4613,434.37,77.5811,908.3047,6263565,5123638,5699150,5764354,27091.2268789058,0.534166666666667
"Guatemala",2000,-366.4613,471.8025,111.151,1085.0062,6369284,5281459,5832845,5903049,29303.5500945564,0.312833333333333
"Guatemala",2001,-2105.1794,358.5333,128.3218,1130.397,6479081,5445865,5967033,6042162,23520.4378778437,0.385
"Guatemala",2002,-2105.1794,398.7504,162.5248,1301.5619,6592165,5616683,6104889,6184967,24950.2075635738,0.557166666666667
"Guatemala",2003,-2105.1794,492.848,185.5691,1299.614,6710484,5789994,6242622,6327882,27749.4814863799,0.899333333333333
"Guatemala",2004,-2105.1794,508.0763,219.2987,1440.2422,6831542,5965383,6380836,6471601,24117.0452353196,0.6965
"Guatemala",2005,-2105.1794,459.5484,242.4948,1604.5032,6952320,6143708,6518215,6614600,26856.5941466748,0.85475
"Guatemala",2006,-2105.1794,507.4757,248.3915,1671.555,7072229,6324779,6655122,6757284,24350.5902672032,0.6215
"Guatemala",2007,-2105.1794,531.2741,263.3175,1785.4095,7191525,6508761,6794272,6902334,26116.5889790291,0.530916666666667
"Guatemala",2008,-2105.1794,518.1936,262.5524,1858.2918,7310395,6695971,6932767,7046684,25386.7881118958,0.204833333333333
"Guatemala",2009,-2105.1794,543.4195,286.9966,1504.2025,7429485,6886723,7069856,7189555,25637.6291651892,0.750916666666667
"Guatemala",2010,-2105.1794,485.408,251.8925,2091.1416,7548904,7081513,7208916,7334206,25394.3063346401,0.51
"Guatemala",2011,-1134.3388,500.0661,249.1707,2129.3233,7668633,7280286,7351421,7482033,19326.886417161,0.544166666666667
"Guatemala",2012,-1134.3388,565.9354,254.3842,2181.5166,7788239,7482817,7496331,7631975,20010.9462944167,0.556416666666667
"Guatemala",2013,-1134.3388,631.8147,271.7096,2289.5405,7905605,7690609,7641133,7781528,20615.2717716857,0.607
"Guatemala",2014,-1134.3388,652.5861,285.379,2567.8466,8019984,7903575,7784492,7929248,19836.3920426023,0.632333333333333
"Guatemala",2015,-1134.3388,802.2971,340.9798,2695.8705,8130972,8121457,7926192,8074915,20579.9273498919,1.30216666666667
"Guatemala",2016,-1134.3388,823.7125,392.6319,2643.8941,8238270,8344199,8069288,8221716,16561.3361498919,1.36116666666667
"Guatemala",2017,-1134.3388,945.8811,351.6913,2732.2004,8341671,8571832,8211428,8367294,16237.6070936525,0.991083333333333
"Guatemala",2018,-1134.3388,1063.4542,432.0566,2840.2243,8440970,8804376,8345651,8504524,16296.8183936525,0.878916666666667
"Guatemala",2019,-1134.3388,1137.1858,470.6946,2908.5304,8535983,9041859,8472585,8633753,17385.1335962583,1.45683333333333
"Guatemala",2020,-1134.3388,1156.6188,496.0953,2976.554,8626519,9284293,8598279,8764440,17678.5770319135,1.70116666666667
"Guinea",1990,-89.4923,6.3233,88.1606,32.3176,4348022,1693072,3122934,3231211,17462.7376112986,0.699166666666667
"Guinea",1991,-89.4923,6.4579,89.7473,33.6186,4569613,1804716,3255829,3359906,17640.5117112986,0.65075
"Guinea",1992,-89.4923,6.6163,91.4999,34.1197,4825760,1933078,3366236,3465959,17800.4116112986,0.378333333333333
"Guinea",1993,-89.4923,6.4447,55.2867,35.6209,5093763,2069473,3475466,3570631,17922.7088112986,0.637666666666667
"Guinea",1994,-89.4923,6.3131,60.0802,36.822,5342733,2201558,3585501,3676611,18106.1184112986,0.44125
"Guinea",1995,-89.4923,7.6215,64.0885,38.0229,5551139,2320034,3691007,3777340,18284.8493112986,0.53175
"Guinea",1996,-89.4923,8.9392,72.9835,39.0237,5711451,2421101,3801363,3881753,17514.3847112986,0.795166666666667
"Guinea",1997,-89.4923,9.7296,80.3596,39.9243,5832294,2505694,3875996,3966809,17872.4490112986,0.778833333333333
"Guinea",1998,-89.4923,13.0555,43.7286,40.7248,5924881,2578416,3943988,4048557,19540.4332112986,1.14558333333333
"Guinea",1999,-89.4923,12.4146,50.7543,41.8252,6006156,2647613,4033553,4141344,18657.8295112986,0.574416666666667
"Guinea",2000,-89.4923,17.59,82.5873,42.9257,6089434,2719112,4109599,4227368,18612.3562112986,0.618666666666667
"Guinea",2001,-148.203,21.82,112.724,44.0262,6177192,2793947,4150573,4295144,19027.4030112986,0.865
"Guinea",2002,-148.203,18.4238,135.2592,45.3268,6266378,2870967,4206776,4371013,20011.9578112986,1.11925
"Guinea",2003,-148.203,16.6198,160.4164,43.927,6358823,2951025,4303547,4468708,20116.3771112986,0.959
"Guinea",2004,-148.203,17.6441,191.672,47.5276,6455507,3034722,4395576,4565463,19901.2626112986,1.09416666666667
"Guinea",2005,-148.203,18.0554,227.9174,48.1281,6557321,3122424,4479878,4660236,21201.0336112986,1.23216666666667
"Guinea",2006,-148.203,13.4498,236.1911,49.1289,6666117,3215311,4570372,4760253,21249.2717112986,1.00716666666667
"Guinea",2007,-148.203,15.4748,238.3687,50.8294,6782797,3313930,4676528,4870553,21227.8940112986,0.9925
"Guinea",2008,-148.203,14.9257,244.0251,51.0302,6905524,3417618,4791806,4987979,21534.1707112986,1.129
"Guinea",2009,-148.203,15.2524,247.5379,51.9307,7031556,3524968,4911573,5109750,21567.0916112986,0.939083333333333
"Guinea",2010,-148.203,15.8683,242.0555,53.0315,7158911,3635259,5035358,5235369,23251.9697112986,1.32358333333333
"Guinea",2011,37.6127,14.125,242.8495,54.2321,7286986,3748184,5163256,5364456,24183.9124112986,0.974833333333333
"Guinea",2012,37.6127,16.6516,249.5556,54.2329,7416978,3864491,5292876,5495816,25242.8428112986,0.651333333333333
"Guinea",2013,37.6127,15.8959,254.9415,54.8337,7551293,3985322,5425320,5630110,25158.7992112986,1.02725
"Guinea",2014,37.6127,18.9995,280.1501,54.7345,7692904,4112605,5564217,5769149,25230.6557112986,0.883166666666667
"Guinea",2015,37.6127,18.6316,322.1903,54.5352,7842402,4249131,5711742,5914257,25259.4587112986,1.0405
"Guinea",2016,-178.926,26.8055,377.7039,54.836,8000301,4395623,5866792,6064194,28106.6785112986,1.32775
"Guinea",2017,-178.926,30.636,424.591,54.7371,8165321,4551855,6024466,6216323,27511.6416112986,1.49141666666667
"Guinea",2018,-178.926,34.9382,484.6354,54.8382,8335437,4717171,6184649,6370216,26867.2105112986,1.21266666666667
"Guinea",2019,-178.926,32.5986,531.6243,56.9384,8507787,4890393,6349991,6527547,28028.5043112986,1.41816666666667
"Guinea",2020,-178.926,37.8985,589.3127,57.439,8680170,5070656,6518034,6687118,28675.2277112986,1.34308333333333
"Guinea-Bissau",1990,-2.816,4.2277,12.6275,4.9229,700198,312082,473862,499688,8943.0442565444,0.986333333333333
"Guinea-Bissau",1991,-2.816,4.1945,12.975,5.223,701224,335931,483757,510099,8961.4537565444,0.792083333333333
"Guinea-Bissau",1992,-2.816,4.2614,13.3171,5.1931,709200,353600,497946,524958,8978.3885019444,0.682833333333333
"Guinea-Bissau",1993,-2.816,4.2325,7.5879,5.4032,722429,366140,514533,542228,8984.7229019444,0.90425
"Guinea-Bissau",1994,-2.816,4.1807,8.2524,5.5332,734916,378625,530680,558937,8996.95470194439,0.693333333333333
"Guinea-Bissau",1995,-2.816,4.2296,9.0701,5.6933,746285,390837,544297,572926,9118.5210463844,0.849916666666667
"Guinea-Bissau",1996,-2.816,4.2189,10.0847,5.8234,756380,402680,555888,584716,8368.1727463844,1.01275
"Guinea-Bissau",1997,-2.816,4.5725,11.2251,5.9734,765477,414250,566751,595692,8427.51604638439,1.06175
"Guinea-Bissau",1998,-2.816,3.4094,4.9744,6.1235,774083,425832,577270,606801,9126.70878900272,1.55766666666667
"Guinea-Bissau",1999,-2.816,3.0015,6.6127,6.3636,782960,437834,588004,618471,9702.82588900272,0.783333333333333
"Guinea-Bissau",2000,-2.816,3.338,12.4798,6.3636,792644,450585,599950,630899,9120.81618900272,0.984916666666667
"Guinea-Bissau",2001,-5.984,3.5408,17.2482,6.5637,803320,464192,613138,644242,9231.47498900272,1.33075
"Guinea-Bissau",2002,-5.984,3.2967,21.5505,6.7938,814873,478650,627230,658447,9512.07958900272,1.263
"Guinea-Bissau",2003,-5.984,3.617,26.2266,6.6638,827250,493952,642205,673448,9631.34588900272,0.934083333333333
"Guinea-Bissau",2004,-5.984,4.3468,31.466,7.2839,840298,510047,657912,689097,9783.66118900272,1.26
"Guinea-Bissau",2005,-5.984,4.744,37.9629,7.414,853949,526889,674317,705396,9704.26108900272,1.42233333333333
"Guinea-Bissau",2006,-5.984,5.3133,39.4003,7.6341,868159,544510,691579,722513,10150.1586890027,1.01375
"Guinea-Bissau",2007,-5.984,5.8549,39.6827,7.9642,882992,562966,709928,740644,10072.1455890027,1.10175
"Guinea-Bissau",2008,-5.984,5.9662,40.6135,8.0243,898503,582338,728980,759452,9553.65568900272,1.38216666666667
"Guinea-Bissau",2009,-5.984,6.4081,41.4261,8.1544,914777,602671,748466,778729,9503.33228900272,0.78175
"Guinea-Bissau",2010,-5.984,6.8853,40.6219,8.2345,931806,624074,768572,798649,9669.93168900272,1.40125
"Guinea-Bissau",2011,-5.984,7.2371,40.7612,8.3847,949585,646569,789578,819438,9428.85598900272,0.90425
"Guinea-Bissau",2012,-5.984,7.4907,41.5393,8.4348,968011,670128,811572,841145,10320.0138228014,0.911166666666667
"Guinea-Bissau",2013,-5.984,7.5157,42.6366,8.6649,986863,694632,834247,863505,9746.30062280142,1.06233333333333
"Guinea-Bissau",2014,-5.984,8.2048,46.8118,8.665,1005842,719902,857202,886107,9620.15101399855,1.19066666666667
"Guinea-Bissau",2015,-5.984,9.6218,52.359,8.5652,1024727,745799,880191,908728,5532.82950195673,1.17691666666667
"Guinea-Bissau",2016,-5.984,10.3559,60.5967,8.5753,1043426,772272,903188,931364,4465.4961212313,1.64258333333333
"Guinea-Bissau",2017,-5.984,10.4949,68.2426,8.4454,1061947,799336,926027,953800,3978.4740933993,1.59741666666667
"Guinea-Bissau",2018,-5.984,11.0246,77.4931,8.4556,1080274,826994,948791,976163,4041.1960933993,1.18183333333333
"Guinea-Bissau",2019,-5.984,10.9992,85.6967,8.8956,1098440,855283,971745,998712,4074.46931129857,1.40891666666667
"Guinea-Bissau",2020,-5.984,10.6909,93.662,8.9858,1116462,884232,994606,1021222,4070.81701129857,1.71825
"Guyana",1990,0,29.0329,31.8129,3.8709,523416,219893,369694,377423,11088.8088805912,0.62225
"Guyana",1991,0,33.163,34.7216,4.421,524773,219516,368058,376038,11278.9496805912,0.145416666666667
"Guyana",1992,0,33.0378,34.4078,4.5362,528154,219980,368670,376329,11401.2171676668,0.0771818181818182
"Guyana",1993,0,33.4969,22.0026,4.9989,532603,220881,370139,377050,12906.6169354553,0.357833333333333
"Guyana",1994,0,26.5661,19.8457,4.8942,536712,221630,371689,377857,12577.590316609,0.440666666666667
"Guyana",1995,0,24.788,9.8332,4.2242,539477,221814,373128,378561,13940.3359224863,1.04241666666667
"Guyana",1996,0,26.3105,10.6969,4.4368,540558,221303,374420,379151,14263.0258224863,0.570416666666667
"Guyana",1997,0,27.4519,12.1769,4.3642,540273,220237,375563,379647,14611.9213224863,0.898833333333333
"Guyana",1998,0,27.4252,13.1972,4.7615,539127,218825,376625,380072,14804.9388994863,1.30433333333333
"Guyana",1999,0,30.8316,14.089,5.2815,537892,217386,377625,380389,14630.1312994863,0.44175
"Guyana",2000,0,25.0333,15.28,4.3489,537149,216152,378495,380557,14261.2686224863,0.552166666666667
"Guyana",2001,0,27.0735,19.7786,4.5789,537070,215193,379218,380591,15035.301158605,0.926083333333333
"Guyana",2002,0,28.6819,24.3575,4.5589,537460,214424,379813,380510,14905.502158605,1.04208333333333
"Guyana",2003,0,47.4297,32.756,4.7589,539030,212827,379988,380574,15369.2474994863,0.97575
"Guyana",2004,0,51.0176,37.6776,4.6789,540711,210941,379674,380750,15475.2714224863,0.961666666666667
"Guyana",2005,0,48.4393,43.3973,4.9663,542015,208931,379057,380652,15196.0473128324,1.25825
"Guyana",2006,0,50.2483,43.6534,4.6463,542846,206755,378137,380230,15069.9781358324,1.01508333333333
"Guyana",2007,0,53.0516,48.3208,4.8936,543379,204490,376976,379546,15068.6456529924,0.98225
"Guyana",2008,0,56.5777,49.597,4.7636,544026,202288,375558,378592,15101.3990529924,0.588416666666667
"Guyana",2009,0,65.0996,51.0901,5.3236,545333,200360,373882,377375,15212.7000529924,1.19391666666667
"Guyana",2010,0,69.0058,51.0937,5.3336,547720,198836,371984,375947,15309.2159529924,1.098
"Guyana",2011,0,63.7568,60.2958,5.1662,551338,197762,369890,374340,23018.0277529924,0.973916666666667
"Guyana",2012,0,65.138,63.1508,5.1789,554275,198816,369501,374465,23010.6897529924,0.924583333333333
"Guyana",2013,0,70.9187,72.8078,5.2815,557948,200133,370411,377010,23122.4593529924,0.908083333333333
"Guyana",2014,0,74.3786,67.8983,6.0968,561752,201641,370931,380184,23318.957463083,1.09383333333333
"Guyana",2015,0,71.7175,79.6523,44.7122,565310,203204,371621,383410,23461.845533389,1.3055
"Guyana",2016,0,78.4267,89.1563,163.6148,568513,204790,372409,386678,20774.7165289473,1.57533333333333
"Guyana",2017,0,80.1755,98.2583,162.6174,571434,206425,373282,389970,20851.605933389,1.11541666666667
"Guyana",2018,0,79.153,109.3999,166.6227,574102,208123,386040,399474,20887.0050289473,1.08483333333333
"Guyana",2019,0,89.2109,118.7382,167.6174,576594,209914,392821,405932,21134.253733389,1.26225
"Guyana",2020,0,95.4405,126.4579,167.6201,578961,211821,389899,407303,21143.273533389,1.35958333333333
"Haiti",1990,-138.1928,26.1907,519.6231,106.0207,5075587,2024145,3424381,3500949,4956.62081782926,0.674083333333333
"Haiti",1991,-138.1928,23.4476,531.7019,128.0211,5096341,2147050,3495927,3570128,5054.56937408359,0.748666666666667
"Haiti",1992,-138.1928,16.5055,541.0701,108.0215,5111787,2275188,3566758,3639023,5147.85907408359,0.651666666666667
"Haiti",1993,-138.1928,13.8394,308.1883,64.0219,5166804,2363901,3637876,3708064,4805.40957408359,0.469833333333333
"Haiti",1994,-138.1928,10.1077,327.1818,20.7224,5219918,2454993,3709066,3777025,4738.43207408359,1.20941666666667
"Haiti",1995,-138.1928,21.2283,406.3924,21.2228,5271308,2548498,3780740,3846577,4902.84477408359,1.14341666666667
"Haiti",1996,-138.1928,19.3161,467.6441,21.5232,5320989,2644564,3853209,3917385,5009.19197408359,0.609666666666667
"Haiti",1997,-138.1928,19.2844,555.8722,21.9236,5370790,2741161,3926240,3988932,5248.44977408359,1.22766666666667
"Haiti",1998,-138.1928,24.6722,375.3103,21.8241,5418456,2840027,3999769,4061127,5104.42941585099,1.26441666666667
"Haiti",1999,-138.1928,39.1307,540.2406,22.2245,5463550,2940848,4074254,4134687,5340.7545367994,1.042
"Haiti",2000,-138.1928,70.5208,762.6227,22.5249,5505685,3043515,4150198,4210027,5743.55152860974,0.89075
"Haiti",2001,-137.8356,26.5207,887.7942,109.0253,5454493,3238074,4226169,4285558,5946.3277950474,0.813833333333333
"Haiti",2002,-137.8356,44.0009,1016.7799,145.0258,5394951,3439782,4301197,4360349,6162.70231511343,0.966666666666667
"Haiti",2003,-137.8356,49.2076,1152.3336,144.0262,5328009,3648543,4376534,4435711,6310.15312207831,1.18116666666667
"Haiti",2004,-137.8356,12.868,1300.4265,148.0265,5318404,3800774,4451252,4510238,6414.41575130174,0.915666666666667
"Haiti",2005,-137.8356,13.1602,1493.6471,147.027,5313686,3949718,4526364,4585537,6634.72395130173,0.997166666666667
"Haiti",2006,-137.8356,14.7045,1555.831,142.0276,5306584,4102873,4603020,4663269,6706.91385130174,1.03266666666667
"Haiti",2007,-137.8356,19.8793,1590.9538,141.0278,5296958,4259931,4679659,4741167,6826.02175130174,1.04933333333333
"Haiti",2008,-137.8356,23.3778,1638.4495,144.0284,5284322,4420707,4756176,4819071,6875.33915130174,0.627416666666667
"Haiti",2009,-137.8356,27.7184,1680.6245,144.0286,5268561,4584309,4833100,4897538,6965.93290611546,0.8725
"Haiti",2010,-137.8356,20.1725,1661.8839,143.0291,5248935,4750682,4890743,4952137,6993.24705130174,0.987333333333333
"Haiti",2011,-134.3137,29.3875,1697.5089,44.9297,5225560,4919494,4947739,5006574,7541.64130611546,0.641583333333333
"Haiti",2012,-134.3137,38.8636,1782.6526,54.5299,5198418,5090792,5023564,5084975,7619.11471401754,0.800083333333333
"Haiti",2013,-134.3137,69.3964,1850.1887,64.4305,5167888,5263888,5098458,5162748,7749.13990582789,1.20633333333333
"Haiti",2014,-134.3137,45.7198,2014.5757,103.0307,5133539,5438927,5172525,5240216,7980.59401511343,1.21733333333333
"Haiti",2015,-134.3137,56.7787,2188.4842,103.0313,5095543,5615518,5246167,5317590,8213.21030582788,1.4565
"Haiti",2016,10.1875,57.8563,2463.9279,103.0315,5055343,5791991,5319125,5394724,8526.62560582789,1.16066666666667
"Haiti",2017,10.1875,57.3702,2794.184,103.0321,5013421,5967808,5391671,5471873,8862.28260582789,1.02933333333333
"Haiti",2018,10.1875,53.0238,3124.2981,103.0323,4969937,6143008,5463738,5548683,9131.95890582788,1.28125
"Haiti",2019,10.1875,53.9,3446.715,104.0329,4925256,6317600,5535128,5625310,9479.08160582788,1.547
"Haiti",2020,10.1875,52.0842,3783.5973,104.0334,4879660,6491525,5605395,5701407,9818.52980582788,1.44216666666667
"Holy See",1990,0,0.0018,0.0466,0.6382,0,768,340,370,18688.4067927824,0.905583333333333
"Holy See",1991,0,0.0018,0.0457,0.6414,0,774,330,360,18726.6416097824,-0.0980833333333334
"Holy See",1992,0,0.0018,0.0433,0.6399,0,779,330,360,18684.9249381824,0.773166666666667
"Holy See",1993,0,0.0107,0.023,0.6012,0,778,330,360,18684.8748381824,0.564416666666667
"Holy See",1994,0,0.0184,0.0254,0.5894,0,778,320,350,18717.7289577824,1.4445
"Holy See",1995,0,0.0024,0.0095,0.6334,0,780,320,350,18755.9735747824,0.267166666666667
"Holy See",1996,0,0.0031,0.0146,0.636,0,778,320,350,18755.9819747824,0.245166666666667
"Holy See",1997,0,0.0029,0.0114,0.6444,0,782,320,340,18717.7544577824,0.889583333333333
"Holy See",1998,0,0.003,0.0201,0.6658,0,781,320,340,18717.7846577824,0.77825
"Holy See",1999,0,0.0025,0.0271,0.6923,0,781,310,340,18717.8176577824,0.9265
"Holy See",2000,0,0.0019,0.027,0.6793,0,785,310,340,18717.8039577824,1.30758333333333
"Holy See",2001,0,0.0019,0.0362,0.7249,0,788,310,340,18717.8587577824,1.13075
"Holy See",2002,0,0.0017,0.0428,0.7387,0,792,310,330,18717.8789577824,1.01025
"Holy See",2003,0,0.0015,0.0454,0.7681,0,798,310,330,18717.9107577824,1.39225
"Holy See",2004,0,0.0012,0.0508,0.7938,0,797,310,330,18717.9415577824,0.62725
"Holy See",2005,0,0.0016,0.0517,0.7974,0,798,300,320,18756.1789747824,0.2355
"Holy See",2006,0,0.0018,0.0528,0.7521,0,800,300,320,18717.9024577824,0.843833333333333
"Holy See",2007,0,0.0021,0.0561,0.756,0,796,300,320,18717.9099577824,1.08891666666667
"Holy See",2008,0,0.0029,0.061,0.7233,0,794,300,310,18717.8829577824,1.066
"Holy See",2009,0,0.0036,0.0699,0.6533,0,795,290,310,18717.8225577824,1.081
"Holy See",2010,0,0.0042,0.0763,0.6797,0,794,290,310,18717.8559577824,0.67925
"Holy See",2011,0,0.0046,0.078,0.6634,0,796,280,310,18717.8417577824,1.19
"Holy See",2012,0,0.0052,0.0833,0.6251,0,804,280,300,18917.3803195084,1.35216666666667
"Holy See",2013,0,0.0059,0.0863,0.5868,0,801,280,300,18917.3457195084,0.952
"Holy See",2014,0,0.0061,0.0907,0.5785,0,800,270,300,18909.6064665619,1.41066666666667
"Holy See",2015,0,0.0071,0.105,0.5898,0,803,270,290,18909.6330665619,1.57466666666667
"Holy See",2016,0,0.0072,0.1082,0.5868,0,801,270,290,18909.6333665619,1.45066666666667
"Holy See",2017,0,0.0077,0.1175,0.5994,0,792,260,290,18909.6557665619,1.286
"Holy See",2018,0,0.0084,0.1197,0.6032,0,801,260,280,18909.6624665619,1.95133333333333
"Holy See",2019,0,0.0089,0.1213,0.5461,0,799,250,270,18909.6074665619,1.67491666666667
"Holy See",2020,0,0.0095,0.1235,0.5326,0,801,250,270,18909.5967665619,1.67058333333333
"Honduras",1990,0,30.0691,107.7276,303.0144,2950398,2004930,2552537,2500697,12748.4397449485,0.334666666666667
"Honduras",1991,0,31.5994,109.838,319.0149,3011380,2088571,2625035,2571853,12778.3452449485,0.507166666666667
"Honduras",1992,0,40.7151,124.4511,299.0153,3072716,2175120,2699664,2645110,12726.2092197549,0.489416666666667
"Honduras",1993,0,48.348,89.179,328.0157,3134359,2264446,2776401,2720439,12627.6372197549,0.167166666666667
"Honduras",1994,0,85.3457,97.7175,282.0162,3196017,2356608,2855202,2797731,12762.8868197549,0.844916666666667
"Honduras",1995,0,165.856,126.9362,327.0227,3257543,2451508,2935993,2876838,12947.5259197549,0.88125
"Honduras",1996,0,150.5485,125.844,460.0222,3318723,2549126,3018776,2957773,12781.9528376844,0.00916666666666665
"Honduras",1997,0,183.5082,142.2841,494.0218,3379565,2649317,3103590,3040522,13698.8252197549,0.856583333333333
"Honduras",1998,0,186.5149,135.4966,422.0214,3439846,2752180,3187439,3121099,14065.5617715751,0.978
"Honduras",1999,0,138.5558,115.3597,449.0211,3499540,2857681,3273539,3203825,13161.9561197549,0.3135
"Honduras",2000,0,179.9418,155.9187,560.0209,3558472,2965811,3364459,3292265,13654.9840197549,0.140583333333333
"Honduras",2001,0,172.802,194.3217,578.0208,3616670,3076391,3456257,3381604,12331.0811768816,0.484083333333333
"Honduras",2002,0,194.9849,253.8365,532.0207,3664258,3198899,3548604,3471303,12649.2862820655,0.793333333333333
"Honduras",2003,0,200.6005,314.5326,574.0208,3709119,3324702,3641043,3560838,15655.2251917683,0.525916666666667
"Honduras",2004,0,263.7502,339.9211,624.0211,3751429,3452724,3733128,3650279,13080.7491505998,0.587916666666667
"Honduras",2005,0,224.3887,311.5854,625.0215,3791031,3582399,3825041,3739573,15164.0134621769,0.967833333333333
"Honduras",2006,0,293.4623,353.6597,708.022,3827638,3713768,3916738,3828462,13787.7314197549,0.643333333333333
"Honduras",2007,0,305.4376,348.9935,732.0225,3861301,3846671,4007762,3916700,13980.2339514519,0.747333333333333
"Honduras",2008,0,312.4132,365.9006,716.0229,3891762,3980896,4097779,4003999,14031.7480514519,0.557916666666667
"Honduras",2009,0,269.0388,346.3811,699.0234,3919075,4115946,4186810,4090493,14300.5512715751,0.903666666666667
"Honduras",2010,0,268.5022,340.5874,663.0239,3942955,4251823,4274733,4176200,14075.1495514519,0.61375
"Honduras",2011,0,297.254,369.7931,724.0244,3963389,4388211,4361400,4261105,15573.1575514519,0.831833333333333
"Honduras",2012,0,291.469,359.0882,820.0248,3980456,4525190,4446997,4345369,14569.3883841694,0.67975
"Honduras",2013,0,322.7024,380.0506,741.0252,3994867,4662918,4531602,4429055,15330.6981465006,0.933166666666667
"Honduras",2014,0,489.0092,417.878,710.0257,4006997,4802219,4615611,4512235,15838.9925465006,0.627166666666667
"Honduras",2015,0,485.9999,449.2704,776.0261,4017554,4943275,4699291,4595215,15522.950559221,1.27633333333333
"Honduras",2016,0,365.0216,499.8051,837.0265,4026684,5086183,4782635,4678163,15347.7190968897,1.28158333333333
"Honduras",2017,0,377.2644,581.6491,967.027,4034310,5230757,4865783,4761059,15020.9801549145,1.00875
"Honduras",2018,0,346.6408,615.6175,894.0276,4040365,5376802,4948831,4844019,15436.8644549145,0.755166666666667
"Honduras",2019,0,438.8109,666.2599,821.0281,4044696,5523992,5031794,4927035,15558.1500397609,1.24075
"Honduras",2020,0,488.3842,670.5612,817.0284,4047211,5672054,5112980,5008783,17087.9047465006,1.81025
"Hungary",1990,-4186.2381,1586.5177,1062.4239,8648.1707,3545220,6832431,4982575,5393414,26994.471,0.960333333333333
"Hungary",1991,-4186.2381,1655.9524,1018.5916,5972.9285,3553395,6810169,4977729,5397019,24404.9883,-0.245416666666667
"Hungary",1992,-4186.2381,1914.0351,865.1135,4648.7926,3564901,6794242,4970735,5399325,20761.4382,1.07
"Hungary",1993,-4186.2381,1994.8061,997.6386,5387.2761,3578065,6781524,4959278,5398143,21030.7039,0.283416666666667
"Hungary",1994,-4186.2381,1930.0315,1081.1836,6450.1345,3590606,6767516,4946669,5395765,21779.2345,1.68191666666667
"Hungary",1995,-4186.2381,1852.0516,1030.6148,5885.0494,3600795,6749043,4934265,5392904,20512.3347,0.494416666666667
"Hungary",1996,-4186.2381,1953.3434,1118.8225,6380.1789,3608012,6724977,4921033,5387235,21499.692,-0.462333333333333
"Hungary",1997,-4186.2381,1895.5488,1110.0425,6415.4989,3612678,6696344,4906917,5379303,21222.2321,0.166333333333333
"Hungary",1998,-4186.2381,1914.0704,1151.237,5983.5995,3615596,6664549,4890766,5370201,20870.3738,0.642083333333333
"Hungary",1999,-4186.2381,1905.7322,1163.466,5924.8082,3618001,6631958,4872041,5358216,20764.4944,0.89775
"Hungary",2000,-4186.2381,1871.5097,1170.8372,6670.5847,3620820,6600231,4854963,5347092,21109.0327,1.93166666666667
"Hungary",2001,-3404.7264,1866.4778,1235.6323,6933.3074,3601587,6592418,4840350,5337605,22722.6197,0.834083333333333
"Hungary",2002,-3404.7264,1949.4808,1193.8553,10629.4917,3550560,6617312,4823412,5324989,26509.4943,1.69875
"Hungary",2003,-3404.7264,2118.4443,1293.5875,9469.2955,3500049,6641907,4806422,5311641,26692.2747,0.848583333333333
"Hungary",2004,-3404.7264,1838.8284,1419.4574,10001.3615,3449597,6665484,4793319,5301173,27273.5675,0.565166666666667
"Hungary",2005,-3404.7264,1883.2632,1357.1356,9100.5389,3392629,6693836,4783114,5290411,24964.3296,0.163333333333333
"Hungary",2006,-3404.7264,1763.8111,1314.5539,8566.1051,3329016,6726881,4775624,5281439,24202.3293,0.885416666666667
"Hungary",2007,-3404.7264,1525.3492,1287.6577,9024.489,3265684,6758203,4767779,5273392,24080.1574,1.88625
"Hungary",2008,-3404.7264,1512.6851,1297.2301,8502.973,3202837,6788364,4759528,5263983,24361.4577,1.734
"Hungary",2009,-3404.7264,1438.0698,1321.8447,7445.2878,3141050,6817892,4753323,5255257,22920.2656,1.52141666666667
"Hungary",2010,-3404.7264,1518.8798,1406.5415,7429.026,3086495,6841345,4743905,5242919,22785.8451,0.588833333333333
"Hungary",2011,-4376.8296,1387.5201,1471.5172,7466.0162,3033021,6865183,4731276,5221968,21607.7993,1.20883333333333
"Hungary",2012,-4376.8296,1225.0424,1251.9635,7748.0992,2992731,6876953,4720817,5201310,21542.8192,1.47558333333333
"Hungary",2013,-4376.8296,1159.8033,1252.2931,7922.2973,2957147,6884550,4710108,5184532,22334.9023,1.35575
"Hungary",2014,-4376.8296,1059.6522,1328.7765,8319.3732,2921708,6891627,4700006,5167895,23423.1789,2.30275
"Hungary",2015,-4376.8296,1133.6737,1320.8864,8849.8481,2886258,6897667,4692533,5151713,23601.0138,2.10116666666667
"Hungary",2016,-4125.1814,1167.0812,1357.5598,8972.7965,2850043,6903238,4682259,5132846,25286.9631,1.60158333333333
"Hungary",2017,-4125.1814,1238.94,1346.6087,9263.2412,2813212,6908347,4673776,5115164,26147.7526,1.54233333333333
"Hungary",2018,-4125.1814,1188.51,1358.9975,9528.5732,2775785,6913062,4674018,5102340,26142.969,2.42875
"Hungary",2019,-4125.1814,1148.6302,1277.5185,9647.3077,2737853,6917508,4678593,5093203,25950.2312,2.54291666666667
"Hungary",2020,-4125.1814,1247.5461,1265.0712,10072.2974,2699487,6921767,4672507,5078065,26747.021,2.00225
"Iceland",1990,-20.1724,0.8004,10.4893,1660.1266,23591,231452,128005,127014,5795.25365674314,0.150083333333333
"Iceland",1991,-20.1724,0.6236,10.6318,1629.7473,23360,234264,129415,128577,5735.70485674314,0.862916666666667
"Iceland",1992,-20.1724,0.9012,10.744,577.9379,23123,237028,131009,130254,4810.55005674314,0.118583333333333
"Iceland",1993,-20.1724,0.8792,0.7084,604.2118,22884,239772,132358,131573,4883.04725674314,0.121833333333333
"Iceland",1994,-20.1724,0.8881,0.4306,569.958,22642,242496,133502,132722,4841.87055674314,-0.0285833333333334
"Iceland",1995,-20.1724,0.8703,0.5941,582.1763,22401,245228,134187,133494,4838.58395674314,-0.32975
"Iceland",1996,-20.1724,0.8329,0.7749,591.7701,22161,247989,134861,134275,5201.82492030476,0.582166666666667
"Iceland",1997,-20.1724,1.458,1.1497,629.5246,21926,250783,135931,135424,5045.66335674314,0.634
"Iceland",1998,-20.1724,1.4401,1.7927,750.9926,21692,253604,137362,136923,5084.71305674314,0.152083333333333
"Iceland",1999,-20.1724,0.8673,2.5298,855.6945,21487,256383,138976,138650,5179.15155674314,0.30975
"Iceland",2000,-20.1724,0.8493,3.1345,864.1436,21310,259125,140877,140585,5121.33535674314,0.366083333333333
"Iceland",2001,-63.1151,0.8686,3.5694,1033.8434,21127,261780,142780,142458,4801.05027170773,0.706
"Iceland",2002,-63.1151,0.8661,4.0871,1112.1764,20939,264390,143993,143805,4978.35817170773,0.923166666666667
"Iceland",2003,-63.1151,0.8759,5.1779,1094.3407,20765,267187,144969,144833,4966.93467170773,1.52091666666667
"Iceland",2004,-63.1151,0.8829,5.8196,1130.2518,20627,270477,146413,145947,4945.86747170773,1.20666666666667
"Iceland",2005,-63.1151,0.8974,6.6582,1122.9228,20539,274440,149321,147707,4906.51737170773,0.62425
"Iceland",2006,-63.1151,0.9137,7.6625,1226.3952,20506,279222,154022,150048,5405.26002030476,1.08583333333333
"Iceland",2007,-63.1151,1.0145,7.4792,1451.2109,20516,284684,158871,152982,5099.74807170773,1.00316666666667
"Iceland",2008,-63.1151,1.5566,6.0833,2102.9724,20533,290351,161628,156087,5638.58167170773,0.687416666666667
"Iceland",2009,-63.1151,0.9081,8.0243,1975.2991,20512,295574,161149,157651,5669.15967170773,0.916833333333333
"Iceland",2010,-63.1151,0.9156,9.2671,2004.3394,20583,299745,160111,158222,5578.89867170773,1.11091666666667
"Iceland",2011,-118.2424,0.8706,12.6587,2037.4154,20740,302678,160320,158974,5581.71857170773,0.7615
"Iceland",2012,-118.2424,0.8285,13.4325,2129.0265,20834,304692,161032,159947,5661.19887170773,0.895666666666667
"Iceland",2013,-118.2424,0.8544,16.6575,2100.774,20820,306209,162505,161519,5711.53217170773,0.588416666666667
"Iceland",2014,-118.2424,0.8151,16.343,1939.4491,20802,307657,164374,163270,5516.94347170773,1.68158333333333
"Iceland",2015,-118.2424,1.3508,17.31,2026.6154,20805,309438,166339,164720,5808.8730396504,0.436333333333333
"Iceland",2016,-118.654,0.8425,20.2313,1976.2351,20828,311646,169260,166415,5672.68997747099,1.69016666666667
"Iceland",2017,-118.654,0.811,22.3772,2054.8277,20862,314163,174425,169207,5685.83712626944,1.38166666666667
"Iceland",2018,-118.654,0.8184,24.1571,2101.8369,20899,316881,180325,172621,5652.44447697897,1.03775
"Iceland",2019,-118.654,0.8553,20.0143,2107.055,20929,319637,184988,175786,5762.06077747099,1.21041666666667
"Iceland",2020,-118.654,0.8383,19.8014,2070.0802,20942,322286,188088,178582,5686.25492626944,0.797916666666667
"India",1990,-227396.9133,7236.7992,10158.9974,48164.8065,647836752,222296728,449984059,420468106,262529.4985,-0.03275
"India",1991,-227396.9133,7952.5135,10738.9005,51846.1868,659127729,228927146,459463492,429478264,281816.2598,0.144666666666667
"India",1992,-227396.9133,8732.2511,10783.3163,53310.1459,670596991,235424115,469046096,438527953,292394.0153,0.0556666666666667
"India",1993,-227396.9133,9462.3706,7364.2133,55489.5834,682039727,242018090,478735976,447615320,307031.9283,0.225833333333333
"India",1994,-227396.9133,10234.5431,7982.2834,58123.1583,693476126,248728123,488535405,456726553,322354.6,0.0954166666666667
"India",1995,-227396.9133,10886.0919,8444.5436,63273.3358,704923971,255558824,498432465,465846665,343444.3018,0.298916666666667
"India",1996,-227396.9133,12314.1841,3578.803,66573.8243,716378887,262514330,508349160,474932057,351910.4797,0.277916666666667
"India",1997,-227396.9133,13626.156,4039.6476,71877.2729,727825980,269579338,518303618,484031612,369439.2492,-0.0488333333333333
"India",1998,-227396.9133,16125.0316,2823.3681,86537.8623,739222779,276751263,528287413,493147162,395854.703,0.633416666666667
"India",1999,-227396.9133,17168.5328,3296.04,86666.4658,750527571,284011643,538244360,502255693,402165.4965,0.466666666666667
"India",2000,-227396.9133,20462.1208,5391.4154,92290.5677,761700630,291350282,548223581,511410095,408618.6849,0.365916666666667
"India",2001,-24494.5727,21486.3586,6201.7061,93534.1632,772339048,299138807,558291332,520679574,638020.9297,0.505166666666667
"India",2002,-24494.5727,24585.6449,7140.3258,96031.8577,782001968,307805144,568334873,529978166,641090.5401,0.866333333333333
"India",2003,-24494.5727,27867.3829,8135.4979,103019.7542,791442579,316585269,578236241,539178882,670114.4827,0.59125
"India",2004,-24494.5727,30189.7247,6929,113769.788,800652720,325483057,587990365,548274218,686273.4185,0.5855
"India",2005,-24494.5727,31169.7323,5122.685,113850.3432,809639268,334479406,597477666,557161047,688680.5209,0.495583333333333
"India",2006,-24494.5727,33667.2353,6435.2306,120035.0478,818387902,343589817,606611392,565762395,715862.3667,0.714916666666667
"India",2007,-24494.5727,36815.3657,7795.121,132285.5326,826881860,352799379,615506279,574185530,714591.687,0.574583333333333
"India",2008,-24494.5727,36976.3773,10598.7594,136073.1771,835058767,362088139,624242020,582492785,732508.3806,0.354
"India",2009,-24494.5727,38623.8745,19230.8997,147885.2099,842864409,371405723,632892402,590747758,767051.7749,1.07908333333333
"India",2010,-24494.5727,44694.2376,22654.6057,155360.8027,850236137,380744554,641566029,599047591,794890.7996,1.04375
"India",2011,-71115.44,47204.5197,25203.1344,165735.1491,857153804,390082225,650244390,607376801,739900.7937,0.423083333333333
"India",2012,-71115.44,49416.9604,28118.575,178054.0655,863513505,399552347,658839435,615647779,781558.2788,0.527166666666667
"India",2013,-71115.44,55092.6593,32363.0914,187397.8419,869387533,409174674,667322883,623809180,861775.2451,0.410833333333333
"India",2014,-71115.44,59982.6952,34720.1096,194889.5738,874857621,419001673,675549357,631697152,893278.6442,0.502666666666667
"India",2015,-71115.44,62763.6873,37417.2873,199239.5602,879984521,429069459,683543213,639323292,863963.8286,0.809
"India",2016,-40537.2,67504.3174,40709.5633,211630.8166,884779655,439391699,691623419,647012921,928847.7121,1.09516666666667
"India",2017,-40537.2,72752.0096,43065.4162,213139.0939,889216746,449963381,699587889,654607791,931448.387,0.938833333333333
"India",2018,-40537.2,74992.5562,45318.2746,233340.5494,893272090,460779764,707149230,661854076,968748.5577,0.818333333333333
"India",2019,-40537.2,79580.5943,48541.0972,239285.4149,896909218,471828295,714325057,668786993,988696.2077,0.7905
"India",2020,-40537.2,83055.7397,49469.9424,221469.6454,900099113,483098640,720997448,675389679,975465.7839,0.5685
"Indonesia",1990,-487800.4147,2775.0117,1651.7631,16028.0466,125945478,55491343,91388784,90771091,864475.084749638,0.0789166666666666
"Indonesia",1991,-487800.4147,3206.6569,1149.4758,17113.3172,126252486,58363493,93025425,92335803,860932.5909,0.263833333333333
"Indonesia",1992,-487800.4147,3065.597,1519.763,18006.9428,126360913,61405173,94662415,93896001,870892.0493,0.358583333333333
"Indonesia",1993,-487800.4147,5199.9929,1435.0296,19665.2739,126346046,64533477,96284542,95452746,876055.9668,0.327916666666667
"Indonesia",1994,-487800.4147,5541.3797,1471.5082,21685.618,126193422,67751850,97911576,97016958,878977.7828,0.358833333333333
"Indonesia",1995,-487800.4147,6267.8442,1452.4993,23331.6459,125904272,71053577,99551030,98589133,889146.5588,0.3425
"Indonesia",1996,-487800.4147,7072.0177,1367.6676,25057.3988,125476273,74438558,101200715,100173076,708778.7792,0.42475
"Indonesia",1997,-487800.4147,8466.8292,1261.77,27146.0626,124928173,77898292,102859007,101769000,1732859.1224,0.542083333333333
"Indonesia",1998,-487800.4147,8564.5833,926.1268,23225.9111,124266879,81448665,104503918,103351567,912886.1174,0.988333333333333
"Indonesia",1999,-487800.4147,9558.1042,841.1224,24420.9457,123515902,85096654,106101569,104895341,756429.403,0.26625
"Indonesia",2000,-487800.4147,10615.3404,896.2579,29641.0736,122688942,88851487,107664942,106407480,684644.8991,0.324416666666667
"Indonesia",2001,-27151.9519,10058.7515,905.4823,31447.2836,122734809,91771693,109210886,107901551,496412.7989,0.500916666666667
"Indonesia",2002,-27151.9519,10524.8604,719.7095,32109.5831,122744187,94763872,110738346,109376745,998777.056,0.656916666666667
"Indonesia",2003,-27151.9519,12189.1597,759.451,32261.051,122719089,97826125,112245542,110834579,634273.381,0.534166666666667
"Indonesia",2004,-27151.9519,12664.4982,787.9531,33670.1063,122654979,100959670,113702084,112236510,1000008.9587,0.567416666666667
"Indonesia",2005,-27151.9519,13324.1981,815.9298,33979.5273,122557076,104155654,115167468,113637675,719451.4881,0.688166666666667
"Indonesia",2006,-27151.9519,14574.1347,857.6161,34972.9141,122417389,107420813,116685330,115112096,1132675.1446,0.491416666666667
"Indonesia",2007,-27151.9519,16665.1153,885.7665,35685.5641,122237436,110751705,118236404,116621886,546676.3085,0.404666666666667
"Indonesia",2008,-27151.9519,20065.9441,3518.4036,36810.1261,122011566,114147710,119801561,118134983,546484.2767,0.207083333333333
"Indonesia",2009,-27151.9519,21525.3937,4738.2313,35832.6716,121743839,117596639,121344803,119636496,935910.096,0.616
"Indonesia",2010,-27151.9519,24870.0947,4065.768,36488.3494,121471143,121052980,122882663,121133510,549858.6349,0.71225
"Indonesia",2011,-34778.9127,30134.3248,4571.0649,38500.5377,121392687,124314824,124451334,122648363,1065846.0305,0.336666666666667
"Indonesia",2012,-34778.9127,31660.748,4396.9382,41103.1729,121265363,127617869,126039491,124183204,1089432.5537,0.469333333333333
"Indonesia",2013,-34778.9127,26634.1942,4372.9255,42717.6175,121087842,130944421,127582414,125693504,1044596.1954,0.811833333333333
"Indonesia",2014,-34778.9127,31870.1454,5162.8834,43464.8296,120843234,134287882,129071050,127158711,1396586.8796,0.80725
"Indonesia",2015,-34778.9127,33672.3233,5253.8402,43523.168,120527352,137634761,130517327,128574643,1444640.0134,0.910833333333333
"Indonesia",2016,0,39590.5576,5678.4655,49518.8363,120142531,140972925,131909809,129940374,803065.0874,1.45325
"Indonesia",2017,0,43202.8758,6127.7462,49925.968,119696518,144294861,133245399,131253454,780998.5124,1.018
"Indonesia",2018,0,44705.2412,6529.9569,53026.2315,119191974,147603006,134536680,132530163,975194.8238,1.025
"Indonesia",2019,0,46771.1588,7092.9905,53593.2233,118636092,150900390,135798442,133784436,1213097.7506,1.13941666666667
"Indonesia",2020,0,48823.2252,7791.4578,50718.5138,118034441,154188546,136927582,134930389,806305.2059,1.276
"Iran (Islamic Republic of)",1990,-20414.6859,4602.7649,1901.8284,13114.8855,24553720,31672465,28471683,27321946,60527.8185227284,0.69775
"Iran (Islamic Republic of)",1991,-20414.6859,5058.0495,1973.3167,13914.9623,24748723,32626861,29563662,28427220,62748.2999825193,0.3675
"Iran (Islamic Republic of)",1992,-20414.6859,5858.2228,2222.6663,14322.8214,24671788,33588950,30246675,29125341,66736.4848712377,-0.745166666666667
"Iran (Islamic Republic of)",1993,-20414.6859,6662.882,2357.1042,14765.1055,24470368,34520850,30430313,29325118,68902.0476475369,0.0123333333333333
"Iran (Islamic Republic of)",1994,-20414.6859,7052.7798,2488.8908,14667.5723,24260107,35465018,30536539,29449209,71484.7598942036,0.641833333333333
"Iran (Islamic Republic of)",1995,-20414.6859,7446.4021,2456.1032,14776.3878,24087035,36488609,30931127,29863681,72709.6456213142,0.7185
"Iran (Islamic Republic of)",1996,-20414.6859,7539.6289,2627.9171,16721.9353,23963569,37619520,31320559,30277819,71612.2903223961,0.44125
"Iran (Islamic Republic of)",1997,-20414.6859,8239.9367,2133.9521,17193.6183,23922226,38788331,31746786,30733747,82176.2786221454,0.54975
"Iran (Islamic Republic of)",1998,-20414.6859,8458.1464,2091.658,17192.2307,23906421,39994209,32223035,31238387,84397.7086443323,1.43125
"Iran (Islamic Republic of)",1999,-20414.6859,9282.6999,2507.1035,18158.6364,23866585,41196075,32715378,31759367,80713.3282674164,1.4495
"Iran (Islamic Republic of)",2000,-20414.6859,10021.3731,3307.7823,19967.0692,23779764,42352090,33235518,32308864,92311.6535103192,1.18316666666667
"Iran (Islamic Republic of)",2001,-44269.7249,10365.5977,4102.8337,21011.9814,23646162,43450252,33786412,32888440,68125.3352178622,1.691
"Iran (Islamic Republic of)",2002,-44269.7249,11468.761,4665.5856,21878.5944,23475745,44507585,34099104,33228012,71051.4117893012,1.42008333333333
"Iran (Islamic Republic of)",2003,-44269.7249,12128.7061,4823.6185,22051.6141,23277974,45534739,34429317,33525382,75310.1658343333,1.053
"Iran (Islamic Republic of)",2004,-44269.7249,12963.748,4831.2046,33021.6252,23064517,46552583,35028219,34033455,89028.2928337621,1.42925
"Iran (Islamic Republic of)",2005,-44269.7249,14535.1382,5306.0475,31782.2856,22846437,47575374,35630982,34551612,93672.7536435518,1.08416666666667
"Iran (Islamic Republic of)",2006,-44269.7249,16206.4842,5665.5251,35551.5881,22622393,48605487,36210381,35065378,103606.344843552,1.45975
"Iran (Islamic Republic of)",2007,-44269.7249,16464.8506,7725.3917,42162.2582,22427746,49603357,36750402,35569016,98612.6788081826,1.06141666666667
"Iran (Islamic Republic of)",2008,-44269.7249,15089.1524,7222.1999,40310.6284,22248124,50597418,37258400,36059993,109410.658615287,1.14491666666667
"Iran (Islamic Republic of)",2009,-44269.7249,15883.3909,6829.9686,40912.7424,22072992,51614573,37767957,36554728,112866.467756426,1.28266666666667
"Iran (Islamic Republic of)",2010,-44269.7249,16458.2286,6897.1644,50008.0302,21903373,52664138,38301112,37072743,117453.145080493,2.2255
"Iran (Islamic Republic of)",2011,0,16896.9307,6309.9797,51041.5951,21741243,53750339,38783336,37559635,176059.389936497,1.15083333333333
"Iran (Islamic Republic of)",2012,0,16292.392,6213.3195,49368.9424,21594353,54859221,39262182,38062269,172929.488232302,1.21125
"Iran (Islamic Republic of)",2013,0,17707.3958,6376.6247,50042.5722,21453348,55982036,39818340,38640588,176948.710549128,1.54141666666667
"Iran (Islamic Republic of)",2014,0,17277.0957,6570.4279,50362.9196,21304537,57106555,40556060,39405613,175081.731535039,1.2065
"Iran (Islamic Republic of)",2015,0,17854.8142,6989.0922,48446.267,21143455,58217032,41454741,40336099,171776.525358621,1.76316666666667
"Iran (Islamic Republic of)",2016,55.6754,20354.6045,6821.5323,48902.4143,20968583,59308845,42200628,41105603,174987.997523809,1.82983333333333
"Iran (Islamic Republic of)",2017,55.6754,20006.6349,6723.1029,48988.5617,20782600,60380188,42789954,41715123,177629.68239419,1.68941666666667
"Iran (Islamic Republic of)",2018,55.6754,20688.2905,6739.4626,49846.0091,20586680,61425055,43333952,42283609,179145.41390242,2.11416666666667
"Iran (Islamic Republic of)",2019,55.6754,20495.0217,6527.4164,53697.2564,20381311,62439455,43792157,42772045,181268.255249158,1.57016666666667
"Iran (Islamic Republic of)",2020,55.6754,20520.0534,6432.1367,57837.9038,20166625,63420504,44134884,43155308,185296.922013694,1.18525
"Iraq",1990,-137.3753,1416.97,49.59,5911.4541,5292104,12176901,8708041,8950340,20464.4087894112,0.513333333333333
"Iraq",1991,-137.3753,416.7936,51.48,3141.8572,5468616,12474099,8802674,9043704,15349.251241336,0.360583333333333
"Iraq",1992,-137.3753,927.2753,51.57,2320.1571,5659838,12798349,9075924,9309748,16589.7893529517,-1.21783333333333
"Iraq",1993,-137.3753,2115.7745,45.9887,3158.4771,5864789,13147128,9535050,9760768,19613.8184485535,-0.20675
"Iraq",1994,-137.3753,2122.9386,41.3283,2467.3712,6081763,13515476,10015107,10232966,19650.5441682806,0.66925
"Iraq",1995,-137.3753,2087.1361,36.2246,2525.7794,6309099,13899288,10371444,10577414,19793.7431682806,0.507666666666667
"Iraq",1996,-137.3753,2180.2861,60.3321,2339.0463,6547173,14298720,10723470,10915862,19330.8225,1.09791666666667
"Iraq",1997,-137.3753,2463.3892,98.8157,2402.5339,6795834,14713457,11076608,11254162,20669.526,0.12325
"Iraq",1998,-137.3753,2446.6257,84.207,2547.9912,7014729,15175521,11445529,11607960,19660.8434,1.54675
"Iraq",1999,-137.3753,2296.0947,58.9861,3734.8799,7219822,15658334,11836024,11984710,20105.4921,1.71341666666667
"Iraq",2000,-137.3753,2679.0697,88.7641,4111.3799,7423961,16141452,12245808,12383050,21354.3479,0.931583333333333
"Iraq",2001,-51.7037,3119.4063,119.5752,4288.6573,7627084,16624565,12649980,12775683,22697.428,1.42141666666667
"Iraq",2002,-51.7037,3039.1903,52.6334,5158.6819,7829905,17109394,13070653,13184691,23609.3694,0.951583333333333
"Iraq",2003,-51.7037,2747.8702,85.0202,2424.9875,8032210,17595416,13479925,13588897,19698.7459,1.05308333333333
"Iraq",2004,-51.7037,3165.6872,105.2299,2625.7895,8233973,18082636,13872761,13986188,21547.58,0.868666666666667
"Iraq",2005,-51.7037,3764.9011,116.9232,2882.7754,8435932,18572494,14287950,14410735,23576.5342,0.940666666666667
"Iraq",2006,-51.7037,2664.8053,119.0369,2823.0652,8636414,19061498,14384444,14521163,21179.0762,1.18608333333333
"Iraq",2007,-51.7037,2192.1304,108.5173,3174.5474,8837116,19553317,14253474,14407413,20721.8533,1.12641666666667
"Iraq",2008,-51.7037,2915.3179,162.3164,3935.9325,9045912,20065505,14526220,14692161,23082.4323,1.15675
"Iraq",2009,-51.7037,3669.79,195.1045,4143.5676,9273303,20621349,15062364,15226676,25024.6828,1.076
"Iraq",2010,-51.7037,3612.5807,204.2394,4739.4183,9504630,21258071,15555695,15709180,25981.3565,2.697
"Iraq",2011,6.5043,4295.1513,215.5393,5510.2953,9750420,21976633,16119318,16258743,27862.8869,0.669416666666667
"Iraq",2012,6.5043,4154.887,256.6647,5452.6474,10019158,22757413,16870903,16993544,28521.523,1.44658333333333
"Iraq",2013,6.5043,4580.3521,318.4023,6205.2222,10302117,23581028,17688677,17793123,30108.6179,1.058
"Iraq",2014,6.5043,4116.7599,266.3533,5120.2621,10586506,24419574,18331660,18414828,27376.7448,1.47741666666667
"Iraq",2015,6.5043,4385.7816,278.0406,5365.3989,10863394,25252255,18850267,18907546,26783.8933,1.66766666666667
"Iraq",2016,44.3274,4670.1371,203.2896,6277.7885,11125775,26076797,19328788,19369155,28655.7961,1.68975
"Iraq",2017,44.3274,5083.052,220.9402,6680.2754,11375936,26898682,19794794,19826367,30125.9845,1.84925
"Iraq",2018,44.3274,5040.1735,235.2284,7092.6653,11615946,27723807,20289270,20301429,30575.7981,2.3465
"Iraq",2019,44.3274,5603.4083,240.7245,7421.2049,11849769,28562530,20788703,20774818,33820.8767,1.60008333333333
"Iraq",2020,44.3274,5389.3344,208.2375,7458.3917,12080190,29422695,21297577,21259406,32651.1956,1.83475
"Ireland",1990,-3578.095,681.8047,479.8769,3171.3455,1537311,2031946,1731745,1753629,23199.0644792618,0.82875
"Ireland",1991,-3578.095,695.021,510.8721,3002.8966,1535239,2041136,1742145,1762659,23156.613237118,0.332
"Ireland",1992,-3578.095,632.8964,535.1377,2975.6201,1532593,2056001,1754215,1774152,23123.8303371255,0.305416666666667
"Ireland",1993,-3578.095,632.1964,492.2019,2946.1513,1531986,2073679,1762613,1783087,23157.093971603,0.133333333333333
"Ireland",1994,-3578.095,585.0339,522.9219,3379.5642,1533022,2093777,1768195,1791203,23796.581171603,0.379833333333333
"Ireland",1995,-3578.095,552.1489,534.7536,3514.8868,1535495,2116050,1776906,1802576,24248.0661063026,0.970083333333333
"Ireland",1996,-3578.095,624.8887,553.3659,3741.9221,1539168,2140681,1790064,1816664,24667.3691361257,0.0239166666666666
"Ireland",1997,-3578.095,585.0229,555.0236,4238.923,1543686,2168778,1806643,1833507,25473.2561327736,1.1605
"Ireland",1998,-3578.095,628.298,579.1953,4022.3125,1550317,2200253,1826162,1852505,25624.6209217547,0.932166666666667
"Ireland",1999,-3578.095,649.7586,639.5031,4216.6634,1559663,2236036,1847277,1872634,26089.0404818367,0.964166666666667
"Ireland",2000,-3578.095,664.0866,685.7332,5119.9925,1572038,2276738,1872635,1896315,27480.9946329606,0.605583333333333
"Ireland",2001,-3243.3242,704.8337,768.5924,5268.8355,1587218,2322075,1902727,1926291,28061.4810329606,0.502916666666667
"Ireland",2002,-3243.3242,662.0529,853.8678,4974.7557,1604488,2371800,1934347,1959911,27550.1743906561,0.9235
"Ireland",2003,-3243.3242,673.0076,987.3083,4592.2067,1622840,2426707,1966777,1991928,27256.2407951684,1.01766666666667
"Ireland",2004,-3243.3242,694.3703,1082.949,4866.9123,1643163,2485586,2006403,2025552,27531.5576945825,0.973916666666667
"Ireland",2005,-3243.3242,716.7312,1276.7109,5473.2658,1665092,2547885,2056306,2064910,28301.3859735559,1.11908333333333
"Ireland",2006,-3243.3242,714.1349,1295.9562,5638.8412,1689583,2613787,2117932,2116874,28189.4975292087,1.20966666666667
"Ireland",2007,-3243.3242,668.0632,1273.3606,5725.4368,1717899,2680174,2180204,2179630,27839.6710735559,1.3505
"Ireland",2008,-3243.3242,690.6652,1329.3191,5502.0323,1744599,2744990,2221400,2230992,27695.3328017433,0.6815
"Ireland",2009,-3243.3242,653.9733,1283.1241,4515.9717,1765932,2802132,2239184,2260608,26209.8919485199,0.682833333333333
"Ireland",2010,-3243.3242,702.6322,1328.5123,4435.3077,1779414,2847514,2247178,2277407,25998.0519906561,-0.300666666666667
"Ireland",2011,-3344.1182,611.5089,1285.8687,4790.5852,1783796,2878783,2253715,2290785,26083.4821945825,0.99325
"Ireland",2012,-3344.1182,648.5938,1347.9321,4640.1886,1780388,2897729,2261322,2303228,26250.5347389274,0.667416666666667
"Ireland",2013,-3344.1182,629.6975,1356.3652,4832.2625,1772537,2909430,2272220,2316612,26482.2143666505,0.654583333333333
"Ireland",2014,-3344.1182,579.4759,1375.166,4986.4993,1764876,2921471,2286838,2335329,26729.7491945825,1.28075
"Ireland",2015,-3344.1182,587.3921,1391.9488,5408.873,1760732,2939375,2308039,2357720,27281.0297945825,0.641166666666667
"Ireland",2016,-3889.1933,591.3219,1459.0575,5441.9451,1761090,2964988,2333847,2381941,27139.5624943831,0.925416666666667
"Ireland",2017,-3889.1933,537.4971,1340.2691,5395.3171,1764335,2997322,2362383,2409471,27073.0482943831,1.17825
"Ireland",2018,-3889.1933,529.2812,1060.4813,5135.733,1769220,3034528,2394313,2440194,25695.8411951722,0.94825
"Ireland",2019,-3889.1933,481.202,1034.9264,4835.5317,1773798,3073341,2425139,2470880,25345.3687943831,1.07208333333333
"Ireland",2020,-3889.1933,501.4198,924.5406,3947.8106,1776656,3111336,2450316,2495802,24054.9594458801,1.00191666666667
"Isle of Man",1990,NA,0.0623,2.7832,NA,33020,35409,33211,35654,9789.5566857818,0.922166666666667
"Isle of Man",1991,NA,0.0208,2.8083,NA,33342,35754,33681,36089,9789.4745857818,0.2775
"Isle of Man",1992,NA,0.0224,2.8221,NA,33519,35956,33965,36342,9789.5120857818,0.323416666666667
"Isle of Man",1993,NA,0.3838,0.0948,NA,33599,36057,34196,36514,9785.6175857818,0.0289166666666666
"Isle of Man",1994,NA,0.7538,0.2267,NA,33671,36147,34419,36675,9786.1335857818,0.376833333333333
"Isle of Man",1995,NA,1.0972,0.3724,NA,33786,36284,34632,36822,9788.3559857818,0.903833333333333
"Isle of Man",1996,NA,1.4584,0.667,NA,33954,36477,34936,37045,9789.9426857818,-0.048
"Isle of Man",1997,NA,1.8314,0.8924,NA,34159,36710,35374,37419,9791.3622857818,1.13
"Isle of Man",1998,NA,2.1913,1.1817,NA,34405,36985,35879,37848,9792.8116857818,0.9005
"Isle of Man",1999,NA,2.5597,1.5462,NA,34670,37282,36413,38255,9794.0278857818,1.00291666666667
"Isle of Man",2000,NA,2.9169,1.9601,NA,34954,37600,36936,38626,9795.2137857818,0.685416666666667
"Isle of Man",2001,NA,3.2216,2.384,NA,35254,37938,37423,38974,9796.1398857818,0.436
"Isle of Man",2002,NA,3.5378,2.7724,NA,35568,38302,37876,39308,17342.928466653,1.00591666666667
"Isle of Man",2003,NA,3.709,3.2492,NA,35900,38687,38310,39629,17343.771466653,1.01733333333333
"Isle of Man",2004,NA,3.9945,3.3546,NA,36249,39092,38739,39937,17289.1475744398,1.02875
"Isle of Man",2005,NA,4.493,3.7861,NA,36609,39509,39166,40248,17340.2288443334,1.11133333333333
"Isle of Man",2006,NA,4.2278,4.1414,NA,36978,39936,39629,40599,17340.4622443334,1.29841666666667
"Isle of Man",2007,NA,4.434,4.3652,NA,37355,40372,40130,40970,17249.8057816145,1.28041666666667
"Isle of Man",2008,NA,5.7247,4.578,NA,37729,40805,40639,41358,17342.8048465,0.696416666666667
"Isle of Man",2009,NA,5.853,4.9174,NA,38095,41230,41136,41778,17356.0341535462,0.77175
"Isle of Man",2010,NA,5.7417,4.9581,NA,38439,41633,41621,42206,17344.4132465,-0.346666666666667
"Isle of Man",2011,NA,5.1817,5.1204,NA,38755,42004,41880,42470,17344.2379418334,1.14758333333333
"Isle of Man",2012,NA,7.1986,5.2432,NA,39038,42368,41844,42493,12101.2653389795,0.550833333333333
"Isle of Man",2013,NA,7.5209,5.4016,NA,39288,42725,41721,42423,12102.1980389795,0.565666666666667
"Isle of Man",2014,NA,7.0345,5.3672,NA,39509,43081,41575,42321,12539.6183806218,1.40691666666667
"Isle of Man",2015,NA,7.1434,5.2593,NA,39717,43450,41414,42179,17256.3226837811,0.688916666666667
"Isle of Man",2016,NA,7.224,5.7678,NA,39907,43830,41340,42110,14414.3683851546,0.982416666666667
"Isle of Man",2017,NA,7.4209,5.5143,NA,40072,44215,41407,42173,14413.6810851546,1.24166666666667
"Isle of Man",2018,NA,6.6653,4.6619,NA,40220,44611,41508,42267,17345.0405418334,1.04616666666667
"Isle of Man",2019,NA,7.1247,4.2204,NA,40350,45019,41583,42350,17255.2562791145,1.07208333333333
"Isle of Man",2020,NA,6.9181,3.7044,NA,40458,45437,41630,42415,17343.6571418334,1.122
"Israel",1990,-25.8793,766.7168,1209.8699,2595.1392,433872,4066603,2365949,2437305,8822.60119701136,0.096
"Israel",1991,-25.8793,768.3292,1263.13,2805.7339,442836,4200362,2433468,2509344,9252.47689701135,0.03875
"Israel",1992,-25.8793,951.521,1369.3386,2900.6786,453711,4355147,2499749,2579640,9746.60679701135,-1.03408333333333
"Israel",1993,-25.8793,982.8814,1062.8581,3032.8377,465542,4522188,2564995,2648003,9989.48829701135,-0.0454166666666667
"Israel",1994,-25.8793,1076.7242,1135.8061,3125.2172,477005,4689067,2630443,2715849,10555.3955970114,0.471333333333333
"Israel",1995,-25.8793,1171.9609,1256.4459,3630.0244,487186,4846533,2695726,2783009,12046.7487970114,-0.0256666666666667
"Israel",1996,-25.8793,1256.0062,959.8875,3508.927,497041,4991036,2762101,2850394,12280.9743970114,0.522
"Israel",1997,-25.8793,1272.9029,947.5758,3707.2717,506347,5125197,2827248,2916035,12723.7030970114,-0.199666666666667
"Israel",1998,-25.8793,1336.1203,1085.4515,4461.4862,514609,5250601,2890266,2979238,13497.8911970114,0.962916666666667
"Israel",1999,-25.8793,1335.2412,1465.5905,4733.5409,522093,5369677,2952765,3041323,14512.8383764644,0.87375
"Israel",2000,-25.8793,1551.6382,1816.0191,4835.0053,529030,5484711,3014495,3102463,15816.1886970114,0.179583333333333
"Israel",2001,-7.216,1530.2442,1855.3219,4775.2966,535306,5594224,3075208,3162774,16115.8839970114,0.85775
"Israel",2002,-7.216,1553.7994,2354.5075,4842.3966,540933,5698352,3134870,3221822,17142.1605970114,0.733333333333333
"Israel",2003,-7.216,1908.6479,2026.3206,4915.6466,546487,5803032,3194975,3280939,17761.7320196576,0.53375
"Israel",2004,-7.216,1917.977,1977.77,5155.1168,552700,5916127,3255584,3340402,18532.8730455743,0.461
"Israel",2005,-7.216,1874.4533,2035.2993,5555.6151,560059,6042911,3315427,3398697,18440.1296196576,0.433833333333333
"Israel",2006,-7.216,1836.176,2172.9504,5859.6835,568798,6186413,3375307,3456770,19445.1445455743,0.34275
"Israel",2007,-7.216,2084.1553,2286.751,6107.8467,578650,6344035,3436034,3515969,19232.7217970114,0.62225
"Israel",2008,-7.216,1784.3669,2904.9789,5923.095,588921,6508489,3497874,3576648,19333.4929970114,0.829333333333333
"Israel",2009,-7.216,2028.2213,2150.2014,5633.6493,598671,6669224,3560938,3638765,18432.7386970114,0.872333333333333
"Israel",2010,-7.216,1976.022,2882.852,6057.136,606998,6818961,3626610,3701834,19624.1497970114,2.34083333333333
"Israel",2011,-45.012,2169.5488,3549.9455,7381.1368,613695,6955079,3694512,3765238,21682.0441970114,0.428583333333333
"Israel",2012,-45.012,2367.6175,3866.4626,7474.7981,619009,7080096,3763037,3829069,22975.0992970114,1.10791666666667
"Israel",2013,-45.012,1577.4554,4209.624,8381.9086,623292,7197813,3832771,3893905,23017.6303970114,0.952666666666667
"Israel",2014,-45.012,1543.2865,3546.4863,7826.0252,627075,7314254,3903852,3959995,21678.6464970114,1.0915
"Israel",2015,-45.012,1308.8979,5017.6302,9948.0554,630733,7433814,3978207,4029571,25507.3632970114,1.15083333333333
"Israel",2016,0,1280.8869,5692.6393,10878.3311,634341,7557487,4056394,4102615,27215.9226970114,1.55758333333333
"Israel",2017,0,1321.416,5182.6563,10087.9222,637763,7683807,4134026,4175231,26099.5770970114,0.986333333333333
"Israel",2018,0,1191.5894,5816.4522,11068.922,640922,7811919,4209735,4246748,27442.1165208782,1.92366666666667
"Israel",2019,0,1299.5677,5488.2063,10299.1491,643684,7940232,4287580,4320340,26659.3163208782,1.18975
"Israel",2020,0,1399.0505,6072.4448,11033.3239,645956,8067603,4364252,4393238,27947.1317208782,1.54483333333333
"Italy",1990,-35316.1233,12427.3875,7331.7451,42574.0254,19008391,38118729,27533679,29222882,115043.1225,0.911916666666667
"Italy",1991,-35316.1233,12827.4331,7221.1236,42271.2149,19028302,38124214,27544659,29249831,117507.4968,-0.00475000000000001
"Italy",1992,-35316.1233,12625.4123,6625.5746,41911.4983,19019878,38169009,27555993,29277193,119423.123,0.741916666666667
"Italy",1993,-35316.1233,13181.9626,5559.0611,39206.597,18998037,38228610,27566959,29302496,114172.4758,0.5935
"Italy",1994,-35316.1233,13348.8652,5470.7368,38493.4575,18971813,38279554,27565836,29317983,115678.1954,1.50641666666667
"Italy",1995,-35316.1233,13196.643,4709.149,41364.1887,18938680,38316513,27557533,29327593,123202.0859,0.408916666666667
"Italy",1996,-35316.1233,13126.2822,4746.7189,41962.1805,18895836,38333834,27556173,29342800,125003.3547,0.17225
"Italy",1997,-35316.1233,12937.7672,4871.6785,42184.8675,18846806,38338095,27562066,29363735,126572.1314,0.973583333333333
"Italy",1998,-35316.1233,13384.9165,5839.0963,43757.5011,18802229,38351325,27560734,29378003,134174.0398,0.810416666666667
"Italy",1999,-35316.1233,13436.4776,6102.2466,45567.5922,18776697,38403292,27556451,29388617,142867.1978,1.02858333333333
"Italy",2000,-35316.1233,13360.199,6423.9012,44175.4075,18779731,38513990,27562023,29404375,143317.6097,1.39791666666667
"Italy",2001,-35510.0911,13464.5614,6982.3849,46737.5068,18815119,38691248,27573923,29421070,147247.5688,1.19266666666667
"Italy",2002,-35510.0911,13917.4256,7657.1992,46925.0886,18853502,38948261,27631893,29475684,153933.3938,1.18633333333333
"Italy",2003,-35510.0911,14774.291,8795.2725,48799.5622,18897042,39249995,27796338,29628838,161379.8748,1.45883333333333
"Italy",2004,-35510.0911,14855.5939,9488.8866,49661.2732,18940573,39554131,28022461,29838200,159547.761,0.820166666666667
"Italy",2005,-35510.0911,15068.2231,10552.0428,50086.935,18972670,39835813,28197564,30002313,156593.7973,0.361833333333333
"Italy",2006,-35510.0911,14518.955,10946.3716,47148.8014,18990436,40089433,28310324,30119579,150907.3983,1.07583333333333
"Italy",2007,-35510.0911,14184.5956,10896.7427,48151.6115,18995609,40317902,28473997,30304485,149892.7642,1.36908333333333
"Italy",2008,-35510.0911,13831.5867,11647.6473,45742.016,18985986,40516399,28683240,30540988,146513.9351,1.19091666666667
"Italy",2009,-35510.0911,13279.233,11807.6087,42392.557,18960542,40681311,28840682,30722159,134000.7425,1.26708333333333
"Italy",2010,-35510.0911,13663.1214,12458.3046,44077.7825,18918497,40811310,28956139,30866311,133292.5296,0.662666666666667
"Italy",2011,-35461.2808,13277.0377,12779.5566,44608.0134,18858134,40901795,29048456,30977496,131141.3808,1.40441666666667
"Italy",2012,-35461.2808,12950.1777,13016.0549,42176.6271,18706111,41027723,29138294,31051852,125183.0181,1.41741666666667
"Italy",2013,-35461.2808,11988.4098,12832.8853,41551.3362,18509653,41158347,29215589,31097010,118245.4335,1.11158333333333
"Italy",2014,-35461.2808,10899.9929,12753.4057,41332.4964,18309186,41276482,29234107,31088684,116235.1625,1.67483333333333
"Italy",2015,-35461.2808,11634.8454,15885.0683,42574.019,18110394,41393818,29210816,31022090,118977.017,1.7535
"Italy",2016,-13613.93,11196.0903,16196.9197,42473.4938,17914936,41515002,29186479,30932147,141218.9336,1.62316666666667
"Italy",2017,-13613.93,11009.6804,17320.3336,43169.2827,17722588,41637312,29168005,30836027,141294.3947,1.49825
"Italy",2018,-13613.93,10484.8183,18762.8736,44419.0054,17527870,41763099,29144008,30733417,141278.1891,1.94575
"Italy",2019,-13613.93,10025.834,18259.5533,43874.5944,17329180,41887345,29090258,30637674,137696.3831,1.80675
"Italy",2020,-13613.93,10053.8415,17086.7508,41018.4412,17125372,42006701,28987916,30512662,124395.0187,1.82425
"Jamaica",1990,154.051,135.4162,16.606,246.0358,1225612,1198630,1174572,1217457,8885.76914384514,0.595916666666667
"Jamaica",1991,154.051,153.3739,12.9129,217.0833,1230254,1213435,1184934,1226934,9094.97464384513,0.629
"Jamaica",1992,154.051,152.0379,18.6223,263.1734,1235244,1230118,1197146,1237428,9253.08514384514,0.962916666666667
"Jamaica",1993,154.051,173.2375,19.9665,249.7895,1241016,1247766,1210637,1248426,7075.92075719122,0.5725
"Jamaica",1994,154.051,178.0369,22.551,256.8245,1247089,1265960,1224386,1259796,7142.05765719122,1.09975
"Jamaica",1995,154.051,235.0516,26.1271,294.8264,1253107,1284333,1238101,1271271,6910.71695719122,1.089
"Jamaica",1996,154.051,239.7122,27.8724,306.3336,1259080,1302913,1250847,1282047,6963.07205719122,0.45525
"Jamaica",1997,154.051,242.1592,28.517,275.3938,1265090,1321737,1262747,1292207,6936.62755719122,1.11566666666667
"Jamaica",1998,154.051,254.0903,65.3993,303.28,1270831,1340536,1274354,1302213,7271.85725719122,1.349
"Jamaica",1999,154.051,261.8934,71.1959,281.9727,1275960,1358922,1284878,1311392,7147.48336275982,0.674166666666667
"Jamaica",2000,154.051,251.9457,78.9183,320.54,1280230,1376634,1293403,1318802,7322.45096275982,0.429666666666667
"Jamaica",2001,-2695.4567,285.281,88.2452,317.4678,1283535,1393476,1300463,1324943,3861.96514297499,0.723833333333333
"Jamaica",2002,-2695.4567,295.087,90.7561,335.1729,1287060,1408386,1307197,1331046,3666.08874297499,0.956
"Jamaica",2003,-2695.4567,262.5029,117.3991,378.947,1290139,1422372,1313748,1337278,3755.81234297499,1.06833333333333
"Jamaica",2004,-2695.4567,207.7794,123.0235,388.6239,1292771,1436006,1320251,1343774,4000.50389479517,0.952416666666667
"Jamaica",2005,-2695.4567,202.0061,122.3625,364.2726,1295184,1449489,1326570,1350293,5337.73854297499,1.01775
"Jamaica",2006,-2695.4567,184.0799,133.543,405.0467,1297396,1462883,1332880,1356781,7093.00834297499,1.14341666666667
"Jamaica",2007,-2695.4567,217.0559,172.0426,368.5292,1299356,1476111,1338676,1362545,5662.60854297499,0.817916666666667
"Jamaica",2008,-2695.4567,195.0286,235.9545,406.109,1301007,1489115,1343912,1367460,6423.41434297499,0.55625
"Jamaica",2009,-2695.4567,189.4958,238.439,499.6887,1302297,1501785,1349628,1372774,4064.52484297499,0.880833333333333
"Jamaica",2010,-2695.4567,238.7056,199.0449,448.2684,1303146,1514064,1355508,1378388,3900.22474297499,1.01133333333333
"Jamaica",2011,-40.3727,218.2894,187.7977,446.8108,1303559,1525934,1361767,1384402,7000.18758616817,0.7135
"Jamaica",2012,-40.3727,208.5132,177.5096,455.256,1303108,1537884,1368899,1390918,6856.65328616817,0.733916666666667
"Jamaica",2013,-40.3727,187.0609,185.8563,495.8448,1301853,1549954,1376070,1397059,7376.09248616817,0.992333333333333
"Jamaica",2014,-40.3727,172.0026,189.6527,551.6754,1299857,1562230,1382315,1402227,6968.64468616817,1.228
"Jamaica",2015,-40.3727,189.6499,202.3681,563.4777,1297166,1574768,1387628,1406816,7149.16308616817,1.45933333333333
"Jamaica",2016,-98.7709,195.5054,213.0893,548.28,1293787,1587568,1391829,1410867,7045.27634297499,1.37583333333333
"Jamaica",2017,-98.7709,189.0995,228.1393,519.0823,1289697,1600602,1394537,1413838,6685.62804297499,1.0055
"Jamaica",2018,-98.7709,155.1585,211.5708,484.8846,1284862,1613815,1396014,1415821,7716.46459479517,1.30275
"Jamaica",2019,-98.7709,219.0211,220.7735,506.687,1279220,1627119,1396657,1417116,7609.07099479517,1.56283333333333
"Jamaica",2020,-98.7709,254.8619,247.2437,559.4893,1272725,1640435,1399668,1420767,6486.16589479517,1.55591666666667
"Japan",1990,-82832.9333,12795.4478,17272.2468,106968.7347,28217054,96298507,60852276,62834045,163117.6023,1.22091666666667
"Japan",1991,-82832.9333,13252.9968,17951.3407,114045.5622,28145660,96794355,61022120,63051872,172960.6858,0.686333333333333
"Japan",1992,-82832.9333,13721.0297,18814.552,116948.4923,28064470,97277006,61182546,63262147,178733.7331,0.3235
"Japan",1993,-82832.9333,13734.3081,18325.6795,127176.9601,27977741,97739783,61323897,63455679,188490.3856,-0.0295
"Japan",1994,-82832.9333,14674.349,20671.3207,128568.8154,27883775,98179399,61466008,63653260,195041.5029,0.99525
"Japan",1995,-82832.9333,14881.7063,22136.6973,152012.8799,27782288,98593178,61593428,63840541,221170.5973,0.223333333333333
"Japan",1996,-82832.9333,14851.3627,22580.8836,146069.3851,27679923,98974098,61708339,64017884,216002.0823,-0.04525
"Japan",1997,-82832.9333,14392.667,23776.7016,144849.0869,27573758,99328870,61827494,64200490,215213.0401,0.52075
"Japan",1998,-82832.9333,14462.0309,23259.8084,130794.9014,27462239,99665026,61933059,64375331,199231.7775,1.19358333333333
"Japan",1999,-82832.9333,15253.1797,22876.0812,128174.2259,27347384,99988474,62019868,64535196,197725.5738,0.864333333333333
"Japan",2000,-82832.9333,15746.7829,23924.7688,127646.2112,27230218,100303716,62107541,64696321,199967.1401,0.6505
"Japan",2001,-103297.7,15676.9957,24250.3047,126391.6167,25557575,102165938,62201039,64864692,178059.8152,0.343666666666667
"Japan",2002,-103297.7,16652.0173,26237.6708,120413.0493,23473865,104428752,62280969,65020781,175179.7921,0.658166666666667
"Japan",2003,-103297.7,17656.8875,27014.8995,123331.4131,21520729,106547065,62341923,65160429,179956.1491,0.42275
"Japan",2004,-103297.7,17037.4285,27280.0115,123399.014,19693113,108520519,62386529,65284760,183006.4209,1.17208333333333
"Japan",2005,-103297.7,17534.5942,27110.7001,128999.6105,17995058,110340709,62410520,65387853,187621.7679,0.429333333333333
"Japan",2006,-103297.7,17398.0011,26792.6208,133300.2825,16545175,111887819,62425780,65476387,188869.4684,0.650166666666667
"Japan",2007,-103297.7,18571.783,28586.1534,136741.6272,15233582,113271669,62445692,65560734,195401.2347,1.00333333333333
"Japan",2008,-103297.7,17874.6408,27893.7119,135965.5701,14008192,114542316,62451645,65625989,187190.204,0.6845
"Japan",2009,-103297.7,17216.7698,25604.3996,132412.612,12870195,115696464,62443939,65673103,180798.6985,0.735
"Japan",2010,-103297.7,18606.4613,25925.0009,138907.1313,11810839,116741034,62415026,65690405,188539.5698,0.973583333333333
"Japan",2011,-57393.6,19888.1947,29227.7096,145895.7661,11476384,117029015,62348448,65658808,249730.91,0.4765
"Japan",2012,-57393.6,21649.4105,32193.815,153772.3328,11368012,117058372,62258404,65595283,263477.1132,0.3465
"Japan",2013,-57393.6,21372.9747,33516.007,163556.8449,11257825,117055095,62159989,65518935,272980.3014,0.7265
"Japan",2014,-57393.6,20199.5185,32837.0325,173732.3454,11145296,117017577,62049024,65427711,278204.1474,0.46725
"Japan",2015,-57393.6,19667.0842,31379.7967,182424.8912,11030530,116944428,61927410,65323523,284176.6585,1.07625
"Japan",2016,-37836.3333,19484.6706,31375.099,190957.187,10913416,116835097,61790329,65203529,310816.7874,1.26791666666667
"Japan",2017,-37836.3333,19346.0341,31397.3801,198778.3191,10791174,116693276,61614482,65047990,315706.4385,0.611916666666667
"Japan",2018,-37836.3333,18014.9605,30736.806,204269.8512,10663807,116521525,61400411,64855455,316432.4385,1.0895
"Japan",2019,-37836.3333,17610.0842,30195.0584,210159.2833,10531932,116322813,61158671,64633006,319150.8913,1.2975
"Japan",2020,-37836.3333,18575.3792,29270.0534,213455.1953,10395975,116099672,60881605,64363155,320139.6473,1.32475
"Jordan",1990,0,231.1628,10.9869,1039.3055,950984,2609598,1786576,1694011,4178.15792053505,0.195333333333333
"Jordan",1991,0,239.0453,17.1461,854.726,958823,2794610,1891560,1774819,4250.58779998813,0.164916666666667
"Jordan",1992,0,339.1022,17.7559,1594.2077,968798,2999400,2005399,1861488,4902.83130720362,-1.15358333333333
"Jordan",1993,0,361.517,16.4736,1752.9592,976986,3212445,2123820,1951939,5024.92487646444,-0.0956666666666667
"Jordan",1994,0,404.4034,48.2649,1970.921,978521,3417432,2237050,2041116,5485.10347646444,0.532416666666667
"Jordan",1995,0,479.8598,50.8688,1758.8956,996571,3576333,2334833,2123362,5436.17457646444,0.0875
"Jordan",1996,0,483.0874,19.2896,1745.7534,1027238,3689135,2412829,2195847,5410.16787646444,0.707416666666667
"Jordan",1997,0,534.6967,31.1138,1680.5024,1051869,3780398,2474101,2259564,6096.70267646444,-0.290833333333333
"Jordan",1998,0,539.3492,42.0686,1458.7176,1072064,3855848,2526314,2318090,5923.97697646444,1.12775
"Jordan",1999,0,548.8742,53.1902,1485.1478,1090353,3924546,2575938,2374837,6028.67437646444,0.987666666666667
"Jordan",2000,0,602.279,73.812,1374.828,1108890,3994240,2625119,2431055,6214.37467646444,0.329916666666667
"Jordan",2001,0,619.2858,92.7588,1644.5058,1127867,4065615,2675503,2487807,6607.75157646444,1.00508333333333
"Jordan",2002,0,697.947,115.1741,1876.3038,1147614,4139874,2728993,2546539,7346.80927646444,0.619833333333333
"Jordan",2003,0,689.4928,227.3082,1871.0265,1170651,4226123,2787502,2608615,7524.58107646444,0.47475
"Jordan",2004,0,676.9906,256.8411,2097.711,1200064,4335531,2855309,2677114,8012.93267646444,0.497333333333333
"Jordan",2005,0,711.0317,299.2911,2115.7128,1172277,4541834,2928895,2749640,8293.72857646444,0.410916666666667
"Jordan",2006,0,734.9083,315.0118,2157.8674,1129312,4804920,3131561,2943988,8118.63457646444,0.37425
"Jordan",2007,0,759.0356,326.2293,2298.8742,1091804,5101387,3334553,3138903,8873.98877646444,0.70475
"Jordan",2008,0,708.2754,382.1781,2349.8811,1058386,5431436,3414636,3218236,8427.62647646444,0.798333333333333
"Jordan",2009,0,758.6516,405.5913,2211.5944,1028066,5793050,3488622,3291871,8628.31167646444,0.6705
"Jordan",2010,0,731.9492,410.4783,2240.6578,999206,6183184,3564227,3367031,8890.97987646444,2.59783333333333
"Jordan",2011,0,919.4372,424.1847,1846.1165,971693,6603250,3654198,3455782,9028.63787646444,0.319166666666667
"Jordan",2012,0,921.0779,445.5166,2280.5864,944332,7048241,3704706,3507157,9552.87867646444,1.20316666666667
"Jordan",2013,0,893.1384,452.8816,2362.4062,914962,7498502,3968884,3725930,9697.43297646444,0.842333333333333
"Jordan",2014,0,954.3277,522.4983,2448.926,880931,7928375,4497632,4160394,10309.7386764644,1.04175
"Jordan",2015,0,1090.967,477.9207,2503.7676,892500,8266802,4944708,4549538,10287.7609764644,1.18741666666667
"Jordan",2016,0,1037.8434,474.4895,2519.6874,897724,8558078,5185852,4778803,10284.3087764644,1.605
"Jordan",2017,0,1149.602,507.4328,2655.1073,897788,8804565,5312425,4902957,10861.2304764644,1.221
"Jordan",2018,0,1112.8731,514.1396,2682.2271,893429,9010373,5435573,5024293,10751.3729764644,1.87508333333333
"Jordan",2019,0,1130.7069,524.3259,2827.2969,885864,9183930,5555605,5143079,10851.1627764644,1.25216666666667
"Jordan",2020,0,1171.5635,517.9974,2849.7167,876059,9332603,5670775,5257947,10797.6341764644,1.71308333333333
"Kazakhstan",1992,-1117.422,1315.4437,117.4042,5945.7741,7238014,9243099,8205185,8838231,40839.1022,0.383416666666667
"Kazakhstan",1993,-1117.422,1121.6297,45.9843,4871.0196,7204180,9165820,8172300,8807397,39553.324,-0.697916666666667
"Kazakhstan",1994,-1117.422,1891.4877,33.7228,3184.4617,7151914,9065577,8053053,8694098,42670.0536,0.16675
"Kazakhstan",1995,-1117.422,1084.4975,38.951,3402.9313,7067970,8966986,7892920,8541404,32812.3559,1.953
"Kazakhstan",1996,-1117.422,986.3099,26.2774,2989.6223,6970095,8850536,7741328,8402919,28478.3364,-0.196333333333333
"Kazakhstan",1997,-1117.422,808.0999,29.0619,3042.2982,6861509,8720243,7569790,8250641,24964.4704,1.58441666666667
"Kazakhstan",1998,-1117.422,831.1661,91.9013,2877.7918,6756114,8593785,7386060,8088194,23379.0573,0.825
"Kazakhstan",1999,-1117.422,996.1129,326.987,3420.8383,6669027,8496547,7269122,7987133,22367.3448,1.52166666666667
"Kazakhstan",2000,-1117.422,1477.8167,618.797,3625.7189,6610426,8446937,7254141,7982111,24890.0801,1.38525
"Kazakhstan",2001,-2993.6882,1415.1625,801.998,3953.3265,6591821,8448150,7271185,8010100,25419.8843,1.37775
"Kazakhstan",2002,-2993.6882,1621.3122,1112.0781,4001.5964,6609578,8496067,7295257,8043706,37286.3737,1.87175
"Kazakhstan",2003,-2993.6882,1813.1647,1355.2204,4309.8229,6653891,8578434,7329926,8086787,28936.3502,0.76675
"Kazakhstan",2004,-2993.6882,1921.6541,1548.8011,4874.0583,6709744,8676172,7377765,8144158,32487.6585,2.01383333333333
"Kazakhstan",2005,-2993.6882,2135.1095,1789.5109,5030.5915,6766257,8775200,7439667,8216582,35045.1493,1.65458333333333
"Kazakhstan",2006,-2993.6882,2867.8344,2381.4253,5367.926,6819865,8870996,7517536,8305212,42016.2041558622,1.52966666666667
"Kazakhstan",2007,-2993.6882,2921.2313,2410.8848,5768.9233,6873733,8967622,7605688,8400448,34994.0808,1.88958333333333
"Kazakhstan",2008,-2993.6882,2933.6504,2616.1286,6242.9315,6931410,9069766,7699199,8497318,37847.4479,1.70816666666667
"Kazakhstan",2009,-2993.6882,2525.4243,1423.3225,5987.9527,6998909,9185254,7801675,8600694,32712.0482,1.1175
"Kazakhstan",2010,-2993.6882,2872.6842,1589.7902,6826.7197,7079870,9319106,7915384,8712452,37085.4712,1.44533333333333
"Kazakhstan",2011,-10732.7261,3525.3018,1808.3276,7004.9225,7175002,9472378,8035565,8829353,24773.1795,0.425833333333333
"Kazakhstan",2012,-10732.7261,3116.7623,1539.378,8464.6626,7280687,9640492,8155776,8947088,26223.2962,0.896916666666667
"Kazakhstan",2013,-10732.7261,3000.9286,1893.272,9109.1076,7391287,9815970,8278722,9067009,25149.1892,2.303
"Kazakhstan",2014,-10732.7261,4485.6242,2132.7082,9553.2028,7499077,9988702,8404471,9187826,30676.0712,0.510833333333333
"Kazakhstan",2015,-10732.7261,3907.0029,2023.6149,9520.443,7598480,10151168,8528731,9307177,29902.9963,1.96066666666667
"Kazakhstan",2016,-2986.4795,4827.5974,2307.1753,10162.7857,7687326,10300410,8654278,9424275,37118.5851,1.89341666666667
"Kazakhstan",2017,-2986.4795,6506.9909,2741.511,10909.6032,7766771,10437728,8777496,9537317,47155.0904,1.71441666666667
"Kazakhstan",2018,-2986.4795,8795.1227,2729.9369,10719.2308,7834880,10568980,8893549,9644550,45075.6129,0.49325
"Kazakhstan",2019,-2986.4795,9070.013,2633.8654,10689.8833,7894648,10698322,9005743,9748515,46091.0739,1.87133333333333
"Kazakhstan",2020,-2986.4795,8512.8909,2230.6575,11487.1033,7948258,10828881,9120059,9859184,45687.7717,2.24975
"Kenya",1990,-4458.2606,12.1799,7.5484,706.9825,19483070,3919437,11469606,11692664,11486.527282941,-0.0604166666666667
"Kenya",1991,-4458.2606,11.6149,6.8037,680.1403,20058740,4120858,11844758,12073477,11032.578382941,0.304083333333333
"Kenya",1992,-4458.2606,11.6446,11.7417,745.4051,20634704,4329249,12210186,12445537,11195.506282941,0.3755
"Kenya",1993,-4458.2606,12.9257,12.7665,692.757,21209905,4544209,12574792,12817038,11125.504782941,0.0985
"Kenya",1994,-4458.2606,14.9054,15.925,696.1773,21782569,4765917,12942673,13191070,11443.7578920598,0.415666666666667
"Kenya",1995,-4458.2606,15.4473,19.5447,752.3564,22352157,4994299,13312267,13566081,11426.221982941,0.399166666666667
"Kenya",1996,-4458.2606,16.0278,21.4921,858.3111,22918171,5229563,13678480,13937256,11178.397782941,0.384833333333333
"Kenya",1997,-4458.2606,19.0414,26.8534,813.0633,23482301,5471813,14050503,14313761,11255.97424388,0.362166666666667
"Kenya",1998,-4458.2606,30.6145,29.8404,791.4844,24047421,5722382,14435594,14701779,11904.2903080264,0.282
"Kenya",1999,-4458.2606,30.6954,49.0721,782.9165,24617960,5982437,14849031,15116098,11971.590082941,0.189166666666667
"Kenya",2000,-4458.2606,47.2624,64.2211,717.5426,25194298,6256185,15293161,15558445,11186.315982941,0.642416666666667
"Kenya",2001,26.5198,37.5715,62.9613,694.752,25779834,6541648,15769661,16030683,30528.229582941,0.56475
"Kenya",2002,26.5198,31.302,62.6403,750.8358,26374762,6839247,16262141,16517681,31024.657182941,0.734916666666667
"Kenya",2003,26.5198,27.389,66.3239,849.5029,26981085,7149767,16758781,17008340,31958.68954388,0.85525
"Kenya",2004,26.5198,37.7611,63.3998,915.7532,27600542,7474389,17274191,17517645,32461.692882941,0.684416666666667
"Kenya",2005,26.5198,45.0972,71.0732,1088.3923,28234834,7813454,17802747,18040263,32549.976682941,0.823333333333333
"Kenya",2006,26.5198,51.7989,79.0986,1104.4201,28883861,8168189,18346035,18579218,32284.314782941,0.774583333333333
"Kenya",2007,26.5198,62.4581,84.9995,1261.3225,29547088,8538821,18903421,19133373,38307.0822635277,0.681583333333333
"Kenya",2008,26.5198,67.3534,125.8717,1408.9054,30222715,8925701,19479661,19707234,38401.769782941,0.858166666666667
"Kenya",2009,26.5198,84.7929,152.0655,1647.2656,30909074,9328130,20068349,20296096,38250.7375689775,1.32616666666667
"Kenya",2010,26.5198,62.6354,116.7804,1826.1118,31603483,9746669,20642895,20875000,38418.7699689775,1.06925
"Kenya",2011,25.831,62.8512,135.8178,2072.1308,32303238,10183601,21195954,21439190,32255.0573689775,1.09008333333333
"Kenya",2012,25.831,55.4581,145.4846,2126.993,33007200,10639429,21733578,21992229,32581.2332689775,1.07116666666667
"Kenya",2013,25.831,68.4278,160.2976,2331.9524,33712691,11114158,22259261,22533107,32519.7232689775,0.881416666666667
"Kenya",2014,25.831,102.6438,171.9608,2636.8146,34416636,11607614,22770037,23061826,33356.63655675,1.03808333333333
"Kenya",2015,25.831,91.4102,172.3132,2821.7743,35116503,12119756,23268540,23582948,33804.29515675,1.24066666666667
"Kenya",2016,-7727.5708,124.4512,198.6084,2966.6365,35810733,12650834,23780053,24114618,19575.6189436893,1.20341666666667
"Kenya",2017,-7727.5708,146.5055,208.2876,2771.2074,36498515,13201347,24296132,24652004,18274.77445675,1.47508333333333
"Kenya",2018,-7727.5708,82.9355,241.666,2696.0696,37179074,13771805,24784782,25168522,18800.56775675,0.716833333333333
"Kenya",2019,-7727.5708,168.3404,247.7014,2720.9311,37851953,14362838,25272193,25679257,21422.36095675,1.58683333333333
"Kenya",2020,-7727.5708,188.181,260.9527,3286.7648,38516638,14975059,25780698,26205082,22564.9152209693,1.4125
"Kiribati",1990,NA,0.9917,35.4069588765122,0.7916,47077,25335,37111,38013,8869.03719978508,0.277916666666667
"Kiribati",1991,NA,0.9943,0.0528,0.8105,47704,25996,37815,38797,8833.85674090856,0.227083333333333
"Kiribati",1992,NA,1.0242,0.1072,0.8258,48185,26584,38462,39440,8834.11554090856,0.104833333333333
"Kiribati",1993,NA,1.0334,0.1566,0.8391,48582,27137,39056,40036,6086.10624723104,-0.206363636363636
"Kiribati",1994,NA,0.6554,0.2056,0.8534,48975,27696,39639,40626,6085.89154723104,0.117083333333333
"Kiribati",1995,NA,1.1055,0.2584,0.8707,49429,28301,40245,41236,6086.54974723104,0.454166666666667
"Kiribati",1996,NA,1.0247,0.3179,0.8907,49407,29500,40891,41941,3297.27059830618,0.273916666666667
"Kiribati",1997,NA,1.3669,0.3758,0.908,49111,31073,41572,42736,6087.28454723104,0.0991111111111111
"Kiribati",1998,NA,1.399,0.4499,0.9239,48817,32733,42267,43538,4071.46156948297,0.406272727272727
"Kiribati",1999,NA,1.6893,0.5007,0.9419,48502,34464,42953,44337,6087.83264723104,-0.124166666666667
"Kiribati",2000,NA,0.5943,0.5499,0.9858,48147,36259,43680,45145,3297.90149830618,0.132181818181818
"Kiribati",2001,NA,0.6288,0.5835,0.9858,48533,37325,44473,46058,3984.51846381204,0.487
"Kiribati",2002,NA,0.7801,0.7763,1.0097,49355,37988,45346,47053,3299.40279830618,0.4375
"Kiribati",2003,NA,0.8506,0.761,1.0316,50215,38680,46275,48026,3299.99879830618,0.672181818181818
"Kiribati",2004,NA,0.8191,0.6526,1.0636,51127,39415,47209,49015,3300.72349830618,0.874
"Kiribati",2005,NA,1.062,0.687,1.1072,52116,40209,48127,50037,3212.7581263363,0.762666666666667
"Kiribati",2006,NA,0.9169,0.6186,1.1428,52757,41503,49037,51046,3213.4857263363,0.5692
"Kiribati",2007,NA,0.9988,0.4157,1.1454,53100,43211,49967,52031,3214.2366263363,0.54
"Kiribati",2008,NA,0.9467,0.4278,1.164,53447,44993,50920,53046,3214.9872263363,0.196
"Kiribati",2009,NA,0.9808,0.3935,1.1603,53757,46811,51896,54099,3215.9557263363,0.560833333333333
"Kiribati",2010,NA,0.8921,1.4306,1.1648,54005,48647,52840,55156,3216.5727263363,0.3032
"Kiribati",2011,NA,0.8729,1.3455,1.1725,54175,50481,53709,56161,3216.6317263363,0.401666666666667
"Kiribati",2012,NA,0.9317,1.3041,1.189,54285,52328,54514,57103,3217.8336263363,0.4933
"Kiribati",2013,NA,1.0082,1.3208,1.2027,54347,54188,55285,58026,3220.0160263363,0.655363636363636
"Kiribati",2014,NA,0.9247,1.3684,1.2192,54375,56083,56042,58943,3218.2317263363,0.746666666666667
"Kiribati",2015,NA,1.006,1.5579,1.2498,54383,58024,56833,59874,3219.4498263363,0.93
"Kiribati",2016,NA,1.1481,1.4794,1.2915,54395,60000,57677,60836,3219.4807263363,1.21833333333333
"Kiribati",2017,NA,1.1377,1.6746,1.3331,54402,61996,58544,61819,3222.9723263363,1.00083333333333
"Kiribati",2018,NA,1.1899,1.6576,1.3617,54403,64011,59441,62820,3223.3916263363,0.991666666666667
"Kiribati",2019,NA,1.191,1.6015,1.3363,54392,66036,60390,63851,3223.5080263363,0.948333333333333
"Kiribati",2020,NA,1.2386,1.6041,1.3539,54370,68069,61495,64968,3223.2599263363,1.483875
"Kuwait",1990,-19.0487,1011.193,623.5631,2753.0971,42535,2057080,934227,740711,6800.01399439248,0.629333333333333
"Kuwait",1991,-19.0487,391.016,438.4897,2081.2148,40955,1994706,743740,595760,4915.18049998813,0.42025
"Kuwait",1992,-19.0487,768.364,279.7761,2794.4268,38299,1878578,898360,722273,6045.64081353814,-0.661416666666667
"Kuwait",1993,-19.0487,758.8083,290.0221,3166.4061,35263,1741874,923899,729745,6593.34492276895,0.11525
"Kuwait",1994,-19.0487,941.016,399.5515,3660.8809,32789,1631143,932980,708126,7631.72157097936,0.646
"Kuwait",1995,-19.0487,899.5442,541.8573,4308.9289,30673,1579978,952736,702486,8514.00204835008,0.3295
"Kuwait",1996,-19.0487,961.5771,545.7954,4200.6528,27328,1604412,985702,717616,8636.94360041107,1.27116666666667
"Kuwait",1997,-19.0487,1042.009,598.0214,4237.2023,25266,1690048,1022578,738890,8924.07510041107,0.3015
"Kuwait",1998,-19.0487,1209.9884,869.3974,3965.2753,23780,1812573,1059425,760120,9276.87677097935,1.60666666666667
"Kuwait",1999,-19.0487,1345.4295,1188.4344,3969.7604,22275,1934791,1096198,781229,9863.63887097935,1.8085
"Kuwait",2000,-19.0487,1432.5625,1621.6557,4023.1855,20507,2030234,1132811,802091,10333.0475764644,1.26433333333333
"Kuwait",2001,-22.9986,1622.1273,1774.9269,4084.1253,1938,2107417,1169112,822562,10855.8528764644,1.51
"Kuwait",2002,-22.9986,1705.6705,1880.2425,4643.8627,0,2143833,1204908,842457,11778.8862764644,1.39233333333333
"Kuwait",2003,-22.9986,1615.6147,2092.5344,5012.7421,0,2169118,1239951,861555,12519.5235764644,1.60141666666667
"Kuwait",2004,-22.9986,1718.0319,2165.8276,5491.9531,0,2207939,1273896,879585,13230.3404764644,1.25983333333333
"Kuwait",2005,-22.9986,2009.8185,2260.3931,5732.3362,0,2276623,1319953,915450,14103.6736764644,1.09558333333333
"Kuwait",2006,-22.9986,2058.2927,2577.0123,6142.5759,0,2377258,1385007,978402,15222.7923764644,1.45666666666667
"Kuwait",2007,-22.9986,2102.1889,2688.5783,6504.1861,0,2503410,1456556,1050213,15755.9834764644,1.38433333333333
"Kuwait",2008,-22.9986,2212.0847,2860.0599,6996.5458,0,2652340,1528571,1122360,16773.8618764644,1.35791666666667
"Kuwait",2009,-22.9986,2316.0536,3041.5658,7089.4635,0,2818939,1600963,1194588,17260.5715764644,1.55983333333333
"Kuwait",2010,-22.9986,2377.5191,3233.5426,7212.8833,0,2998083,1675640,1267716,17872.3826764644,2.60058333333333
"Kuwait",2011,-10.2201,2392.151,3124.8819,7705.3346,0,3191051,1788572,1355253,18258.7817764644,1.06641666666667
"Kuwait",2012,-10.2201,2121.2703,3037.0857,7851.5265,0,3395556,1938224,1456439,18040.8561764644,1.77075
"Kuwait",2013,-10.2201,2098.5097,3115.7344,8558.0115,0,3598385,2088742,1557776,18959.2747764644,1.27316666666667
"Kuwait",2014,-10.2201,2172.1468,3234.5271,8512.6244,0,3782450,2175581,1586002,19058.7208764644,1.61891666666667
"Kuwait",2015,-10.2201,2233.5236,3340.8798,8706.4423,0,3935794,2339072,1569671,19536.8940764644,1.85808333333333
"Kuwait",2016,-2.9768,2304.0438,3479.0812,9118.6876,0,4052584,2462807,1585277,20227.0170764644,1.79525
"Kuwait",2017,-2.9768,2318.5329,3546.9019,8979.5906,0,4136528,2507954,1616950,20425.0635764644,2.07958333333333
"Kuwait",2018,-2.9768,2313.0985,3623.3366,8469.4335,0,4197128,2655840,1661345,20090.3841764644,2.39808333333333
"Kuwait",2019,-2.9768,2279.7702,3700.6465,9570.3304,0,4248974,2738222,1702878,21284.5876764644,1.84858333333333
"Kuwait",2020,-2.9768,2222.282,3772.8357,9794.7083,0,4302875,2671060,1689384,21242.4809764644,1.92975
"Kyrgyzstan",1992,-1022.8663,60.5008,0.1143,642.4785,2797095,1657094,2177128,2324131,4481.87942760683,0.190333333333333
"Kyrgyzstan",1993,-1022.8663,65.5298,0.3726,465.7601,2828502,1655338,2183926,2323707,3678.30177578665,-0.269666666666667
"Kyrgyzstan",1994,-1022.8663,33.8781,0.5868,324.994,2863419,1655382,2198325,2332569,3339.89168081226,0.33
"Kyrgyzstan",1995,-1022.8663,54.4103,1.1127,290.5707,2906338,1659749,2232307,2364149,1924.22341686717,0.44325
"Kyrgyzstan",1996,-1022.8663,58.8421,3.8505,401.5548,2959745,1669653,2268151,2398434,2068.64751686717,-0.18625
"Kyrgyzstan",1997,-1022.8663,66.6112,7.0134,454.826,3021731,1683907,2304534,2433852,2107.99671686717,1.35083333333333
"Kyrgyzstan",1998,-1022.8663,57.3072,3.3574,479.0849,3087275,1699498,2340909,2469503,2166.93361686717,1.06
"Kyrgyzstan",1999,-1022.8663,63.0602,4.4783,338.8588,3145171,1715958,2375477,2503434,2037.06201686717,1.03808333333333
"Kyrgyzstan",2000,-1022.8663,83.5665,6.0272,392.1186,3183803,1736915,2404032,2531149,2127.55151686717,1.1115
"Kyrgyzstan",2001,-9.2635,83.6518,8.4115,382.1557,3210973,1751617,2427598,2553846,3115.58631686717,1.318
"Kyrgyzstan",2002,-9.2635,90.0617,8.9125,412.3908,3229231,1761456,2450377,2576265,3192.21101686717,1.35225
"Kyrgyzstan",2003,-9.2635,106.9608,10.3931,513.9607,3243275,1768994,2476113,2602164,3381.07101686717,0.6655
"Kyrgyzstan",2004,-9.2635,117.5612,13.6261,570.7938,3259958,1777971,2505540,2631500,3509.04231686717,1.6735
"Kyrgyzstan",2005,-9.2635,118.6496,13.723,616.2259,3284272,1791108,2533783,2659331,3465.33211686717,1.15233333333333
"Kyrgyzstan",2006,-9.2635,135.501,17.3503,654.7958,3317581,1809149,2560753,2686032,3600.04991686717,1.60558333333333
"Kyrgyzstan",2007,-9.2635,145.244,28.2024,729.6881,3358424,1831296,2585134,2709631,3887.43061686717,1.72958333333333
"Kyrgyzstan",2008,-9.2635,165.4568,45.2664,731.5831,3405472,1856822,2610931,2734484,4003.32251686717,1.22466666666667
"Kyrgyzstan",2009,-9.2635,152.0801,53.2215,473.6697,3456349,1884432,2645485,2768599,3837.34351686717,0.962
"Kyrgyzstan",2010,-9.2635,122.9033,58.1798,549.7564,3507918,1914419,2680720,2803055,3885.70071686717,1.405
"Kyrgyzstan",2011,-739.5381,144.6083,70.1332,651.7361,3559886,1946715,2715503,2836832,3502.68951686717,1.01533333333333
"Kyrgyzstan",2012,-739.5381,160.3218,83.4005,738.1452,3612530,1981578,2755787,2876164,3716.32901686717,0.389333333333333
"Kyrgyzstan",2013,-739.5381,154.4045,93.7508,896.5516,3665102,2018706,2800236,2919323,4213.02281686717,1.58383333333333
"Kyrgyzstan",2014,-739.5381,278.5479,89.8605,915.9607,3716797,2057769,2848341,2966077,4226.81301686717,0.44475
"Kyrgyzstan",2015,-739.5381,244.9171,107.0726,820.3698,3766909,2098492,2899474,3015506,4062.48131686717,1.727
"Kyrgyzstan",2016,-3266.8381,270.9064,101.4485,747.7763,3814995,2140739,2951867,3066432,1614.70511686717,1.96966666666667
"Kyrgyzstan",2017,-3266.8381,435.1634,72.0489,831.1853,3860700,2184417,3003724,3117536,1383.66351686717,1.3695
"Kyrgyzstan",2018,-3266.8381,386.1995,87.1388,1001.5944,3903563,2229369,3055066,3168429,1510.58701686717,1.26808333333333
"Kyrgyzstan",2019,-3266.8381,246.3191,82.8241,1038.9982,3943164,2275452,3105037,3218606,1410.95931686717,1.71933333333333
"Kyrgyzstan",2020,-3266.8381,304.6301,75.011,1042.4073,3979161,2322557,3155082,3269792,1534.53441686717,1.17875
"Lao People's Democratic Republic",1990,0,9.2411,242.7338,12.409,3601099,657373,2158369,2156074,24573.9591955264,0.565833333333333
"Lao People's Democratic Republic",1991,0,11.8565,253.6687,13.8093,3688819,691254,2220994,2216230,24382.4991955264,0.754666666666667
"Lao People's Democratic Republic",1992,0,12.9378,263.8299,15.0095,3775976,726387,2284179,2276927,19904.7125174842,0.236583333333333
"Lao People's Democratic Republic",1993,0,14.3246,150.0958,15.3098,3860880,762400,2347472,2337824,19395.1524889774,0.2775
"Lao People's Democratic Republic",1994,0,15.1811,164.7677,16.91,3941424,798956,2409990,2397961,19357.5585145224,0.625166666666667
"Lao People's Democratic Republic",1995,0,17.405,181.5934,17.2103,4008733,843190,2470903,2456528,19316.2015111721,0.52
"Lao People's Democratic Republic",1996,0,19.385,202.037,45.2105,4053281,903899,2530276,2513639,19428.4859290714,0.230583333333333
"Lao People's Democratic Republic",1997,0,21.8867,220.3794,48.1107,4089728,966791,2584354,2566184,18616.4121290714,0.576833333333333
"Lao People's Democratic Republic",1998,0,25.8372,97.3082,46.6109,4118602,1032161,2632966,2613956,21763.0973166328,1.403
"Lao People's Democratic Republic",1999,0,29.2119,131.3343,47.0111,4141084,1100200,2679994,2660061,20042.3592112986,0.437
"Lao People's Democratic Republic",2000,0,29.9318,224.3818,53.1113,4158068,1171236,2725901,2704952,18904.633426826,0.408083333333333
"Lao People's Democratic Republic",2001,-395.7608,34.0541,305.0307,53.0115,4169569,1244999,2770704,2749003,18415.0859790446,0.703833333333333
"Lao People's Democratic Republic",2002,-395.7608,36.2118,382.7001,112.0117,4175525,1321748,2814046,2792055,20209.3951290714,0.782083333333333
"Lao People's Democratic Republic",2003,-395.7608,41.4989,467.0194,116.0118,4177699,1401957,2855501,2833564,20805.6490290714,0.871083333333333
"Lao People's Democratic Republic",2004,-395.7608,41.5693,560.8455,116.012,4178088,1486517,2894726,2873441,28060.7898290714,0.463583333333333
"Lao People's Democratic Republic",2005,-395.7608,46.4725,672.74,116.0122,4189729,1564297,2937553,2915416,23390.7218290714,0.986666666666667
"Lao People's Democratic Republic",2006,-395.7608,51.5009,696.4071,175.0124,4226291,1623065,2985964,2960629,21325.8275290714,0.979916666666667
"Lao People's Democratic Republic",2007,-395.7608,58.153,700.2195,173.0126,4265018,1684769,3035128,3006220,28666.6031290714,0.757666666666667
"Lao People's Democratic Republic",2008,-395.7608,64.0136,718.0805,172.0128,4303532,1748658,3084231,3051630,21116.4913043745,0.122083333333333
"Lao People's Democratic Republic",2009,-395.7608,73.8108,741.8987,401.013,4338737,1813299,3133204,3096726,22486.6119043745,0.84025
"Lao People's Democratic Republic",2010,-395.7608,85.2565,732.4576,477.0133,4368384,1877890,3181861,3141557,28006.326730449,1.44583333333333
"Lao People's Democratic Republic",2011,-4409.9055,90.7849,735.0295,511.0134,4391626,1941861,3230309,3186018,18364.2424889077,0.0729166666666667
"Lao People's Democratic Republic",2012,-4409.9055,104.6193,754.2798,586.0136,4409554,2005615,3278735,3230068,20179.3138889077,1.28458333333333
"Lao People's Democratic Republic",2013,-4409.9055,115.1492,776.9024,844.0138,4424627,2069930,3326932,3273809,21688.8786889077,0.85275
"Lao People's Democratic Republic",2014,-4409.9055,128.3379,839.254,860.0139,4439922,2136475,3374369,3317084,21199.3022889077,1.01741666666667
"Lao People's Democratic Republic",2015,-4409.9055,143.6769,937.6564,1200.0141,4457637,2206330,3423412,3364007,21750.0139378352,1.6385
"Lao People's Democratic Republic",2016,-4409.9055,291.0914,1079.1871,1320.0143,4478363,2279990,3475453,3415910,24154.0084911582,1.4925
"Lao People's Democratic Republic",2017,-4409.9055,328.0916,1240.0653,1530.0145,4501174,2356986,3528807,3469110,21605.5470028737,1.1315
"Lao People's Democratic Republic",2018,-4409.9055,315.4616,1413.2887,1860.0148,4524499,2436711,3582564,3522442,21341.0491336475,1.15516666666667
"Lao People's Democratic Republic",2019,-4409.9055,384.3115,1575.1113,2070.0149,4546186,2518056,3636206,3575847,23986.5088234552,2.051
"Lao People's Democratic Republic",2020,-4409.9055,421.8403,1746.3759,2070.0151,4564691,2600131,3689825,3629574,28855.4337964996,1.69583333333333
"Latvia",1992,-14977.2297,207.8397,270.2806,534.9275,816156,1804090,1227623,1435260,-5045.33207971972,1.6015
"Latvia",1993,-14977.2297,207.1352,148.581,418.6358,805820,1776830,1214941,1423947,-5837.78745168305,0.340333333333333
"Latvia",1994,-14977.2297,183.3045,132.6022,488.0775,791043,1752579,1197615,1408840,-6698.18433336449,0.655583333333333
"Latvia",1995,-14977.2297,140.6598,113.6508,507.2428,783887,1724586,1178524,1391627,-6747.94753336449,1.21383333333333
"Latvia",1996,-14977.2297,139.1755,127.7899,541.3013,777104,1701721,1160305,1373983,-6641.87563336449,-0.331833333333333
"Latvia",1997,-14977.2297,118.2319,110.022,599.8746,770337,1682965,1142934,1355945,-6698.26233336449,0.926583333333333
"Latvia",1998,-14977.2297,105.5514,110.7977,632.5395,766803,1663744,1125365,1336972,-6702.47543336449,0.689916666666667
"Latvia",1999,-14977.2297,106.3562,122.7566,705.4321,765280,1642810,1108116,1318235,-6449.0019471768,1.76833333333333
"Latvia",2000,-14977.2297,97.7336,119.1613,718.6833,761342,1622821,1091961,1300568,-6317.91403645298,2.1595
"Latvia",2001,-16189.8034,111.0807,124.632,827.203,755946,1602731,1076132,1283118,-7549.73663645298,1.21383333333333
"Latvia",2002,-16189.8034,112.503,138.3155,938.1637,749886,1582606,1060380,1265764,-7356.65173144219,1.61658333333333
"Latvia",2003,-16189.8034,120.8912,150.6396,1086.181,742460,1563315,1045554,1248788,-7100.56896134399,0.94725
"Latvia",2004,-16189.8034,122.9239,89.1747,1314.8655,731523,1547332,1031344,1232099,-6878.26582083308,1.04466666666667
"Latvia",2005,-16189.8034,129.7259,84.1935,1586.5438,720635,1531348,1017192,1215965,-6621.68124717681,1.097
"Latvia",2006,-16189.8034,136.1851,105.802,1782.7248,712806,1512417,1003507,1200406,-6295.07214717681,1.60516666666667
"Latvia",2007,-16189.8034,136.3832,122.1231,1984.2195,705716,1492802,990716,1185337,-5944.06780786706,1.96008333333333
"Latvia",2008,-16189.8034,141.3879,134.6703,2140.5826,698617,1473264,979096,1171316,-5593.93799569222,2.32808333333333
"Latvia",2009,-16189.8034,128.2655,135.0279,2143.1321,690494,1454815,968331,1157934,-5765.29599569222,1.25141666666667
"Latvia",2010,-16189.8034,151.628,149.0989,2503.2323,681390,1437458,957490,1144041,-5322.49755209033,0.393333333333333
"Latvia",2011,-5628.8332,137.6435,147.4698,2626.3928,672334,1420159,946793,1130180,5888.16702638329,1.88991666666667
"Latvia",2012,-5628.8332,126.0232,135.1056,2746.9499,663369,1403005,936943,1116693,6271.36853727384,0.830416666666667
"Latvia",2013,-5628.8332,129.0724,147.8778,2682.9436,654589,1386195,928017,1103469,6184.59344595089,1.64341666666667
"Latvia",2014,-5628.8332,131.6285,151.2485,2839.7326,646121,1370004,919927,1091112,6454.29992139687,2.09725
"Latvia",2015,-5628.8332,123.826,153.7308,10397.4746,638051,1354612,912620,1079334,14589.4184235009,2.47825
"Latvia",2016,-5710.5915,124.8466,147.0267,2781.2359,630159,1340371,905800,1067676,6317.15449689096,1.75225
"Latvia",2017,-5710.5915,117.5301,126.292,2815.6481,622436,1327234,898894,1055969,6276.49379689096,1.56325
"Latvia",2018,-5710.5915,130.2461,150.9026,2895.7778,614843,1315095,891675,1043956,6280.374205345,2.16958333333333
"Latvia",2019,-5710.5915,122.569,146.8612,2797.1897,607314,1303794,884501,1032054,6354.65719689096,2.76591666666667
"Latvia",2020,-5710.5915,122.0776,140.5778,2696.6007,599796,1293197,877110,1019942,5844.71879689096,3.38225
"Lebanon",1990,-6.5866,331.9444,522.2913,226.59,456258,2246758,1767344,1826355,3551.66827815618,0.193916666666667
"Lebanon",1991,-6.5866,288.9731,534.8754,211.71,454928,2297534,1802859,1863876,3634.50231427481,0.139416666666667
"Lebanon",1992,-6.5866,338.9127,537.7105,247.36,456632,2365230,1843294,1902112,4189.38257815618,-1.07275
"Lebanon",1993,-6.5866,360.008,332.5284,318.54,459571,2441283,1881024,1937773,4404.37537815618,-0.109166666666667
"Lebanon",1994,-6.5866,388.6906,348.0558,419.455,461327,2513313,1916664,1971480,4184.30555754975,0.747
"Lebanon",1995,-6.5866,333.2325,375.2138,726.84,460483,2572911,1953426,2006214,4786.42225754975,0.162416666666667
"Lebanon",1996,-6.5866,638.8519,104.1522,1020.43,456269,2614691,1991727,2042515,5046.10317109976,0.608416666666667
"Lebanon",1997,-6.5866,469.9985,178.0524,1069.225,449711,2642959,2029194,2078357,5712.78510961074,-0.194416666666667
"Lebanon",1998,-6.5866,448.6843,223.42,1544.02,443115,2670836,2065497,2113287,6117.48472233108,1.06691666666667
"Lebanon",1999,-6.5866,512.7833,248.4768,1535.61,445551,2711095,2101776,2148244,6163.30182233108,1.06791666666667
"Lebanon",2000,-6.5866,567.2707,355.45,1818.79,452951,2782415,2137718,2182925,6431.25029550714,0.484833333333333
"Lebanon",2001,-3.5253,582.3814,454.8648,1883.825,466411,2893448,2172579,2216621,6622.48009550714,1.14858333333333
"Lebanon",2002,-3.5253,584.7388,541.4361,1880.185,484740,3038097,2201780,2244887,6640.74389550714,0.75325
"Lebanon",2003,-3.5253,654.0255,620.828,2497.34,504674,3196790,2231267,2273541,7509.32387768313,0.68025
"Lebanon",2004,-3.5253,676.9451,717.0606,2823.965,521754,3341513,2266637,2308160,7644.07407768313,0.52225
"Lebanon",2005,-3.5253,570.0657,836.6929,2948.735,533172,3453680,2301063,2341982,7691.62057173679,0.53525
"Lebanon",2006,-3.5253,596.7517,882.1114,2211.65,537103,3520247,2339292,2380573,6970.47067173679,0.453666666666667
"Lebanon",2007,-3.5253,507.8874,902.6555,2462.71,535295,3551171,2383768,2425840,7152.77764448476,0.857666666666667
"Lebanon",2008,-3.5253,653.1629,935.1957,2513.77,532696,3578351,2422820,2464793,7665.1301707551,1.00908333333333
"Lebanon",2009,-3.5253,743.5268,964.3505,2726.685,536000,3647156,2454921,2496213,8563.54181719699,0.977916666666667
"Lebanon",2010,-3.5253,703.4897,962.8308,2762.78,549350,3787791,2477872,2517928,8209.12659665007,2.36858333333333
"Lebanon",2011,-75.9384,770.8971,970.2372,2782.85,574302,4014066,2503286,2541771,8264.96571719699,0.44775
"Lebanon",2012,-75.9384,767.6837,953.5017,2605.835,607879,4308525,2570541,2607796,8535.80391719699,1.17308333333333
"Lebanon",2013,-75.9384,869.2531,1003.0378,2770.145,644202,4631900,2820251,2858601,8599.99141719699,1.07016666666667
"Lebanon",2014,-75.9384,910.504,1135.3455,2853.13,675369,4927910,3117336,3157007,9005.24221719699,1.32558333333333
"Lebanon",2015,-75.9384,1032.4972,1254.38,2642.935,695996,5155483,3173713,3225226,9271.1336722212,1.18491666666667
"Lebanon",2016,-78.5131,1056.5032,1410.5438,2569.295,704804,5301864,3091255,3167365,9511.94165302912,1.53208333333333
"Lebanon",2017,-78.5131,1098.8581,1579.9781,2522.21,703805,5378552,3003848,3105403,9815.17734232137,1.31225
"Lebanon",2018,-78.5131,1048.9173,1745.6163,2352.74,695098,5398411,2911667,3039172,9573.37305302912,2.10358333333333
"Lebanon",2019,-78.5131,1078.4491,1895.4531,2403.34,681910,5384012,2814124,2967783,9895.80438615695,1.36675
"Lebanon",2020,-78.5131,917.6041,2005.6819,2400.76,666679,5353116,2748285,2914639,9426.01194166232,1.72433333333333
"Lesotho",1990,0,17.8976,59.7177,13.3395,1379922,224016,885455,913543,5032.94360373637,0.320583333333333
"Lesotho",1991,0,14.6601,58.7181,13.6485,1397075,237442,899794,929716,5018.58768318945,0.553166666666667
"Lesotho",1992,0,15.5647,60.5874,13.764,1415284,251837,913361,945146,5067.14192858946,1.10991666666667
"Lesotho",1993,0,18.1045,39.6597,14.0095,1433359,267003,925846,959632,5046.45184913637,0.9155
"Lesotho",1994,0,19.8611,43.8047,14.2285,1449566,282691,937399,973243,5043.59794913637,0.179916666666667
"Lesotho",1995,0,20.2797,47.3662,14.4575,1462720,298639,948066,986013,5017.79552858945,0.509166666666667
"Lesotho",1996,0,22.0427,51.4736,14.64,1473235,314038,957508,997590,5043.18574913637,-0.0175833333333333
"Lesotho",1997,0,26.6548,57.9153,14.8325,1483682,326771,965462,1007116,5090.76154913637,0.220833333333333
"Lesotho",1998,0,21.6387,31.7311,14.9785,1491808,339490,971510,1014129,5070.66104913637,0.859666666666667
"Lesotho",1999,0,22.8717,38.3687,15.1845,1498233,352294,975448,1018795,5181.52894913637,1.34308333333333
"Lesotho",2000,0,22.9773,56.8912,15.6005,1503411,365288,977454,1021176,5158.26774913637,0.273583333333333
"Lesotho",2001,0,21.0853,70.6729,15.73,1507504,378451,977846,1021628,5028.55434363099,0.5535
"Lesotho",2002,0,28.6158,89.5799,15.8895,1510496,391816,976926,1020608,4974.38294363099,0.649833333333333
"Lesotho",2003,0,23.8638,99.4699,15.4555,1512665,405432,974734,1018296,5032.28255119689,0.848333333333333
"Lesotho",2004,0,31.2363,117.8018,16.115,1514330,419398,970962,1014422,5005.42545119689,0.855833333333333
"Lesotho",2005,0,17.7658,135.8576,16.0845,1515794,433749,966980,1010444,5065.09012308408,0.74125
"Lesotho",2006,0,22.2189,137.9019,16.144,1517098,448564,966460,1010320,5057.98524363099,0.43875
"Lesotho",2007,0,22.4271,139.0013,16.75,1520337,461950,970360,1013106,5102.03832308408,0.573916666666667
"Lesotho",2008,0,36.4438,143.0974,16.3095,1524036,475894,976899,1018115,4838.48929472654,0.516416666666667
"Lesotho",2009,0,42.2255,143.3404,16.6355,1528685,490524,984322,1024847,4871.14979472654,0.391666666666667
"Lesotho",2010,0,35.5367,137.8289,16.8415,1534536,506015,991753,1030995,4851.44901527345,0.92575
"Lesotho",2011,0,55.4324,149.9795,17.194,1541726,522440,999975,1037702,4925.05151772654,0.434916666666667
"Lesotho",2012,0,47.1593,143.5949,17.4465,1552732,537196,1009354,1045364,4895.97751772654,0.605833333333333
"Lesotho",2013,0,68.0147,159.2276,17.9155,1564710,552651,1019780,1054158,4888.03449472654,0.84025
"Lesotho",2014,0,52.1402,158.9792,17.998,1577102,568683,1031124,1064118,4854.66491527345,1.14033333333333
"Lesotho",2015,0,50.4041,168.2655,17.897,1589499,585146,1043257,1075264,4870.30349472654,1.77433333333333
"Lesotho",2016,0,53.7909,193.3627,18.066,1601793,602028,1056294,1087578,4888.69199472654,1.90766666666667
"Lesotho",2017,0,55.1893,202.0675,18.315,1614034,619305,1069963,1100655,4944.53961527345,1.04725
"Lesotho",2018,0,56.9576,232.2834,18.494,1625909,637101,1083909,1114109,4920.33443339845,1.20633333333333
"Lesotho",2019,0,66.1653,252.4757,18.7105,1637308,655374,1097956,1127746,4905.30121285154,1.52416666666667
"Lesotho",2020,0,76.013,266.699,18.903,1648125,674092,1112185,1141915,5055.01004665024,0.900333333333333
"Liberia",1990,-377.9245,NA,6e-04,32.4068,934908,1162324,1095527,1114203,15621.6827715773,0.594166666666667
"Liberia",1991,-377.9245,NA,0.0018,12.708,865312,1194955,957401,981835,15561.9937437088,0.47025
"Liberia",1992,-377.9245,NA,0.0043,14.8106,909852,1112877,1012823,1039802,15568.5446437088,0.329916666666667
"Liberia",1993,-377.9245,NA,0.0176,14.8249,959939,1040309,1051604,1081167,15760.320817602,0.475833333333333
"Liberia",1994,-377.9245,NA,0.0423,12.7515,1026962,985923,1046945,1078253,17391.7395403568,0.47225
"Liberia",1995,-377.9245,NA,0.0954,14.109,1120517,952965,1054620,1087803,17401.6020403568,0.70975
"Liberia",1996,-377.9245,NA,0.1917,19.0134,1249761,941418,1084387,1119580,15346.9599437088,0.609833333333333
"Liberia",1997,-377.9245,NA,0.3105,16.9421,1337150,1021319,1172418,1210882,15352.2557437088,0.973083333333333
"Liberia",1998,-377.9245,NA,0.5121,19.6604,1437633,1113429,1298527,1340697,15417.4436437088,1.29558333333333
"Liberia",1999,-377.9245,NA,0.8109,23.1835,1531666,1202852,1372749,1416994,15406.8908437088,0.707
"Liberia",2000,-377.9245,NA,1.305,47.1174,1605791,1278731,1424909,1470314,15577.4773715773,0.516444444444444
"Liberia",2001,-377.9245,NA,2.763,45.992,1654891,1336241,1467915,1513734,15591.1763715773,0.60775
"Liberia",2002,-377.9245,NA,4.869,44.8661,1684052,1378811,1507373,1553226,15642.2273715773,0.856583333333333
"Liberia",2003,-377.9245,NA,7.605,35.5204,1702673,1413560,1519808,1565364,15882.7989715773,0.935583333333333
"Liberia",2004,-377.9245,NA,10.8,78.0703,1724596,1451818,1538587,1583860,15833.9188715773,0.945666666666666
"Liberia",2005,-377.9245,NA,13.9947,90.4717,1759411,1501819,1610373,1655945,15808.4247519596,1.12966666666667
"Liberia",2006,-377.9245,NA,16.3796,97.0986,1809583,1566255,1704671,1750726,16279.3758519596,1.10025
"Liberia",2007,-377.9245,NA,19.0342,100.2171,1870927,1642005,1793393,1839348,15951.0526519596,1.00941666666667
"Liberia",2008,-377.9245,NA,21.6889,78.2356,1938155,1724838,1869357,1914531,16065.0678519596,1.14366666666667
"Liberia",2009,-377.9245,NA,24.2538,72.157,2003149,1808379,1930581,1974485,17759.1244519596,1.39166666666667
"Liberia",2010,-377.9245,NA,26.8185,75.8783,2060392,1887733,1988726,2031229,16114.6967519596,1.37708333333333
"Liberia",2011,-377.4855,NA,26.8634,79.5786,2108635,1961532,2070140,2111010,16238.7397298347,1.09183333333333
"Liberia",2012,-377.4855,NA,28.9781,97.714,2150015,2031548,2146280,2185460,16177.4665794652,0.863916666666667
"Liberia",2013,-377.4855,NA,31.0927,129.0493,2186655,2099636,2194919,2232393,16240.2283794652,0.954583333333333
"Liberia",2014,-377.4855,NA,33.1176,170.2875,2221838,2168899,2241889,2277509,17013.0312794652,0.96775
"Liberia",2015,-377.4855,NA,35.1876,173.5228,2257906,2241715,2289264,2323065,18467.0530794652,1.26858333333333
"Liberia",2016,-378.3634,NA,37.2576,153.7582,2295213,2318610,2337052,2369046,16309.8969794652,1.48258333333333
"Liberia",2017,-378.3634,NA,39.3276,172.9936,2332953,2398953,2383292,2413339,16312.9646794652,1.51891666666667
"Liberia",2018,-378.3634,NA,41.3976,186.229,2370874,2482642,2430584,2458807,16243.5532794652,1.31358333333333
"Liberia",2019,-378.3634,NA,43.4676,199.4644,2408447,2569273,2479442,2505847,16878.1701794652,1.52491666666667
"Liberia",2020,-378.3634,NA,45.5376,201.6999,2445292,2658561,2531454,2556131,16347.1666794652,1.58008333333333
"Libya",1990,0,1435.5674,131.2237,3172.8095,1077082,3359579,2265832,1971151,8169.88002302568,0.451916666666667
"Libya",1991,0,1531.2771,136.6698,3051.8193,1100743,3443550,2318672,2023299,8221.67261094668,0.00816666666666665
"Libya",1992,0,1575.8927,140.8095,2993.5911,1124065,3526939,2370523,2074298,8262.47011094668,-0.235833333333333
"Libya",1993,0,1685.8557,114.5133,2896.9309,1146697,3608592,2421140,2123830,8632.71696793156,0.343666666666667
"Libya",1994,0,1891.2642,180.1955,4014.4088,1168116,3686887,2469660,2171635,10526.8768896402,0.398916666666667
"Libya",1995,0,2284.4928,278.368,4057.4373,1188011,3760787,2515472,2217590,11622.4611896402,0.502416666666667
"Libya",1996,0,2204.8089,345.8028,4304.0341,1206199,3829685,2558392,2261674,12147.6543190719,0.519083333333333
"Libya",1997,0,2589.0124,263.1583,3905.7747,1222300,3894969,2598406,2303939,11474.8201838626,0.410583333333333
"Libya",1998,0,3222.5019,314.445,4149.9947,1236896,3958606,2636182,2344779,12672.7170493228,0.645
"Libya",1999,0,3210.2977,461.5434,4256.0291,1250824,4023339,2673124,2384874,13224.8312787545,1.29475
"Libya",2000,0,3289.9785,655.4659,4332.317,1264648,4091103,2712865,2441925,13281.2180787545,0.4575
"Libya",2001,0,3534.4844,755.2816,4197.6622,1278407,4162159,2757499,2518416,13552.5685849022,1.20816666666667
"Libya",2002,0,2505.7171,861.2907,4445.9226,1291813,4235702,2806031,2599295,12844.889399971,0.936666666666666
"Libya",2003,0,2619.8831,967.627,4664.4654,1304684,4311268,2858258,2684383,13739.7657900213,0.914
"Libya",2004,0,2585.4204,1002.4465,4789.6903,1316735,4388024,2914130,2773433,13795.529102155,0.7925
"Libya",2005,0,3548.7438,1145.401,4894.226,1327659,4465029,2972825,2865160,16595.9769488678,0.729416666666667
"Libya",2006,0,3192.0791,1251.9311,5466.5332,1337827,4543608,3032912,2940457,16954.35654272,0.722833333333333
"Libya",2007,0,2573.4209,1075.2212,5370.0171,1347074,4623288,3096581,3000597,15713.314502155,0.837166666666667
"Libya",2008,0,2093.7616,1348.3408,5273.2745,1353957,4699121,3164557,3063814,15047.6067486055,0.998166666666667
"Libya",2009,0,2362.6543,1356.9268,5947.5235,1356609,4764444,3232535,3127657,16305.6131486055,0.830833333333333
"Libya",2010,0,2333.8798,1430.348,6282.1098,1353986,4815154,3300010,3191977,17032.0157486055,2.06266666666667
"Libya",2011,0,1922.0951,1289.3668,4044.3875,1345388,4848113,3148271,3039860,13490.3605552083,0.647166666666667
"Libya",2012,0,1790.4879,1133.1,3763.0602,1331872,4866386,2988323,2881548,13117.7571552083,0.847916666666667
"Libya",2013,0,2014.9348,1129.0597,2659.2891,1316263,4879707,3045479,2939742,12580.3192962222,1.19083333333333
"Libya",2014,0,1926.8127,1014.1217,4917.4699,1302302,4901806,3100543,2997221,14288.0345486055,1.26058333333333
"Libya",2015,0,1877.5138,862.2169,4255.6773,1292476,4942479,3145381,3046854,12944.39958464,0.6705
"Libya",2016,0,1937.973,861.8147,3864.883,1287595,5005658,3187679,3094517,12971.9324552083,1.67058333333333
"Libya",2017,0,1982.8156,890.3113,4003.1433,1286565,5088051,3234556,3143706,13274.8253552083,0.449916666666667
"Libya",2018,0,2653.8479,955.382,4021.4037,1287593,5183363,3284325,3193468,14042.6460087577,1.77766666666667
"Libya",2019,0,2678.1053,983.5546,3589.8646,1288130,5281734,3329012,3240076,13736.0124758638,0.9855
"Libya",2020,0,2715.2515,1012.112,3474.5705,1286402,5375771,3369959,3283983,13731.9142635786,1.197
"Liechtenstein",1990,10.7375,0,0,11.0601,23881,4866,14295,14470,13869.9828228758,1.059
"Liechtenstein",1991,10.7375,1e-04,2e-04,10.2387,24212,4896,14492,14675,13894.9503264131,0.21625
"Liechtenstein",1992,10.7375,3e-04,0.0267,9.2367,24560,4937,14691,14890,13416.5903733352,1.23191666666667
"Liechtenstein",1993,10.7375,0.0024,0.0458,8.3212,24937,4982,14899,15113,13849.1971655903,0.735
"Liechtenstein",1994,10.7375,0.0122,0.0959,7.8745,25335,5030,15108,15338,13866.7106998957,1.9625
"Liechtenstein",1995,10.7375,0.0134,0.1751,7.73,25751,5082,15319,15572,13866.8621998957,0.692333333333333
"Liechtenstein",1996,10.7375,0.0144,0.2705,7.4488,26222,5103,15522,15815,13897.4243493418,-0.09375
"Liechtenstein",1997,10.7375,0.0029,0.358,7.988,26746,5092,15710,16060,13851.8730157392,1.16666666666667
"Liechtenstein",1998,10.7375,0.0032,0.5161,8.8429,27275,5080,15889,16300,13853.2219157393,1.066
"Liechtenstein",1999,10.7375,0.0032,0.7175,9.7575,27780,5062,16074,16541,13854.5858157393,0.98125
"Liechtenstein",2000,10.7375,0.0052,0.9555,10.9365,28250,5036,16258,16768,13855.6338157392,1.69758333333333
"Liechtenstein",2001,29.1817,0.0055,1.175,12.0242,28633,5038,16424,16951,13863.7934157392,1.04466666666667
"Liechtenstein",2002,29.1817,0.0058,1.4148,12.8137,28947,5071,16583,17110,13864.8586157392,1.72633333333333
"Liechtenstein",2003,29.1817,0.0062,1.6383,13.464,29224,5097,16743,17257,13866.3474157392,1.57716666666667
"Liechtenstein",2004,29.1817,0.0109,1.8251,14.6139,29478,5118,16901,17399,13867.9442157392,0.845083333333333
"Liechtenstein",2005,29.1817,0.0373,1.9369,14.9784,29715,5137,17052,17552,13868.1697157392,0.4865
"Liechtenstein",2006,29.1817,0.0399,2.1693,16.4761,29942,5153,17197,17693,13869.9095157392,1.30583333333333
"Liechtenstein",2007,29.1817,0.0394,2.3742,17.3509,30155,5167,17335,17814,13871.1451157392,1.73141666666667
"Liechtenstein",2008,29.1817,0.0455,2.4788,18.2833,30361,5180,17473,17927,13872.2150157392,1.41758333333333
"Liechtenstein",2009,29.1817,0.0485,2.5237,18.4138,30573,5193,17628,18047,13872.0115157393,1.3505
"Liechtenstein",2010,29.1817,0.0585,2.6166,19.0809,30795,5208,17764,18162,13910.8588327392,0.34475
"Liechtenstein",2011,-0.0794,0.075,2.6937,19.6618,31038,5226,17901,18288,13844.2141157392,1.99625
"Liechtenstein",2012,-0.0794,0.0814,2.7531,17.2355,31295,5250,18066,18439,13841.8672157393,1.44958333333333
"Liechtenstein",2013,-0.0794,0.069,2.6036,53.9378,31554,5280,18220,18585,13917.5087145868,1.08275
"Liechtenstein",2014,-0.0794,0.0669,2.6263,41.9009,31813,5314,18378,18719,13905.2886145868,2.23508333333333
"Liechtenstein",2015,-0.0794,0.0568,2.5987,25.4439,32053,5350,18521,18834,13849.8967157392,2.264
"Liechtenstein",2016,0,0.0559,2.41,19.9921,32278,5388,18663,18947,13844.3415157392,1.82041666666667
"Liechtenstein",2017,0,0.0443,2.3512,26.8689,32493,5429,18816,19073,13850.9307157392,1.59866666666667
"Liechtenstein",2018,0,0.0424,2.2803,32.1163,32685,5470,18961,19220,13856.0820157392,2.41133333333333
"Liechtenstein",2019,0,0.0373,2.097,26.8287,32885,5519,19102,19381,13850.6634157392,2.16741666666667
"Liechtenstein",2020,0,0.0312,1.9936,27.4124,33074,5571,19223,19534,12883.6876662548,2.26341666666667
"Lithuania",1992,-4264.8833,471.6453,360.9849,2322.622,1199964,2488136,1782792,2012949,15432.260237018,1.51975
"Lithuania",1993,-4264.8833,439.7342,158.0678,1563.839,1196469,2474178,1777184,2011344,12694.2292337255,0.319
"Lithuania",1994,-4264.8833,393.5865,179.2436,1897.4702,1191632,2457502,1765916,2004541,12640.8495812638,0.856083333333333
"Lithuania",1995,-4264.8833,324.7875,152.1291,2272.3061,1186439,2440163,1752297,1994970,12777.2730073749,1.08258333333333
"Lithuania",1996,-4264.8833,289.055,130.3472,2477.6087,1181117,2422628,1738053,1983968,12781.7028073749,-0.48575
"Lithuania",1997,-4264.8833,303.3635,98.7265,2416.7188,1175441,2404463,1723253,1971643,12791.2652362949,0.76625
"Lithuania",1998,-4264.8833,278.2737,106.8152,2758.3411,1169435,2385698,1707688,1957822,13405.5713362949,0.7245
"Lithuania",1999,-4264.8833,269.2581,101.6716,2681.4348,1163011,2366167,1690951,1942993,13069.2545362949,1.73591666666667
"Lithuania",2000,-4264.8833,290.6548,105.939,2906.5037,1156103,2345732,1672672,1926964,13337.6044816335,2.15641666666667
"Lithuania",2001,-4761.1667,287.7741,100.0126,3157.8357,1149120,2324497,1651728,1908414,13114.6196201105,1.20783333333333
"Lithuania",2002,-4761.1667,280.3163,98.8728,3362.7348,1142699,2302055,1628508,1887291,12988.6686170397,1.76208333333333
"Lithuania",2003,-4761.1667,280.1494,101.3579,3506.3771,1135717,2278635,1604731,1864944,13259.5005468366,0.894333333333333
"Lithuania",2004,-4761.1667,271.4921,108.5732,3718.0541,1127745,2253373,1580758,1841832,13509.7236848544,0.911166666666667
"Lithuania",2005,-4761.1667,278.5129,127.583,4089.8633,1115801,2228451,1555917,1817616,14890.767203822,0.96125
"Lithuania",2006,-4761.1667,265.9704,138.9408,4364.5191,1099915,2203756,1530425,1792506,14205.7990490275,1.41333333333333
"Lithuania",2007,-4761.1667,215.2671,115.2067,6171.3834,1083093,2176998,1505052,1767366,16292.9240988217,1.91766666666667
"Lithuania",2008,-4761.1667,213.3083,118.5467,6096.2334,1065707,2148920,1481530,1742848,16937.7087988217,2.187
"Lithuania",2009,-4761.1667,212.1896,127.0385,4446.3201,1050712,2118060,1461131,1719348,15065.5600988217,1.14841666666667
"Lithuania",2010,-4761.1667,294.3724,258.7612,4669.6439,1038457,2085346,1442612,1696407,15660.7810988217,0.42125
"Lithuania",2011,-12583.6883,289.3645,249.1105,6349.0816,1024337,2055544,1425755,1674042,11472.9581988217,1.68808333333333
"Lithuania",2012,-12583.6883,285.0668,269.5252,6804.1027,1006428,2030818,1410689,1652651,12276.096670688,0.83425
"Lithuania",2013,-12583.6883,244.4541,259.2389,6322.6115,989541,2007793,1396602,1631587,13715.168570688,1.49541666666667
"Lithuania",2014,-12583.6883,223.7217,261.0859,6967.2353,974207,1987639,1383705,1611223,14887.279670688,2.00508333333333
"Lithuania",2015,-12583.6883,214.8802,327.8959,7830.3152,960792,1971134,1372141,1591623,15886.810270688,2.40108333333333
"Lithuania",2016,-6030.2103,211.8155,438.6875,8087.2311,949079,1959170,1361233,1572440,21253.276870688,1.756
"Lithuania",2017,-6030.2103,202.8948,405.5533,8485.7785,938898,1951399,1350949,1553501,22370.102370688,1.6115
"Lithuania",2018,-6030.2103,200.1539,251.3211,7455.7599,929713,1946762,1341245,1534882,20258.225946396,2.25375
"Lithuania",2019,-6030.2103,197.7744,239.7698,7643.9425,920766,1943693,1331885,1517198,20701.446246396,2.92808333333333
"Lithuania",2020,-6030.2103,192.5915,176.3059,6987.9379,911492,1940986,1321199,1499068,20092.829246396,3.26516666666667
"Luxembourg",2000,-557.4606,82.8884,154.9832,773.3354,68834,367269,214887,220741,3427.11882114797,1.78175
"Luxembourg",2001,-518.9991,83.9229,156.0363,697.1399,66722,373476,217528,223722,3418.49109872655,1.12683333333333
"Luxembourg",2002,-518.9991,80.1335,132.2504,720.2985,65234,378492,219897,226016,3434.21723220942,1.596
"Luxembourg",2003,-518.9991,80.9985,139.0181,675.138,63775,383547,222846,228505,3345.89323459886,1.64891666666667
"Luxembourg",2004,-518.9991,85.7588,130.585,738.2407,62457,389362,226424,231364,3521.57729671629,0.875083333333333
"Luxembourg",2005,-518.9991,86.3207,131.3384,721.6898,61360,396482,230148,234712,3539.94159836678,1.16533333333333
"Luxembourg",2006,-518.9991,81.6704,130.0897,752.0541,60480,405074,234020,238383,3454.02003459886,1.61433333333333
"Luxembourg",2007,-518.9991,81.3733,138.3519,762.5297,59770,414952,237821,242048,3452.81973459886,1.73716666666667
"Luxembourg",2008,-518.9991,81.7507,140.0025,703.0052,59185,425920,242377,246258,3407.72023459886,1.20166666666667
"Luxembourg",2009,-518.9991,85.9171,135.6264,663.5655,58668,437611,247326,250542,3339.85343459886,1.21591666666667
"Luxembourg",2010,-518.9991,91.168,150.3955,695.1841,58167,449722,252231,254839,3414.48093459886,0.0118333333333333
"Luxembourg",2011,-242.6241,88.404,126.9325,723.0093,57681,462260,258257,259949,3714.15083459886,1.91425
"Luxembourg",2012,-242.6241,86.3698,140.7753,703.8364,57239,475148,265001,265584,3662.18943459886,1.14625
"Luxembourg",2013,-242.6241,88.4633,138.1395,701.5769,56792,487929,271681,271385,3634.64913459886,0.64775
"Luxembourg",2014,-242.6241,87.2597,128.0699,705.2892,56277,500039,278485,277585,3641.44693459886,2.39266666666667
"Luxembourg",2015,-242.6241,88.6739,130.3309,674.314,55660,511081,285552,283856,3557.07283459886,1.88691666666667
"Luxembourg",2016,-279.7007,84.849,110.8268,694.5082,54927,520820,292904,290447,3498.78733459886,1.46108333333333
"Luxembourg",2017,-279.7007,89.9641,117.6319,723.2505,54103,529352,299592,296690,3528.18273459886,1.71166666666667
"Luxembourg",2018,-279.7007,81.4385,113.2364,710.8119,53239,537082,305634,302279,3502.18493459886,2.56366666666667
"Luxembourg",2019,-279.7007,80.1958,122.8192,721.3629,52396,544596,311831,308142,3537.75853459886,2.16841666666667
"Luxembourg",2020,-279.7007,83.6457,109.9219,702.8821,51616,552328,317202,313197,3324.60233459886,2.59683333333333
"Madagascar",1990,-1457.7823,6.1884,1.8125,63.4389,8865351,2733282,5986073,5896690,46014.3056729075,0.150333333333333
"Madagascar",1991,-1457.7823,6.7851,1.9629,65.2468,9062373,2880446,6166675,6078585,45966.0043729075,0.409888888888889
"Madagascar",1992,-1457.7823,6.4918,1.9544,65.763,9265206,3036130,6355099,6268243,46209.9864729075,0.422545454545455
"Madagascar",1993,-1457.7823,7.1673,2.0143,66.9476,9474762,3200698,6552807,6467292,46551.7323729075,0.403
"Madagascar",1994,-1457.7823,9.0286,2.1982,60.1821,9729836,3336707,6759985,6676136,46152.4411729075,0.258083333333333
"Madagascar",1995,-1457.7823,9.749,2.7204,61.8406,9999270,3476130,6975324,6893814,46344.2004729075,0.38525
"Madagascar",1996,-1457.7823,6.8872,1.9743,65.0986,10279920,3622768,7198016,7119438,47081.3506729075,0.262333333333333
"Madagascar",1997,-1457.7823,9.3312,3.0722,63.4468,10571361,3776493,7427688,7351215,46228.4501729075,0.66425
"Madagascar",1998,-1457.7823,12.0537,4.385,68.5438,10871735,3937056,7663424,7587511,47338.3721729075,0.765
"Madagascar",1999,-1457.7823,13.4609,4.9837,71.7253,11178764,4103757,7903835,7827050,46955.1973729075,0.449545454545455
"Madagascar",2000,-1457.7823,15.1778,6.5145,76.8984,11490635,4276171,8147724,8068707,45261.5138729075,0.469
"Madagascar",2001,-5084.4603,14.6318,22.9993,79.7981,11806896,4454036,8395887,8313779,38777.9411729075,0.677
"Madagascar",2002,-5084.4603,12.7637,39.2679,71.2261,12127427,4637690,8648564,8563371,37677.6365729075,0.529083333333333
"Madagascar",2003,-5084.4603,16.926,57.6739,140.2687,12452023,4827118,8906025,8818285,39633.0046729075,0.719666666666667
"Madagascar",2004,-5084.4603,18.4159,75.4567,133.4655,12780505,5022492,9169924,9080850,38329.3491729075,0.477666666666667
"Madagascar",2005,-5084.4603,18.0359,92.8147,127.6624,13053181,5283543,9440960,9351211,41593.4938729075,0.595416666666667
"Madagascar",2006,-5084.4603,18.2848,109.8786,129.2373,13324762,5555506,9720478,9629821,40030.7522729075,0.864
"Madagascar",2007,-5084.4603,17.4614,126.8295,177.0843,13595040,5838483,10007782,9917175,41094.3759729075,0.72275
"Madagascar",2008,-5084.4603,20.2361,144.3937,135.873,13863552,6132917,10302005,10211594,39527.0703729075,0.603
"Madagascar",2009,-5084.4603,16.4577,161.0469,129.652,14130850,6438271,10603897,10513195,40762.8370729075,0.898416666666667
"Madagascar",2010,-5084.4603,19.3558,178.9154,139.4313,14396303,6755337,10910952,10820101,41326.8207729075,1.17975
"Madagascar",2011,-2624.7193,24.8003,180.4828,156.1131,14659814,7084135,11219267,11128890,28567.452382941,1.14125
"Madagascar",2012,-2624.7193,31.5924,180.9555,168.8924,14921525,7425048,11527780,11438460,28217.762282941,0.855333333333333
"Madagascar",2013,-2624.7193,34.5139,163.542,172.6716,15182304,7778842,11837579,11750494,26981.173882941,0.73075
"Madagascar",2014,-2624.7193,34.4027,149.6573,142.4506,15443315,8146486,12150189,12065787,26177.657582941,0.819416666666667
"Madagascar",2015,-2624.7193,40.218,140.3328,143.2301,15705295,8528793,12466971,12383941,27094.959482941,1.17125
"Madagascar",2016,0,42.98,137.7181,144.1066,15968305,8926246,12791885,12710056,27570.678982941,1.10158333333333
"Madagascar",2017,0,43.1759,142.104,163.8858,16231870,9339025,13124892,13044649,25987.964882941,1.38966666666667
"Madagascar",2018,0,40.18,137.1719,169.6653,16495525,9767285,13462529,13384012,28708.663082941,0.990166666666667
"Madagascar",2019,0,46.4935,142.3972,180.4438,16758613,10211029,13804538,13728596,29458.822182941,1.43266666666667
"Madagascar",2020,0,37.71,146.9319,182.2231,17020546,10670252,14148424,14076752,30192.649682941,1.12991666666667
"Malawi",1990,0,2.691,66.6793,117.75,8346561,1090992,4643501,4896164,10892.9416112986,0.681833333333333
"Malawi",1991,0,5.4774,68.6683,128.61,8495321,1145832,4785228,5046355,10938.0561112986,0.0575833333333333
"Malawi",1992,0,7.8293,71.3234,125.54,8540958,1188759,4923007,5192413,10892.8971112986,0.8275
"Malawi",1993,0,9.7487,41.4606,132.105,8530727,1225130,4991571,5265662,10607.2347944314,0.196583333333333
"Malawi",1994,0,8.8042,43.5854,130.205,8532528,1264448,4929944,5201856,10511.7942944314,0.20475
"Malawi",1995,0,8.9679,45.3251,138.3,8594810,1314278,4922616,5190199,10605.7738944314,0.869818181818182
"Malawi",1996,0,9.0079,47.8473,120.66,8731923,1377866,5023324,5287204,10434.6871944314,0.181818181818182
"Malawi",1997,0,9.5588,50.7135,157.385,8928182,1453680,5126131,5386547,10291.6244944314,0.601833333333333
"Malawi",1998,0,9.4828,18.9054,142.84,9164948,1539796,5236453,5496002,10451.2203944314,1.128
"Malawi",1999,0,9.9042,23.8894,167.095,9440461,1603895,5349843,5624113,10477.7500944314,0.377916666666667
"Malawi",2000,0,23.3975,48.241,156.385,9714122,1662050,5464600,5764787,10240.3009944314,0.63625
"Malawi",2001,0,22.8686,60.0824,168.54,9976835,1719028,5587759,5911060,10624.3811593796,0.654
"Malawi",2002,0,24.8097,73.8913,141.93,10237350,1776361,5719293,6065205,10732.9033944314,0.960166666666667
"Malawi",2003,0,19.4955,96.0928,164.285,10501614,1835073,5859615,6228350,11410.9229944314,1.06108333333333
"Malawi",2004,0,28.2516,104.4398,150.875,10779157,1896881,6009766,6401576,10908.0942944314,0.7975
"Malawi",2005,0,26.7968,120.4953,171.695,11076729,1962982,6170251,6585398,11608.7239944314,1.45333333333333
"Malawi",2006,0,23.5145,121.8765,182.815,11395534,2033728,6340083,6778224,11000.3972593796,0.917666666666667
"Malawi",2007,0,23.0712,123.2006,183.935,11732355,2108614,6518572,6976891,11461.6044593796,0.898833333333333
"Malawi",2008,0,22.5175,125.5868,206.32,12084063,2187171,6710463,7178959,11884.5035944314,0.497166666666667
"Malawi",2009,0,23.7319,128.0772,206.705,12444330,2270272,6914014,7384918,11528.1629944314,0.682083333333333
"Malawi",2010,0,26.0594,129.116,193.09,12809514,2357581,7122580,7595842,12777.9917944314,1.005
"Malawi",2011,0,23.7271,125.6351,218.475,13178480,2449138,7334829,7811265,12371.5761944314,0.908
"Malawi",2012,0,19.1494,125.1069,217.86,13551942,2545363,7550255,8030996,13009.1712944314,0.912
"Malawi",2013,0,23.8094,133.8317,218.51,13930476,2646671,7769339,8255436,12714.5222944314,0.724833333333333
"Malawi",2014,0,23.6012,146.1417,236.16,14315223,2753615,7992387,8485579,12989.9874944314,1.10025
"Malawi",2015,0,21.3629,156.7532,193.81,14706907,2866700,8219165,8719776,13099.8748944314,1.244
"Malawi",2016,0,28.7069,173.0365,195.825,15105299,2986276,8449079,8956544,13780.5957944314,1.33041666666667
"Malawi",2017,0,27.0245,191.8785,221.375,15509514,3112590,8683181,9197987,13222.853992807,0.947166666666667
"Malawi",2018,0,25.2169,223.4697,233.29,15918795,3245933,8922676,9445207,14538.8027881677,1.04008333333333
"Malawi",2019,0,22.773,254.256,239.88,16332170,3386573,9168342,9698995,15001.2697536107,1.25633333333333
"Malawi",2020,0,25.4918,277.9949,242.265,16748855,3534836,9418758,9958303,15357.1606043896,1.23466666666667
"Malaysia",1990,36389.6148,2606.2425,98.7597,6342.3653,9056348,8981973,8874067,8642988,136366.845556252,0.56025
"Malaysia",1991,36389.6148,2875.1453,95.7096,6775.6014,9158043,9371411,9126944,8890521,135959.619391441,0.437
"Malaysia",1992,36389.6148,3005.1182,109.196,6899.8616,9161433,9851291,9384297,9142411,137375.518112379,0.412916666666667
"Malaysia",1993,36389.6148,3196.992,143.0535,7283.5711,9141375,10353592,9648873,9401203,137685.396718087,0.324166666666667
"Malaysia",1994,36389.6148,3763.6605,142.3789,7942.7745,9113723,10873171,9921365,9667337,140274.75982414,0.437666666666667
"Malaysia",1995,36389.6148,3951.6762,149.9541,8193.3555,9081996,11413601,10198689,9938199,140561.165180539,0.4995
"Malaysia",1996,36389.6148,4475.297,260.7747,8776.1269,9046590,11976731,10477978,10211073,138581.552335325,0.477
"Malaysia",1997,36389.6148,3458.8607,725.328,9239.7209,9006377,12558948,10761106,10488071,140026.482999777,0.778583333333333
"Malaysia",1998,36389.6148,4343.7385,914.1547,10225.8694,8956909,13156555,11044606,10765935,176327.855264855,1.22408333333333
"Malaysia",1999,36389.6148,4529.9369,1026.732,11858.2454,8894354,13761932,11326235,11042420,140418.185848063,0.462416666666667
"Malaysia",2000,36389.6148,4639.5485,1639.3417,15129.1172,8815954,14369654,11631359,11313791,146285.479135482,0.49125
"Malaysia",2001,35779.4791,5253.598,2147.7331,15670.4657,8787057,14911850,11961265,11581251,133218.842171107,0.681333333333333
"Malaysia",2002,35779.4791,6127.5465,2615.0929,19513.7499,8746392,15452419,12292325,11850120,146347.618823515,0.836333333333333
"Malaysia",2003,35779.4791,5920.0642,2598.0329,21459.5355,8695421,15993282,12621130,12118281,148567.056526816,0.70625
"Malaysia",2004,35779.4791,6588.5507,3012.8436,21135.9859,8636297,16537812,12947693,12385554,158892.705122126,0.759416666666667
"Malaysia",2005,35779.4791,7572.0541,3519.8303,21850.9989,8571839,17087554,13271796,12651740,164452.483222126,0.936083333333333
"Malaysia",2006,35779.4791,7861.7593,3709.7946,22952.0922,8501085,17642481,13592989,12916424,153722.315522126,0.768083333333333
"Malaysia",2007,35779.4791,8440.3894,4248.0693,23186.0228,8424428,18201417,13912833,13179771,164856.421122126,0.713083333333333
"Malaysia",2008,35779.4791,9644.5813,4605.9583,25734.8509,8343387,18767682,14226719,13437576,164474.659118766,0.638666666666667
"Malaysia",2009,35779.4791,9026.7135,4680.1025,23946.6387,8260981,19344402,14530672,13686532,180088.401518766,0.889
"Malaysia",2010,35779.4791,11180.6174,5700.7461,22026.2789,8177340,19934949,14792312,13925419,176588.868118766,1.06725
"Malaysia",2011,-156527.7066,10469.9361,5646.6464,21856.247,8129924,20505204,15021118,14163015,-52787.275619321,0.779916666666667
"Malaysia",2012,-156527.7066,10993.6715,5865.9904,23475.2214,8087429,21083027,15254994,14405218,-51361.9944908763,0.917916666666667
"Malaysia",2013,-156527.7066,11822.2339,6159.9602,24834.7618,8041475,21665249,15488512,14646296,-44345.1898934146,1.13133333333333
"Malaysia",2014,-156527.7066,11603.4398,6207.727,25558.0924,7987242,22240775,15720763,14885695,-26450.1372489283,1.19783333333333
"Malaysia",2015,-156527.7066,12479.7933,6481.2868,25083.5728,7922592,22800563,15947910,15120922,-40476.8036986358,1.4315
"Malaysia",2016,280.3393,12892.1925,6767.7551,30629.3613,7846716,23340549,16171861,15354558,153595.350262227,1.81183333333333
"Malaysia",2017,280.3393,13585.9822,7071.7303,29663.4546,7764814,23859450,16391213,15584594,151226.439961014,1.41733333333333
"Malaysia",2018,280.3393,13353.2669,7452.6559,30169.7051,7678728,24363730,16597324,15801948,158054.97050803,1.46366666666667
"Malaysia",2019,280.3393,12997.8656,8142.6377,28345.0081,7592143,24862312,16794024,16009996,161199.511064061,1.68116666666667
"Malaysia",2020,280.3393,13305.3748,8341.725,31195.7211,7507360,25361963,16986172,16213821,157091.955181138,1.68933333333333
"Maldives",1990,0,0.8791,2.1102,0.7738,165536,57679,116993,107964,5513.76446014941,0.517
"Maldives",1991,0,0.8514,2.1565,0.8033,170532,59222,120499,111651,5512.73806014942,0.557333333333333
"Maldives",1992,0,0.978,2.2232,0.8299,175459,60731,123912,115224,5462.62932449732,0.1685
"Maldives",1993,0,1.1013,1.4287,0.8724,180269,62190,127190,118656,5519.27146014941,0.213
"Maldives",1994,0,1.1687,1.5224,1.0598,184868,63565,130280,121921,5516.54936014941,0.476333333333333
"Maldives",1995,0,2.6548,1.6438,1.2703,188939,65143,133257,124951,5458.15262449732,0.662666666666667
"Maldives",1996,0,4.1186,0.573,1.3707,191882,67445,136154,127688,5464.28482449732,0.33175
"Maldives",1997,0,5.7295,0.9818,1.3511,194561,69714,138876,130163,5107.79786423503,0.695666666666667
"Maldives",1998,0,7.1719,1.6446,1.3815,197181,72025,141377,132419,5073.83452162668,0.821916666666667
"Maldives",1999,0,8.8514,2.554,1.4119,200007,74477,143644,134467,5083.01847372465,0.301083333333333
"Maldives",2000,0,10.5905,3.8476,2.0024,202701,77683,145914,136593,5113.29688899037,0.28525
"Maldives",2001,0,12.3125,4.4877,1.6529,204194,82833,148364,138959,5106.23584108834,0.438083333333333
"Maldives",2002,0,13.8301,5.5075,1.6335,205915,88426,150901,141382,5130.67454108834,0.60075
"Maldives",2003,0,15.1822,6.2956,1.5841,207762,94447,153458,143768,5114.41704108834,0.568916666666667
"Maldives",2004,0,17.0123,7.2327,1.9648,209566,100857,156014,146120,5139.65084108834,0.369833333333333
"Maldives",2005,0,18.566,8.0298,1.9455,211230,107606,158562,148456,5136.57684108834,0.781583333333333
"Maldives",2006,0,17.818,8.9313,2.2861,213467,113904,163497,150904,5165.50814108834,0.262
"Maldives",2007,0,18.0724,9.4087,2.2168,217772,118298,171583,153543,5172.24164108834,0.38425
"Maldives",2008,0,27.5861,11.0803,2.1776,222180,122874,180542,156341,5186.05764108834,0.201083333333333
"Maldives",2009,0,31.4501,11.4855,2.1084,226807,127694,189739,159298,5188.89324108834,0.559333333333333
"Maldives",2010,0,30.2802,11.4649,2.0091,231706,132805,199169,162405,5196.72684108834,0.595583333333333
"Maldives",2011,0,31.2878,12.7502,2.0999,236899,138232,208805,165635,5210.25584108834,0.646333333333333
"Maldives",2012,0,28.3301,12.9991,2.5207,242277,143926,218617,168923,5221.24374108834,0.565833333333333
"Maldives",2013,0,32.8138,13.1495,2.5318,247637,149760,228512,172215,5205.59174108834,0.674
"Maldives",2014,0,38.1481,21.8698,3.0226,252679,155568,239142,177596,5234.11964108834,0.748166666666667
"Maldives",2015,0,36.512,25.2097,2.8634,257196,161207,250493,185089,5226.51044108834,1.04716666666667
"Maldives",2016,0,40.4183,27.9102,3.5042,261129,166627,261719,192534,5269.89934108834,1.56325
"Maldives",2017,0,43.8687,31.7095,4.2047,264503,171827,272628,199814,5272.56814108834,1.08308333333333
"Maldives",2018,0,44.9189,33.0559,4.5455,267408,176851,282965,206793,5308.21784108834,0.862333333333333
"Maldives",2019,0,50.3022,34.7811,3.9263,269969,181769,291624,212884,5345.19264108834,1.0735
"Maldives",2020,0,42.8126,35.5689,4.0871,272275,186634,297122,217316,5252.34704108834,1.22383333333333
"Mali",1990,-499.5833,10.3341,117.0517,52.5247,6490895,1974293,4494384,4450642,12288.8366253373,0.85725
"Mali",1991,-499.5833,10.3341,120.5897,53.9252,6597455,2055059,4585961,4538008,12404.0895603891,0.644916666666667
"Mali",1992,-499.5833,12.955,124.751,54.8259,6723429,2144834,4681556,4629016,12388.8427603891,0.2855
"Mali",1993,-499.5833,12.955,77.1091,56.0265,6863325,2242147,4781508,4725002,12461.9980603891,0.93425
"Mali",1994,-499.5833,12.955,77.2502,55.2273,7008606,2344779,4885980,4825817,12611.4576603891,0.16275
"Mali",1995,-499.5833,13.2576,85.0879,55.7281,7153520,2450930,4992990,4928104,12544.6591457261,0.694166666666666
"Mali",1996,-499.5833,13.2576,89.1079,56.7286,7296552,2560258,5101668,5030238,13333.2161457261,1.17416666666667
"Mali",1997,-499.5833,15.6514,94.7633,65.3294,7440503,2673591,5219023,5140279,13845.0584106743,0.819166666666667
"Mali",1998,-499.5833,17.7689,35.7374,54.6302,7583433,2797402,5353275,5267199,18579.4560106743,1.22383333333333
"Mali",1999,-499.5833,19.2812,42.6538,56.331,7715636,2948087,5505559,5411435,18759.5429106743,0.2795
"Mali",2000,-499.5833,20.1238,64.6654,58.3321,7857672,3110018,5670841,5568260,16602.5420106743,0.682333333333333
"Mali",2001,-4746.0417,26.7395,88.4233,60.1329,8009704,3283554,5847171,5736653,11873.41065442,0.77075
"Mali",2002,-4746.0417,18.0918,97.5385,62.0339,8169810,3469119,6034984,5917677,11169.1469106743,1.19616666666667
"Mali",2003,-4746.0417,18.4408,112.1989,62.635,8337868,3667260,6232629,6109536,11502.8644106743,1.14066666666667
"Mali",2004,-4746.0417,19.8195,135.9213,65.836,8513241,3878665,6440171,6311824,13122.3928457261,1.38516666666667
"Mali",2005,-4746.0417,23.8134,161.7458,67.6374,8695429,4103334,6656944,6523607,13438.7112457261,1.3455
"Mali",2006,-4746.0417,27.1331,169.4637,69.7384,8884418,4342646,6880921,6742621,13492.4549642849,0.917083333333333
"Mali",2007,-4746.0417,39.7556,182.0051,72.4398,9078960,4596646,7112186,6968725,13626.1186087037,0.976083333333333
"Mali",2008,-4746.0417,43.6391,178.5041,74.1413,9274295,4863921,7350044,7201073,14433.0125095377,0.5825
"Mali",2009,-4746.0417,50.0525,185.0852,75.4427,9465102,5141495,7593666,7438969,13754.5446002522,1.079
"Mali",2010,-4746.0417,53.3815,179.9181,75.944,9648158,5426927,7844770,7684411,14647.5216002522,1.573
"Mali",2011,-679.4333,58.3642,178.0216,77.2453,9822006,5718983,8102832,7936902,14724.5333002522,1.025
"Mali",2012,-679.4333,59.861,178.2104,77.9466,9988283,6018387,8343041,8171646,14829.9954002522,0.512666666666667
"Mali",2013,-679.4333,57.2219,183.0434,251.048,10150619,6327199,8590210,8413823,15616.4768002522,0.955916666666667
"Mali",2014,-679.4333,71.2656,212.4796,336.0496,10314127,6648719,8866537,8685277,15836.0945002522,0.817
"Mali",2015,-679.4333,83.8134,243.0622,324.0509,10482312,6985593,9149561,8963345,16255.3002002522,0.906166666666667
"Mali",2016,-79.9333,61.949,257.9618,331.0525,10655945,7338892,9445909,9254197,18455.2996002522,1.29075
"Mali",2017,-79.9333,76.3095,305.8376,340.0541,10833712,7708268,9754475,9556879,17928.3409002522,1.23383333333333
"Mali",2018,-79.9333,82.394,348.0742,349.0557,11014386,8093320,10068477,9865821,18346.0826002522,1.06975
"Mali",2019,-79.9333,85.0174,385.0732,472.0567,11196104,8493036,10387581,10179843,19206.9572002522,1.14033333333333
"Mali",2020,-79.9333,92.5314,421.3768,473.058,11377544,8906636,10718339,10505701,20353.3374002522,1.12591666666667
"Malta",1990,-0.1228,72.7125,2.8542,36.8455,35054,329377,180731,184661,2075.67451272466,0.996416666666667
"Malta",1991,-0.1228,63.0915,2.261,37.6053,34928,332600,182388,186281,2074.90291272466,0.051
"Malta",1992,-0.1228,65.5181,2.2277,39.3608,34800,335842,184043,187836,2501.01367313991,0.527166666666667
"Malta",1993,-0.1228,76.6952,3.6529,41.2469,34674,339110,185755,189487,2524.83727313991,0.6135
"Malta",1994,-0.1228,82.1072,18.4041,44.374,34552,342454,187494,191070,2141.40961272466,1.44066666666667
"Malta",1995,-0.1228,75.3589,40.2579,49.2791,34434,345871,189277,192571,2159.39021272466,0.544666666666667
"Malta",1996,-0.1228,77.2307,44.2582,59.4375,33841,349869,191075,194195,2152.69631272466,0.59225
"Malta",1997,-0.1228,76.348,47.8155,69.8819,32943,354241,192935,195904,1990.10058436712,1.00175
"Malta",1998,-0.1228,81.7046,40.2442,75.5669,32056,358549,194845,197637,1977.84078436712,0.74275
"Malta",1999,-0.1228,84.0116,43.1105,87.1011,31169,362636,196686,199297,1993.27958436712,1.39816666666667
"Malta",2000,-0.1228,78.981,42.9039,91.3959,30274,366394,198331,200881,1978.33898436712,1.14566666666667
"Malta",2001,-0.4495,89.7611,66.5102,107.9618,29376,369779,199768,202384,1971.51131829326,1.42908333333333
"Malta",2002,-0.4495,88.6289,67.5113,123.7743,28474,372829,201018,203681,1978.20461829326,1.09916666666667
"Malta",2003,-0.4495,94.9478,74.5411,133.5971,27580,375631,202077,204843,2022.35061829326,1.35591666666667
"Malta",2004,-0.4495,91.567,76.4911,153.3947,26703,378304,202947,205851,2054.36791829326,0.809
"Malta",2005,-0.4495,91.9245,67.571,174.7229,25851,380936,203565,206643,2060.83093489582,0.52875
"Malta",2006,-0.4495,99.4331,101.684,197.2021,25398,383165,203951,207246,2158.28680244967,1.14325
"Malta",2007,-0.4495,99.6434,102.0979,207.6095,25207,385117,204314,207767,2180.75270244967,1.26725
"Malta",2008,-0.4495,99.1335,106.0971,216.7143,25019,387109,204975,208427,2227.29620244967,1.32825
"Malta",2009,-0.4495,79.0684,114.7856,225.3217,24840,389205,206118,209382,2236.21898774431,1.19216666666667
"Malta",2010,-0.4495,80.2515,146.7581,243.2524,24669,391441,208000,210755,2305.42138774431,1.1425
"Malta",2011,-0.3049,78.5314,151.4709,264.7462,24510,393857,210829,212742,2326.23248774431,1.0145
"Malta",2012,-0.3049,82.9021,180.7314,330.0396,24360,396429,214585,215322,2443.56144502978,1.40675
"Malta",2013,-0.3049,75.9307,175.2369,348.5135,24213,399033,219148,218377,2444.34234502978,1.3385
"Malta",2014,-0.3049,73.8468,186.1963,362.0543,24058,401512,224512,221929,2473.85944502978,1.56666666666667
"Malta",2015,-0.3049,77.5848,192.3779,376.6385,23888,403728,230659,225920,2499.36494502978,1.3635
"Malta",2016,-4.5348,78.0354,194.4435,395.9098,23701,405661,237468,230237,2536.54783009645,1.74591666666667
"Malta",2017,-4.5348,66.617,173.5266,412.835,23498,407337,244709,234787,2515.36843009645,1.10816666666667
"Malta",2018,-4.5348,64.7489,150.6862,397.5922,23280,408809,252149,239438,2394.7062797014,1.5845
"Malta",2019,-4.5348,67.6762,139.7087,375.5771,23057,410188,259634,244000,2375.2855797014,1.3825
"Malta",2020,-4.5348,67.8461,128.1824,426.6493,22830,411533,266911,248447,2412.5405797014,1.61641666666667
"Marshall Islands",1991,0,NA,366.582194140295,0,16776,31699,24114,22939,8898.02849018478,0.0774166666666667
"Marshall Islands",1992,0,2.1841,2.3835,0,16923,32455,24607,23409,6824.33570572428,0.196666666666667
"Marshall Islands",1993,0,2.1262,2.4243,0,16985,33063,25085,23860,6824.61990572428,-0.00075
"Marshall Islands",1994,0,2.2077,2.4832,0,16995,33580,25549,24291,6824.81210572428,0.213583333333333
"Marshall Islands",1995,0,2.2211,2.6029,0,16974,34041,25995,24706,6825.01680572428,0.006
"Marshall Islands",1996,0,2.4067,2.6766,0,16933,34468,26429,25109,6825.28770572428,0.0725833333333333
"Marshall Islands",1997,0,2.4419,2.9337,0,16859,34833,26854,25504,6825.58740572428,0.00924999999999999
"Marshall Islands",1998,0,2.5695,3.0906,0,16766,35159,27273,25892,6215.61796864452,0.0114166666666667
"Marshall Islands",1999,0,2.6718,3.1686,0,16637,35442,27617,26216,6826.12580572428,-0.274333333333333
"Marshall Islands",2000,0,2.9013,3.1269,0,16388,35771,27814,26410,6825.80700572428,-0.13925
"Marshall Islands",2001,0,3.1042,3.2199,0,16124,36059,27906,26508,6826.25270572428,0.190416666666667
"Marshall Islands",2002,0,3.4005,3.6557,0,15847,36311,27945,26552,6846.82897308797,0.30625
"Marshall Islands",2003,0,3.4661,3.6158,0,15567,36549,27939,26555,6847.19337308797,0.312083333333333
"Marshall Islands",2004,0,3.5778,3.7625,0,15290,36784,27902,26534,6848.13677308797,0.443833333333333
"Marshall Islands",2005,0,3.4737,3.9023,0,15024,37031,27843,26494,6848.19677308797,0.348416666666667
"Marshall Islands",2006,0,3.3713,3.4997,0,14772,37306,27769,26439,6849.73977308797,0.282833333333333
"Marshall Islands",2007,0,3.2571,3.5634,0,14533,37604,27678,26360,6853.23397308797,0.216583333333333
"Marshall Islands",2008,0,2.8896,3.4111,0,14301,37917,27555,26261,6852.71877308797,-0.0975833333333333
"Marshall Islands",2009,0,2.9754,3.4266,0,14078,38242,27431,26162,6852.46987308797,0.249
"Marshall Islands",2010,0,2.7909,1.7598,0,13857,38568,27355,26061,6219.47536864452,0.326583333333333
"Marshall Islands",2011,0,2.6756,1.9303,0,13641,38901,27143,25828,6220.67196864452,0.163166666666667
"Marshall Islands",2012,0,1.6682,2.9555,0,13430,39233,26746,25456,6220.60016864452,0.583833333333333
"Marshall Islands",2013,0,2.0945,2.6597,0,13227,39566,26308,25045,6220.31836864452,0.52275
"Marshall Islands",2014,0,2.2017,2.3899,0,13021,39877,25823,24596,6219.93176864452,0.58125
"Marshall Islands",2015,0,2.3191,2.3986,0,12819,40175,25299,24111,6220.66606864452,0.475666666666667
"Marshall Islands",2016,0,2.4031,2.201,0,12615,40451,24738,23591,6220.14936864452,0.736166666666667
"Marshall Islands",2017,0,2.3933,2.171,0,12413,40714,24146,23040,6220.56746864452,0.573833333333333
"Marshall Islands",2018,0,2.3133,1.88,0,12212,40955,23529,22460,6220.20356864452,0.380583333333333
"Marshall Islands",2019,0,2.1622,1.8263,0,12016,41195,22874,21855,6220.15046864452,0.567666666666667
"Marshall Islands",2020,0,2.1821,1.8263,0,11825,41426,22190,21224,6219.53126864452,0.64325
"Martinique",1990,-59.4,NA,51.9336730033915,NA,49167,309282,181506,192765,4117.25649656125,0.376166666666667
"Martinique",1991,-59.4,NA,51.9336730033915,NA,47868,313032,184555,196406,4118.41629656125,0.413833333333333
"Martinique",1992,-59.4,NA,51.9336730033915,NA,46515,316240,187807,200439,4122.24549656125,0.465416666666667
"Martinique",1993,-59.4,NA,51.9336730033915,NA,45167,319210,191047,204511,4120.42999656125,0.525666666666667
"Martinique",1994,-59.4,NA,51.9336730033915,NA,43877,322371,194238,208550,4121.08659656125,0.527416666666667
"Martinique",1995,-59.4,NA,51.9336730033915,NA,42688,326044,197386,212555,4120.16669656125,0.7235
"Martinique",1996,-59.4,NA,51.9336730033915,NA,41598,330320,200498,216547,4119.86369656125,0.3495
"Martinique",1997,-59.4,NA,67.9106051493666,NA,40591,335063,203596,220542,4145.87292870722,0.678416666666667
"Martinique",1998,-59.4,NA,67.9106051493666,NA,39625,340038,206351,223948,4142.04872870722,1.01666666666667
"Martinique",1999,-59.4,NA,67.9106051493666,NA,39175,344372,207993,225428,4146.42432870722,0.406666666666667
"Martinique",2000,-59.4,NA,67.9106051493666,NA,39811,347193,207390,225154,4145.35442870722,0.231416666666667
"Martinique",2001,-102.3,NA,81.547010659913,NA,40402,349571,205079,224238,4123.27933421777,0.602166666666667
"Martinique",2002,-102.3,NA,152.33768459646,NA,40952,351533,202441,223018,4188.32632838528,0.642083333333333
"Martinique",2003,-102.3,NA,161.124920311788,NA,41456,353052,198546,220593,4196.28706410061,0.8118
"Martinique",2004,-102.3,NA,67.9106051493666,NA,41912,354112,193305,216830,4099.35242870722,0.48975
"Martinique",2005,-102.3,NA,67.9106051493666,NA,42318,354729,187717,212653,4097.23782870722,0.85275
"Martinique",2006,-102.3,NA,67.9106051493666,NA,42675,354890,184659,210892,4101.27972870722,0.751333333333333
"Martinique",2007,-102.3,NA,167.675713284142,NA,42943,354634,184201,211619,4203.65965707296,0.80925
"Martinique",2008,-102.3,NA,170.368031242006,NA,43125,353982,183515,211959,4210.84107503083,0.364833333333333
"Martinique",2009,-102.3,NA,175.745314109559,NA,43224,352980,182511,211703,4218.87105789838,0.626416666666667
"Martinique",2010,-102.3,NA,167.675713284142,NA,43244,351666,181247,210934,4206.21905707296,1.16358333333333
"Martinique",2011,-132,NA,167.675713284142,NA,43183,350026,179850,209769,4173.83965707296,0.580583333333333
"Martinique",2012,-132,NA,175.745314109559,NA,43048,348116,178609,208376,4184.06655789838,0.718083333333333
"Martinique",2013,-132,NA,175.745314109559,NA,42869,346181,177763,206964,4186.03445789838,0.7205
"Martinique",2014,-132,NA,175.745314109559,NA,42683,344521,177781,206608,4187.89595789838,0.644916666666667
"Martinique",2015,-132,NA,175.745314109559,NA,42516,343326,177340,206174,4189.97035789838,0.962583333333333
"Martinique",2016,-132,NA,175.745314109559,NA,42382,342721,175749,204596,4192.53525789838,1.01841666666667
"Martinique",2017,-132,NA,175.745314109559,NA,42271,342625,174278,203174,4193.03215789838,0.778333333333333
"Martinique",2018,-132,NA,460.082623963473,NA,42167,342898,172942,201898,4477.55316852107,0.506833333333333
"Martinique",2019,-132,NA,491.220404689761,NA,42038,343282,171618,200626,4509.35784924735,0.85575
"Martinique",2020,-132,NA,491.220404689761,NA,41862,343595,170663,199727,9617.48453290179,0.97525
"Mauritania",1990,-216.0099,29.7411,30.46,7.1759,1231833,798307,1002426,1003601,3689.34341099805,1.27791666666667
"Mauritania",1991,-216.0099,31.8968,31.6527,7.9861,1267824,817378,1032847,1033456,3771.02621099805,1.02391666666667
"Mauritania",1992,-216.0099,34.2081,32.8083,10.7063,1304671,836774,1073798,1073729,3694.53951890013,0.858833333333333
"Mauritania",1993,-216.0099,36.3613,21.273,11.1064,1342930,856861,1118955,1118110,3798.6458367994,0.881583333333333
"Mauritania",1994,-216.0099,38.5467,24.4482,10.9066,1383332,878071,1158411,1156780,3765.3297367994,0.7625
"Mauritania",1995,-216.0099,43.0014,30.1643,11.1068,1426372,900703,1191341,1189000,3776.29383789529,1.193
"Mauritania",1996,-216.0099,50.8687,8.6899,11.3288,1472336,924909,1215895,1212922,4063.42482860974,1.60358333333333
"Mauritania",1997,-216.0099,51.4698,8.6724,11.389,1521035,950563,1243899,1240380,4137.39162860974,1.2905
"Mauritania",1998,-216.0099,41.0142,9.108,11.6804,1571935,977288,1277216,1273286,4271.07203789529,1.7485
"Mauritania",1999,-216.0099,56.1101,9.8063,12.7943,1624230,1004573,1312467,1308144,4420.37132860974,0.54725
"Mauritania",2000,-216.0099,53.4733,8.8631,9.3748,1677325,1032034,1349905,1345099,4687.64832860974,1.23491666666667
"Mauritania",2001,-235.5704,51.7267,10.4291,9.995,1713052,1077677,1381929,1379893,4559.91402860974,1.52383333333333
"Mauritania",2002,-235.5704,63.6188,13.5827,11.0083,1738864,1134364,1409021,1412682,4432.93982860974,1.27508333333333
"Mauritania",2003,-235.5704,69.4355,15.3663,10.0426,1763883,1193234,1437131,1446195,4500.38432860974,1.2915
"Mauritania",2004,-235.5704,78.8758,17.9508,13.0432,1788286,1254537,1466045,1480531,4623.93542860974,1.49016666666667
"Mauritania",2005,-235.5704,86.8642,21.3571,13.9111,1812352,1318368,1496264,1516097,4632.74743118364,1.51708333333333
"Mauritania",2006,-235.5704,90.818,22.2517,14.8082,1835828,1384825,1528137,1553092,4750.15943118364,1.23725
"Mauritania",2007,-235.5704,90.1703,23.5286,16.6761,1858724,1453941,1561878,1591630,4976.67122860974,1.09525
"Mauritania",2008,-235.5704,100.925,27.6423,17.3761,1881382,1526159,1597439,1635897,4500.17732860974,1.30225
"Mauritania",2009,-235.5704,135.2096,27.4608,18.4657,1904408,1601880,1635726,1686890,4724.41302860974,1.15816666666667
"Mauritania",2010,-235.5704,82.8787,29.4029,19.2941,1927922,1681621,1677917,1741544,5008.05902860974,1.98158333333333
"Mauritania",2011,-258.6668,140.1906,28.4591,20.5373,1952048,1765624,1724301,1799948,4957.13462860974,1.49758333333333
"Mauritania",2012,-258.6668,142.9096,31.1746,21.4097,1976397,1853842,1774489,1861624,5124.48590701948,0.927416666666667
"Mauritania",2013,-258.6668,164.4436,33.7918,22.5319,2000466,1945704,1825021,1917938,5329.10682971734,1.68533333333333
"Mauritania",2014,-258.6668,161.3209,35.915,24.2747,2023713,2040207,1875031,1968143,5329.74665101767,1.42883333333333
"Mauritania",2015,-258.6668,168.898,41.7572,24.237,2045642,2136699,1926486,2019734,5557.19693063136,1.62983333333333
"Mauritania",2016,-1750.9668,181.8639,40.9123,24.4118,2066106,2234912,1979261,2072630,4131.9101922403,1.88408333333333
"Mauritania",2017,-1750.9668,189.8658,46.2617,26.1839,2085278,2334906,2033282,2126733,4382.69723266981,1.953
"Mauritania",2018,-1750.9668,183.1241,51.0414,27.0588,2103324,2436744,2088602,2182110,4350.62307011534,1.21883333333333
"Mauritania",2019,-1750.9668,164.2059,57.0497,28.2579,2120517,2540632,2145130,2238719,4594.48617840235,1.44458333333333
"Mauritania",2020,-1750.9668,183.0496,61.5061,29.3382,2137053,2646714,2202418,2296186,4629.16271974589,1.9465
"Mauritius",1990,-22.9373,22.045,7.7469,155.3408,592342,463526,549853,540437,5793.36521566741,0.230583333333333
"Mauritius",1991,-22.9373,24.9913,7.876,161.6495,600712,467727,556664,547595,5815.69523339617,0.459666666666667
"Mauritius",1992,-22.9373,27.4668,8.1066,164.1976,610210,472746,563403,555311,5835.54123866741,0.0935
"Mauritius",1993,-22.9373,28.7558,4.6877,168.7778,620372,478220,570171,563081,5942.85754461046,0.229583333333333
"Mauritius",1994,-22.9373,31.5974,5.33,170.6702,630521,483616,576590,570572,6060.39609693831,0.46625
"Mauritius",1995,-22.9373,33.9656,16.3975,165.417,640136,488537,582543,577664,6082.93759693831,0.364666666666667
"Mauritius",1996,-22.9373,36.1997,21.9233,174.0631,649070,492878,588104,584438,6124.50859693831,0.0568333333333333
"Mauritius",1997,-22.9373,37.4637,30.4986,179.8342,657416,496724,593345,590912,6144.09479693831,0.620666666666667
"Mauritius",1998,-22.9373,41.5223,40.0277,183.4146,665193,500090,598053,596827,6544.9144385142,0.7005
"Mauritius",1999,-22.9373,48.1633,59.9133,186.1194,672510,503064,602736,602678,6192.13906743831,0.252
"Mauritius",2000,-22.9373,52.904,74.3531,207.3065,679440,505705,607396,608534,6232.66604443831,0.169666666666667
"Mauritius",2001,-9.8534,55.5284,121.8974,80.4578,685803,508114,611605,613668,7432.02831182923,0.508083333333333
"Mauritius",2002,-9.8534,56.5984,85.5917,100.6397,691683,510129,615657,618315,7402.87271182923,0.460583333333333
"Mauritius",2003,-9.8534,59.9544,54.0712,109.0189,697168,511826,619537,622803,7390.38001182923,0.646083333333333
"Mauritius",2004,-9.8534,60.716,51.5285,111.1372,702381,513296,623247,627133,7401.54861182923,0.293166666666667
"Mauritius",2005,-9.8534,65.6371,12.0779,119.3403,707398,514605,626746,631302,7361.63828882922,0.365083333333333
"Mauritius",2006,-9.8534,71.8015,53.6836,121.194,712296,515802,629741,635025,8027.86229397601,0.349083333333333
"Mauritius",2007,-9.8534,75.0487,454.1509,124.9438,717043,516868,632232,638352,7835.73660695422,0.505833333333333
"Mauritius",2008,-9.8534,74.8124,538.6115,130.0626,721553,517740,634311,641372,7960.10292995422,0.3395
"Mauritius",2009,-9.8534,77.0093,581.0858,127.387,725690,518334,635924,643943,8006.33392995422,0.797
"Mauritius",2010,-9.8534,82.6285,628.8583,129.4113,729371,518584,637215,646115,8075.72292995423,1.0305
"Mauritius",2011,0.2809,82.8481,671.2618,136.6442,732554,518469,638288,647947,6897.15268556331,0.901
"Mauritius",2012,0.2809,85.6803,714.9256,139.6771,735323,518048,639215,649530,6952.64618556331,0.707083333333333
"Mauritius",2013,0.2809,88.755,759.0991,142.9071,737839,517451,639865,650826,7008.15118556331,0.7875
"Mauritius",2014,0.2809,93.1218,820.8973,146.7552,740367,516852,640228,651885,7105.9754191252,0.917916666666667
"Mauritius",2015,0.2809,93.361,849.9777,149.3796,743079,516377,640400,652753,7113.92431385395,1.18058333333333
"Mauritius",2016,-27.717,95.0823,884.3424,152.7011,745793,516339,640423,653487,7134.56871385395,1.03791666666667
"Mauritius",2017,-27.717,98.4682,986.3967,156.6255,748440,516698,640470,654271,7244.11741385395,1.32775
"Mauritius",2018,-27.717,99.3217,1012.8022,159.9499,750928,517387,640438,654943,7281.13051385395,1.08625
"Mauritius",2019,-27.717,99.3069,1067.4054,162.7743,753079,518289,640524,655755,7474.44533119878,1.46525
"Mauritius",2020,-27.717,100.5423,1102.6093,166.0987,754784,519330,640871,656956,7799.1275766609,1.06408333333333
"Mayotte",1990,-2.2774,0.2681,37.8386307227124,NA,60608,34176,46093,46566,7407.85193624282,0.2686
"Mayotte",1991,-2.2774,0.2681,37.8386307227124,NA,63422,36744,48990,49441,7318.82506427294,0.30525
"Mayotte",1992,-2.2774,0.322,37.8386307227124,NA,65810,40017,52060,52493,7320.61366427294,0.2385
"Mayotte",1993,-2.2774,0.322,37.8386307227124,NA,68087,43556,55313,55728,7320.86286427294,0.358416666666667
"Mayotte",1994,-2.2774,0.3756,37.8386307227124,NA,70207,47255,58730,59125,7321.07266427294,0.588
"Mayotte",1995,-2.2774,0.3756,37.8386307227124,NA,72113,51068,62288,62654,7321.25076427294,0.460083333333333
"Mayotte",1996,-2.2774,0.4292,37.8386307227124,NA,73780,54978,65924,66267,7227.74408106008,0.067
"Mayotte",1997,-2.2774,0.4292,37.8386307227124,NA,75235,58981,69490,69819,7228.14088106008,0.504416666666667
"Mayotte",1998,-2.2774,0.4828,37.8386307227124,NA,76488,63091,72883,73198,7228.77518106008,0.847166666666667
"Mayotte",1999,-2.2774,0.4828,37.8386307227124,NA,77597,67343,76173,76469,7229.61848106008,0.201083333333333
"Mayotte",2000,-2.2774,0.5364,37.8386307227124,NA,78577,71754,79472,79743,7323.84126427294,0.198166666666667
"Mayotte",2001,-1.9419,0.5364,37.8386307227124,NA,79437,76317,82733,82980,7284.57916427294,0.304636363636364
"Mayotte",2002,-1.9419,0.5901,37.8386307227124,NA,80169,81036,85972,86199,7284.75066427294,0.6695
"Mayotte",2003,-1.9419,0.6973,37.8386307227124,NA,82816,83905,89300,89504,7285.28706427294,0.344
"Mayotte",2004,-1.9419,0.7509,37.8386307227124,NA,85688,86651,91441,92309,7286.10556427294,0.194583333333333
"Mayotte",2005,-1.9419,0.7509,37.8386307227124,NA,88636,89462,92452,94690,7288.32366427294,0.369333333333333
"Mayotte",2006,-1.9419,0.6437,37.8386307227124,NA,91676,92355,93644,97267,7289.20376427294,0.183583333333333
"Mayotte",2007,-1.9419,0.901,44.3894236950661,NA,94788,95310,95551,100058,6609.3776933596,0.60025
"Mayotte",2008,-1.9419,0.971,44.3894236950661,NA,98570,97709,98016,102969,6610.5102933596,0.401916666666667
"Mayotte",2009,-1.9419,1.0836,44.3894236950661,NA,102532,99971,100445,105894,6611.3622933596,0.75825
"Mayotte",2010,-1.9419,1.2873,44.3894236950661,NA,106542,102176,102929,108856,6611.4495933596,0.882833333333333
"Mayotte",2011,-2.1395,1.0191,44.3894236950661,NA,110597,104326,105507,111874,7281.99365724529,0.73775
"Mayotte",2012,-2.1395,1.0581,44.3894236950661,NA,114701,106421,108480,115093,6595.5822933596,0.590416666666667
"Mayotte",2013,-2.1395,1.0972,44.3894236950661,NA,118870,108481,111972,119007,6596.7933933596,0.477833333333333
"Mayotte",2014,-2.1395,1.1362,44.3894236950661,NA,123044,110594,115832,123882,6598.1863933596,0.714083333333333
"Mayotte",2015,-2.1395,1.1752,44.3894236950661,NA,127237,112783,120070,129475,6598.8061933596,0.953416666666667
"Mayotte",2016,2.1436,1.2142,44.3894236950661,NA,131439,115050,124696,135587,6537.42870772016,0.787166666666667
"Mayotte",2017,2.1436,1.2533,44.3894236950661,NA,135644,117401,129608,141957,6537.78320772016,1.01516666666667
"Mayotte",2018,2.1436,1.2923,44.3894236950661,NA,139845,119837,134631,148323,6538.13760772016,0.864083333333333
"Mayotte",2019,2.1436,1.3313,44.3894236950661,NA,144023,122357,139735,154754,6538.49210772016,1.37516666666667
"Mayotte",2020,2.1436,1.3703,44.3894236950661,NA,148158,124952,144766,160821,6538.84620772016,1.10891666666667
"Mexico",1990,-3.3311,15386.6905,2500.3202,24118.0307,24396091,60961783,40210868,41509560,163466.5646,0.393083333333333
"Mexico",1991,-3.3311,15804.0019,3025.2838,24518.509,24540635,62530877,40987927,42363669,165224.7301,0.268666666666667
"Mexico",1992,-3.3311,16845.7982,2818.6644,26682.9916,24686090,64142220,41768175,43224989,167045.4749,0.123583333333333
"Mexico",1993,-3.3311,17428.4402,2805.876,29983.2981,24825966,65774487,42556060,44092387,171130.8648,0.330833333333333
"Mexico",1994,-3.3311,18663.1751,3114.249,38380.8587,24948375,67400772,43350041,44964382,181275.5584,0.744166666666667
"Mexico",1995,-3.3311,18263.7537,2936.9089,45712.191,25046599,68998980,44138340,45831232,185390.7951,0.758583333333333
"Mexico",1996,-3.3311,18186.2719,2966.4908,50627.0495,25194471,70492981,44906205,46680349,191583.871,0.568083333333333
"Mexico",1997,-3.3311,18406.7544,3162.2795,57264.673,25362769,71918970,45665366,47517728,201331.8064,0.3865
"Mexico",1998,-3.3311,19571.3441,2818.1205,58013.3967,25510018,73311438,46420593,48346692,219389.9224,0.832833333333333
"Mexico",1999,-3.3311,18155.941,2907.1652,62472.4335,25635525,74665054,47168279,49166531,213990.7561,0.582333333333333
"Mexico",2000,-3.3311,20002.5965,3416.1112,64571.6708,25712262,76007411,47900060,49973382,219340.5336,0.65775
"Mexico",2001,-81516.8873,19902.1,3692.8921,64348.7391,25720596,77346472,48635540,50758748,123504.5792,0.563083333333333
"Mexico",2002,-81516.8873,20059.5653,3962.6108,68648.5808,25708164,78647444,49386357,51530724,130078.153,0.72075
"Mexico",2003,-81516.8873,20552.2534,3834.3436,73889.6325,25689517,79950936,50132595,52296746,141778.4771,0.871083333333333
"Mexico",2004,-81516.8873,19931.8146,4267.3214,79460.9986,25682103,81313480,50881240,53064573,141323.9691,0.387416666666667
"Mexico",2005,-81516.8873,19713.2971,4608.0337,87757.0088,25698905,82773323,51619299,53823103,154898.9686,0.862666666666667
"Mexico",2006,-81516.8873,19446.7414,4747.48,95630.0435,25744268,84348110,52329698,54557092,164261.602,0.865666666666667
"Mexico",2007,-81516.8873,19797.1362,3466.2135,101171.6936,25812028,86024318,53024314,55278659,178120.2663,0.59175
"Mexico",2008,-81516.8873,19653.8972,3831.7626,106590.3446,25890431,87771378,53699298,55985191,188381.5655,0.544166666666667
"Mexico",2009,-81516.8873,19703.7067,4428.5784,114026.6483,25966026,89539202,54363696,56685733,198082.3914,0.97625
"Mexico",2010,-81516.8873,19870.623,4915.03,130188.7317,26026826,91292115,55086407,57445993,209418.4599,0.328666666666667
"Mexico",2011,-392.3876,19911.2396,5198.9901,119766.0767,26068110,93021907,55882073,58268408,286821.1885,0.991666666666667
"Mexico",2012,-392.3876,20342.5427,5590.5674,122043.8494,26092527,94735780,56674115,59081795,287378.5457,1.08391666666667
"Mexico",2013,-392.3876,19346.3138,5965.286,123081.9895,26100980,96434989,57427865,59862821,291167.462,0.737166666666667
"Mexico",2014,-392.3876,19332.8003,6215.9542,127090.1796,26095704,98125896,58145362,60610526,291939.0351,0.946916666666667
"Mexico",2015,-392.3876,19328.7544,6660.5663,127578.906,26078248,99812701,58824776,61325120,296089.515,1.18658333333333
"Mexico",2016,-373.6163,19472.2234,6887.0768,133143.3771,26048191,101492232,59489629,62029592,306746.5197,1.3705
"Mexico",2017,-373.6163,19651.2,7172.8071,136380.3726,26004525,103158751,60126616,62712641,310177.5142,1.5345
"Mexico",2018,-373.6163,18408.6147,7482.437,138124.0636,25947576,104811498,60685164,63328698,305945.829,1.21941666666667
"Mexico",2019,-373.6163,18187.8783,7688.3172,138961.6346,25877808,106450227,61187228,63898082,307483.853,1.43141666666667
"Mexico",2020,-373.6163,17116.737,7760.9019,147262.7102,25795617,108074410,61587451,64410851,305135.6951,1.66216666666667
"Micronesia (Federated States of)",1991,-381.1104,NA,366.582194140295,0,73357,25442,50917,49510,9489.93487464949,-0.0561666666666667
"Micronesia (Federated States of)",1992,-381.1104,3.513,4.0088,0,75364,26049,52223,50670,6829.87651645137,0.0718333333333333
"Micronesia (Federated States of)",1993,-381.1104,3.4177,4.0055,0,77306,26628,53918,52112,6830.86861645137,-0.167416666666667
"Micronesia (Federated States of)",1994,-381.1104,3.4747,3.9318,0,78955,27102,55407,53436,6830.72981645137,0.0836666666666667
"Micronesia (Federated States of)",1995,-381.1104,3.4964,3.6439,0,80594,26962,56122,54206,5398.49867520147,0.0293333333333333
"Micronesia (Federated States of)",1996,-381.1104,3.7196,4.0688,0,81829,26515,56257,54529,5400.03167520147,0.077
"Micronesia (Federated States of)",1997,-381.1104,3.7749,4.1072,0,82582,25920,56325,54809,5401.31917520147,0.00791666666666667
"Micronesia (Federated States of)",1998,-381.1104,3.9766,4.3497,0,83003,25235,56334,55072,5411.19747520147,0.200583333333333
"Micronesia (Federated States of)",1999,-381.1104,4.0622,4.515,0,83289,24527,56279,55261,5408.85264570147,-0.0491666666666667
"Micronesia (Federated States of)",2000,-381.1104,4.0089,4.8244,0,83442,23990,56309,55399,5404.64644570147,-0.0775833333333333
"Micronesia (Federated States of)",2001,-381.3951,3.9364,4.9298,0,83235,23930,56446,55503,5401.71204570147,0.1025
"Micronesia (Federated States of)",2002,-381.3951,4.5395,5.5546,0,83094,23889,56495,55496,5398.78824570147,0.0459166666666667
"Micronesia (Federated States of)",2003,-381.3951,4.4108,5.2203,0,82964,23852,56421,55384,5400.13494570147,0.0734166666666667
"Micronesia (Federated States of)",2004,-381.3951,4.1348,4.8684,0,82778,23799,56246,55191,5396.43364570147,0.135833333333333
"Micronesia (Federated States of)",2005,-381.3951,3.0942,3.6789,0,82482,23714,55995,54944,5391.80244570147,0.138833333333333
"Micronesia (Federated States of)",2006,-381.3951,2.6857,3.5464,0,82091,23593,55656,54645,5392.24674570147,0.163
"Micronesia (Federated States of)",2007,-381.3951,2.8049,2.9291,0,81627,23451,55253,54279,5395.80304570147,0.109333333333333
"Micronesia (Federated States of)",2008,-381.3951,2.8246,2.5938,0,81168,23310,54828,53877,5392.21884570147,-0.138916666666667
"Micronesia (Federated States of)",2009,-381.3951,3.0244,2.9764,0,80772,23188,54393,53474,5399.30514570147,0.04075
"Micronesia (Federated States of)",2010,-381.3951,2.7102,2.8137,0,80511,23105,54246,53341,5392.39574570147,0.225
"Micronesia (Federated States of)",2011,-29.3118,2.1003,2.0684,0,80390,23078,54398,53489,4459.69001123707,0.117
"Micronesia (Federated States of)",2012,-29.3118,2.2168,2.0912,0,80397,23106,54568,53664,4461.55191123707,0.512833333333333
"Micronesia (Federated States of)",2013,-29.3118,2.3033,1.9658,0,80519,23183,54755,53855,4463.61291123707,0.603083333333333
"Micronesia (Federated States of)",2014,-29.3118,2.2006,1.6349,0,80716,23299,54957,54067,4462.96461123707,0.414583333333333
"Micronesia (Federated States of)",2015,-29.3118,1.8177,1.4421,0,80981,23452,55166,54295,4463.24781123707,0.486083333333333
"Micronesia (Federated States of)",2016,-34.9327,1.8426,1.4407,0,81299,23638,55388,54538,4457.76241123707,0.86475
"Micronesia (Federated States of)",2017,-34.9327,1.8064,1.421,0,81683,23861,55630,54800,4458.08111123707,0.895166666666667
"Micronesia (Federated States of)",2018,-34.9327,1.7806,1.3528,0,82110,24117,55865,55063,4458.42841123707,0.731166666666667
"Micronesia (Federated States of)",2019,-34.9327,1.7478,1.3169,0,82578,24405,56072,55307,4459.32281123707,0.469666666666667
"Micronesia (Federated States of)",2020,-34.9327,1.7823,1.3151,0,83058,24716,56413,55694,4459.73311123707,0.8465
"Monaco",1990,0,0.0082,0.0222,32.6932,0,29439,14435,15894,13617.3141484549,1.02675
"Monaco",1991,0,9e-04,0.0713,32.5885,0,29624,14577,15987,13204.3342742721,0.223833333333333
"Monaco",1992,0,0.0054,0.0385,33.5705,0,29863,14722,16073,13618.3199484548,0.757166666666667
"Monaco",1993,0,0.0118,0.0461,34.7454,0,30138,14864,16160,13619.5470484548,0.493333333333333
"Monaco",1994,0,0.0122,0.0959,33.6051,0,30427,15002,16252,13651.3723680549,1.346
"Monaco",1995,0,0.0133,0.1742,31.7975,0,30691,15140,16341,13649.7066680548,0.577666666666667
"Monaco",1996,0,0.0142,0.2674,32.7645,0,30967,15284,16436,13689.0575850548,0.227333333333333
"Monaco",1997,0,0.0028,0.3517,33.4474,0,31251,15436,16532,13651.6320680548,1.29683333333333
"Monaco",1998,0,0.0031,0.5041,28.7215,0,31523,15595,16615,13647.1124680548,0.822416666666667
"Monaco",1999,0,0.0031,0.6972,27.5944,0,31800,15727,16666,13646.2304680549,0.951083333333333
"Monaco",2000,0,0.005,0.9256,28.4902,0,32082,15791,16674,13647.4014680548,1.30425
"Monaco",2001,0,0.0053,1.1376,28.3353,0,32360,15791,16652,13647.5080680548,1.10741666666667
"Monaco",2002,0,0.0056,1.3696,28.3256,0,32629,15768,16617,13647.7802680548,1.14125
"Monaco",2003,0,0.006,1.589,28.5534,0,32933,15741,16576,13648.2824680549,1.61408333333333
"Monaco",2004,0,0.0106,1.7751,28.4413,0,33314,15705,16532,13648.4120680549,0.87825
"Monaco",2005,0,0.0363,1.888,28.2554,0,33793,15662,16479,13648.4090680549,0.565583333333333
"Monaco",2006,0,0.039,2.1206,28.502,0,34408,15604,16407,13648.9345680549,1.48575
"Monaco",2007,0,0.0386,2.3275,29.6605,0,35111,15518,16305,13650.3481680549,1.51666666666667
"Monaco",2008,0,0.0447,2.4363,29.4292,0,35853,15542,16320,13650.2745680549,1.03533333333333
"Monaco",2009,0,0.0478,2.4884,28.101,0,36534,15813,16589,13649.0276680548,1.46683333333333
"Monaco",2010,0,0.0578,2.5885,30.566,0,37094,16207,16971,13689.8608850548,0.359333333333333
"Monaco",2011,0,0.0744,2.6733,32.0111,0,37497,16604,17341,13653.2115680548,1.65341666666667
"Monaco",2012,0,0.0811,2.7414,30.3654,0,37783,16997,17703,13651.6720680548,1.26675
"Monaco",2013,0,0.0689,2.6007,32.8318,0,37971,17370,18055,13654.0148680548,0.847583333333333
"Monaco",2014,0,0.0671,2.6335,31.2267,0,38132,17716,18393,13652.4741680549,1.8305
"Monaco",2015,0,0.0571,2.6166,31.9265,0,38307,18043,18718,13653.1732680548,1.99225
"Monaco",2016,0,0.0566,2.4366,32.4219,0,38499,18187,18884,13653.5103680548,1.7235
"Monaco",2017,0,0.0449,2.3877,30.4894,0,38695,18159,18886,13651.5362680548,1.73433333333333
"Monaco",2018,0,0.0433,2.3263,33.6072,0,38897,18142,18887,13654.6134680548,2.12775
"Monaco",2019,0,0.0383,2.1493,32.7764,0,39102,18145,18890,13653.6138680549,2.00275
"Monaco",2020,0,0.0321,2.0515,27.3455,0,39297,18095,18827,13648.0916680549,2.02066666666667
"Mongolia",1990,-64.002,140.077,149.1072,159.1744,938471,1245674,1075781,1085652,31698.0772518381,1.43208333333333
"Mongolia",1991,-64.002,229.4249,293.4919,105.177,953989,1263929,1094697,1105380,32295.7578479998,0.867333333333333
"Mongolia",1992,-64.002,226.3161,241.2889,74.7791,966014,1277488,1112467,1124026,32172.9418789338,0.871083333333333
"Mongolia",1993,-64.002,236.6985,229.4445,50.0807,975523,1287677,1128931,1141380,32141.4408855421,0.38
"Mongolia",1994,-64.002,198.8116,232.1879,52.5821,984014,1296482,1144078,1157432,31970.7330518381,1.35558333333333
"Mongolia",1995,-64.002,193.7227,292.9107,60.9834,992629,1305410,1158033,1172301,32539.1900724495,1.40575
"Mongolia",1996,-64.002,164.4995,199.4249,60.285,1001687,1314880,1170894,1186139,32860.5223032579,0.50625
"Mongolia",1997,-64.002,100.8469,223.9689,63.6866,1011019,1324676,1182681,1199090,34577.4193624825,1.85158333333333
"Mongolia",1998,-64.002,123.1648,240.5427,61.5881,1020702,1334888,1193744,1211405,33688.8209744944,2.18066666666667
"Mongolia",1999,-64.002,127.2628,218.2733,61.1897,1030697,1345465,1204825,1223662,33360.1391306449,1.73691666666667
"Mongolia",2000,-64.002,132.0296,250.7341,56.3913,1027711,1369725,1216362,1234617,35442.1620117224,0.830666666666667
"Mongolia",2001,-15.0674,194.3147,199.8638,48.1932,1010938,1408838,1228209,1244391,32919.1550181783,1.39975
"Mongolia",2002,-15.0674,311.9122,230.9278,80.195,994464,1449195,1239950,1254668,31641.6024885794,1.79041666666667
"Mongolia",2003,-15.0674,198.7776,273.0333,83.9972,978385,1490901,1251264,1265190,31858.4492620688,0.710333333333333
"Mongolia",2004,-15.0674,195.073,253.7734,78.5993,962707,1534125,1262236,1275713,31594.1681982742,1.8535
"Mongolia",2005,-15.0674,324.3986,310.8086,96.4017,947564,1578882,1273074,1286180,32461.690861395,0.642916666666667
"Mongolia",2006,-15.0674,257.9026,322.0876,112.2043,932771,1625241,1284280,1296962,33012.0014680984,1.57175
"Mongolia",2007,-15.0674,333.2882,273.9997,139.8996,918387,1673283,1296789,1308854,34647.5644388315,2.69558333333333
"Mongolia",2008,-15.0674,283.8562,264.8609,159.4822,904588,1723543,1311312,1322575,33885.5564825718,1.73416666666667
"Mongolia",2009,-15.0674,414.6241,339.3607,147.2436,891731,1776558,1328168,1338545,35139.7300022424,1.14333333333333
"Mongolia",2010,-15.0674,457.4582,388.7251,237.6133,879794,1832856,1346373,1356147,33953.8687608649,0.46125
"Mongolia",2011,0,443.8505,435.9204,250.2715,884714,1876802,1366548,1377389,34467.5568636515,0.624083333333333
"Mongolia",2012,0,456.0707,513.7216,281.2872,899714,1914512,1389613,1402736,35516.7156553165,0.0921666666666667
"Mongolia",2013,0,616.4863,565.1129,230.0375,915345,1953762,1415077,1430076,37931.0910800895,1.50941666666667
"Mongolia",2014,0,625.0607,580.4466,318.957,930872,1993024,1443209,1459613,38186.0643586544,1.72108333333333
"Mongolia",2015,0,585.3265,535.4876,306.3284,945754,2031123,1473641,1491107,38775.0713919725,2.25366666666667
"Mongolia",2016,-0.8294,600.1739,605.3528,325.0782,959785,2067613,1505633,1523921,39277.736028811,1.45466666666667
"Mongolia",2017,-0.8294,659.2315,646.1547,441.828,973037,2102610,1538598,1557431,39791.3169638172,2.48166666666667
"Mongolia",2018,-0.8294,701.1722,698.8353,563.6057,985062,2136710,1572333,1591658,40628.5326291712,1.85258333333333
"Mongolia",2019,-0.8294,651.3086,853.7326,646.3539,995997,2170247,1606094,1626335,40823.982797747,2.08441666666667
"Mongolia",2020,-0.8294,671.89,681.8257,655.1034,1005935,2203469,1636094,1658241,40282.9023419582,2.048
"Montenegro",2006,-4158.891,80.5808,40.3532,537.3809,229817,388015,307082,325462,-501.757012442324,0.535416666666667
"Montenegro",2007,-4158.891,90.1843,49.5285,605.7858,228348,391136,307089,324834,-296.661953653523,1.50366666666667
"Montenegro",2008,-4158.891,108.6846,56.2073,636.1878,226898,394307,307135,324332,-251.972199061373,1.50983333333333
"Montenegro",2009,-4158.891,65.5053,60.5899,666.8411,225423,397429,307229,323953,-370.441399061373,1.25858333333333
"Montenegro",2010,-4158.891,100.9525,67.7687,732.4082,223866,400419,307344,323700,-225.190999061373,1.06733333333333
"Montenegro",2011,0,144.7563,74.1226,790.5324,222219,403247,307781,324007,4214.54829306305,1.06216666666667
"Montenegro",2012,0,133.2386,80.8125,860.6654,220462,405924,308516,324534,4260.29029306305,1.45125
"Montenegro",2013,0,95.5315,85.6313,906.4396,218623,408471,309082,324863,4062.38278755768,1.55133333333333
"Montenegro",2014,0,93.8713,112.6959,940.9972,216730,410944,309278,325017,4162.10448755767,1.58266666666667
"Montenegro",2015,0,106.3492,126.166,958.7426,214802,413376,309144,324822,4324.77189306305,1.64116666666667
"Montenegro",2016,0,84.0358,123.6407,1033.5269,212843,415772,308838,324425,4254.75088755768,1.38066666666667
"Montenegro",2017,0,107.4455,140.1339,1075.0399,210847,418113,308428,324010,4482.46209306305,1.38783333333333
"Montenegro",2018,0,81.5144,124.7139,1101.7058,208816,420403,307940,323515,4331.29628755767,2.15791666666667
"Montenegro",2019,0,92.29,139.1134,1074.3927,206740,422615,307383,323013,4427.22519306305,2.011
"Montenegro",2020,0,90.5813,129.2704,1194.6746,204630,424767,306615,322432,4530.32659306305,1.77766666666667
"Montserrat",1990,0.0093,NA,37.8386307227124,NA,9389,1341,5357,5447,10414.1606241494,0.363
"Montserrat",1991,0.0093,NA,37.8386307227124,NA,9420,1346,5262,5307,11686.7030517584,0.4095
"Montserrat",1992,0.0093,NA,37.8386307227124,NA,9495,1356,5053,5054,11686.8822517584,0.520333333333333
"Montserrat",1993,0.0093,NA,37.8386307227124,NA,9525,1361,4792,4756,11686.7179517584,0.550583333333333
"Montserrat",1994,0.0093,NA,37.8386307227124,NA,9377,1340,4517,4442,11687.1328517584,0.482416666666667
"Montserrat",1995,0.0093,NA,37.8386307227124,NA,8954,1279,4228,4114,11687.3144517584,0.707416666666667
"Montserrat",1996,0.0093,NA,37.8386307227124,NA,8204,1172,3934,3782,11687.4778517584,0.286
"Montserrat",1997,0.0093,NA,37.8386307227124,NA,7189,1027,3632,3437,11687.1039517584,0.605
"Montserrat",1998,0.0093,NA,37.8386307227124,NA,6932,4,3324,3086,11686.9025470917,0.996583333333333
"Montserrat",1999,0.0093,0.8675,37.8386307227124,NA,5768,19,3021,2747,8718.13801775813,0.508
"Montserrat",2000,0.0093,0.631,37.8386307227124,NA,4852,103,2720,2418,8717.92131775813,0.341583333333333
"Montserrat",2001,-0.5493,0.3943,37.8386307227124,NA,4077,428,2510,2193,8694.63131775813,0.827654044737233
"Montserrat",2002,-0.5493,0.8006,37.8386307227124,NA,3962,414,2458,2143,8113.22557614913,0.640583333333333
"Montserrat",2003,-0.5493,0.7919,37.8386307227124,NA,4050,421,2462,2165,8112.38657614913,0.773416666666667
"Montserrat",2004,-0.5493,1.6438,37.8386307227124,NA,4208,436,2466,2190,8028.45260174867,0.48575
"Montserrat",2005,-0.5493,0.8674,37.8386307227124,NA,4332,446,2475,2218,8114.5249074196,0.845583333333333
"Montserrat",2006,-0.5493,0.6311,37.8386307227124,NA,4395,451,2486,2245,7340.73803624282,0.6855
"Montserrat",2007,-0.5493,0.3954,44.3894236950661,NA,4436,453,2498,2271,7347.82022921517,0.916
"Montserrat",2008,-0.5493,0.7998,44.3894236950661,NA,4455,453,2512,2301,7347.40252921517,0.334833333333333
"Montserrat",2009,-0.5493,0.8165,44.3894236950661,NA,4471,452,2532,2339,7949.32513132645,0.56575
"Montserrat",2010,-0.5493,1.6198,44.3894236950661,NA,4492,452,2557,2381,7238.07748567503,1.13808333333333
"Montserrat",2011,-0.3363,1.9181,44.3894236950661,NA,4539,455,2565,2396,8120.26886912149,0.587666666666667
"Montserrat",2012,-0.3363,1.7775,44.3894236950661,NA,4574,457,2563,2412,8120.19646912148,0.71225
"Montserrat",2013,-0.3363,1.4889,44.3894236950661,NA,4609,459,2570,2440,7950.20613132645,0.801916666666667
"Montserrat",2014,-0.3363,0.9048,44.3894236950661,NA,4637,461,2579,2473,8034.49949472102,0.715333333333333
"Montserrat",2015,-0.3363,0.7573,44.3894236950661,NA,4661,463,2578,2481,8119.72806912148,1.11025
"Montserrat",2016,-0.7273,0.4561,44.3894236950661,NA,4686,466,2583,2502,8739.26369525612,1.08058333333333
"Montserrat",2017,-0.7273,0.9248,44.3894236950661,NA,4709,468,2446,2253,8739.65509525612,0.958583333333333
"Montserrat",2018,-0.7273,0.5431,44.3894236950661,NA,4731,472,2326,2033,8739.98509992279,0.560166666666667
"Montserrat",2019,-0.7273,0.4977,44.3894236950661,NA,4746,474,2370,2135,8739.38039992279,0.895583333333333
"Montserrat",2020,-0.7273,0.6488,44.3894236950661,NA,4765,478,2364,2136,8739.35329525612,1.0455
"Morocco",1990,-4931.4487,1947.6013,763.9473,2071.9155,12839857,12039279,12271005,12299808,10225.5242,1.178
"Morocco",1991,-4931.4487,2296.7313,780.3697,2762.313,12892222,12444640,12477850,12510233,11660.0254,0.1945
"Morocco",1992,-4931.4487,2455.3835,797.276,2982.737,12936038,12855456,12681853,12718823,11937.196,0.2375
"Morocco",1993,-4931.4487,2885.2259,490.7653,2953.108,12969447,13267970,12882331,12924447,12120.5006,0.183583333333333
"Morocco",1994,-4931.4487,3090.2073,525.7342,2943.5192,12988250,13678798,13076811,13124740,13283.7381,1.076
"Morocco",1995,-4931.4487,3405.1805,576.9093,2953.8598,13079444,13995788,13275721,13323326,13643.392,1.28516666666667
"Morocco",1996,-4931.4487,3261.6589,594.0274,3014.2308,13175175,14285428,13479362,13519731,14231.9411,0.867
"Morocco",1997,-4931.4487,3425.3126,632.4203,3274.5488,13259103,14566798,13682841,13714278,14794.4088,1.27391666666667
"Morocco",1998,-4931.4487,3874.3391,271.4793,3334.8403,13333022,14842241,13885447,13906379,15574.7251,1.30508333333333
"Morocco",1999,-4931.4487,4117.6227,311.0884,3365.1583,13400094,15114704,14083998,14092998,16382.4092,1.03158333333333
"Morocco",2000,-4931.4487,4290.5697,415.9657,3585.4498,13462682,15386939,14279162,14275254,17057.4252,0.991666666666667
"Morocco",2001,-4619.0937,4346.3619,505.7923,4305.7678,13522209,15659623,14473530,14456567,19706.6295,1.749
"Morocco",2002,-4619.0937,4726.8117,576.7778,4406.0858,13578750,15933618,14665548,14636269,20727.6786,1.15641666666667
"Morocco",2003,-4619.0937,5013.3768,654.7581,4496.4038,13633701,16210236,14850814,14810456,21698.6918,1.464
"Morocco",2004,-4619.0937,5389.9728,757.0061,4716.7748,13688174,16491111,15038644,14994480,22247.1737,0.8985
"Morocco",2005,-4619.0937,4992.024,859.6688,4717.0398,13681416,16839654,15240243,15191659,22350.936,1.24916666666667
"Morocco",2006,-4619.0937,5414.4479,903.343,4817.3077,13660936,17208410,15447447,15385576,24486.1031,1.36866666666667
"Morocco",2007,-4619.0937,5791.7908,928.2894,5387.8383,13640554,17585327,15654951,15577682,25738.7335,0.993916666666667
"Morocco",2008,-4619.0937,6178.8516,961.6009,5808.1038,13622608,17974247,15864470,15770522,26572.5442,0.957916666666667
"Morocco",2009,-4619.0937,5955.4004,953.0329,5988.3694,13610904,18378993,16077493,15965384,27818.218,1.46858333333333
"Morocco",2010,-4619.0937,6166.1694,246.8878,5637.7818,13606337,18803302,16297672,16167193,28021.0454,2.02866666666667
"Morocco",2011,-2257.9722,7488.3124,532.3613,5493.5475,13609908,19248915,16525679,16378020,33599.7413,1.47866666666667
"Morocco",2012,-2257.9722,7845.7526,547.5724,6110.4917,13619442,19714347,16757724,16594445,35074.8319,1.31116666666667
"Morocco",2013,-2257.9722,7730.3284,517.143,6377.9482,13631417,20193352,16990792,16812735,35334.8405,1.2305
"Morocco",2014,-2257.9722,8477.4776,582.3715,5467.0302,13639438,20678644,17220817,17027786,35773.5004,1.56833333333333
"Morocco",2015,-2257.9722,8690.9581,599.6419,5568.4445,13639728,21163594,17444602,17235856,37066.1205,1.29208333333333
"Morocco",2016,-1939.1988,8920.3601,606.0019,5532.6061,13630788,21645998,17665036,17442227,37546.8086,1.71983333333333
"Morocco",2017,-1939.1988,9269.0671,671.9282,5781.5029,13613878,22125702,17881446,17646668,38626.8911,2.0565
"Morocco",2018,-1939.1988,9274.6414,673.5469,5975.0906,13589062,22602743,18087320,17840191,38748.023,0.757666666666667
"Morocco",2019,-1939.1988,9864.5168,732.9528,5352.4409,13557256,23077900,18281786,18022621,39004.0339,1.46558333333333
"Morocco",2020,-1939.1988,10240.1124,700.5929,5354.3675,13519119,23551599,18474956,18213816,39040.5526,2.08491666666667
"Mozambique",1990,0,7.5469,3.3134,158.065,9935737,3311912,6479069,6824389,86288.7199403909,0.399
"Mozambique",1991,0,8.9903,4.7834,162.2407,10127821,3464149,6606891,6954284,86780.7085403909,0.0408333333333333
"Mozambique",1992,0,7.6052,4.0886,146.1203,10415478,3655753,6733757,7083124,87080.2659403909,0.870916666666667
"Mozambique",1993,0,6.4597,3.26,145.949,10761306,3875689,6926213,7280041,87389.4540403909,0.295666666666667
"Mozambique",1994,0,3.8706,1.8944,167.9722,11110894,4106150,7274126,7638748,87605.1671403909,0.04275
"Mozambique",1995,0,3.9211,2.9655,173.654,11426146,4332986,7610238,7984592,87821.0158403909,0.544666666666667
"Mozambique",1996,0,3.6581,7.4801,228.8035,11696621,4551611,7850152,8229401,68198.6934403909,0.128833333333333
"Mozambique",1997,0,3.6085,8.9073,251.708,11935569,4765782,8064784,8456940,65699.0953403909,0.2255
"Mozambique",1998,0,3.3604,9.6934,256.0065,12211321,4925459,8255097,8668097,68912.0521403909,0.952333333333333
"Mozambique",1999,0,3.3673,15.3086,267.6778,12499372,5085497,8451625,8886269,67315.3291403909,0.345083333333333
"Mozambique",2000,0,3.9939,28.7801,413.1449,12810292,5257395,8655917,9112588,64174.1117403909,0.291166666666667
"Mozambique",2001,-367.4223,4.5249,39.9083,862.8275,13146513,5442245,8872203,9348513,86359.4614403909,0.52175
"Mozambique",2002,-367.4223,5.0034,50.3405,967.7425,13501744,5637914,9100891,9594055,86644.585126055,0.661083333333333
"Mozambique",2003,-367.4223,5.5392,61.6075,1298.6803,13873191,5843407,9339183,9847572,92782.8802168672,0.652666666666667
"Mozambique",2004,-367.4223,6.6675,74.9246,1575.7419,14255830,6056875,9586551,10107859,90805.4713168672,0.381083333333333
"Mozambique",2005,-367.4223,7.727,91.2565,1588.622,14646262,6276808,9838645,10372470,97262.0657168672,1.06508333333333
"Mozambique",2006,-367.4223,7.1602,96.415,1666.3783,15044085,6503378,10094544,10641439,96273.8793168672,0.608416666666667
"Mozambique",2007,-367.4223,7.318,99.1867,1702.4561,15451006,6737381,10360896,10919618,97871.5816168672,0.597916666666667
"Mozambique",2008,-367.4223,5.7294,102.7661,1686.8729,15802686,7044072,10636233,11209337,103566.634116867,0.378166666666667
"Mozambique",2009,-367.4223,8.4529,107.335,1737.1027,16154357,7369706,10923458,11513202,97298.6001168672,0.646
"Mozambique",2010,-367.4223,8.8506,106.8591,1808.3043,16511748,7709657,11236221,11837502,107080.348016867,1.08741666666667
"Mozambique",2011,-501.2311,8.6184,109.9906,1941.9632,16874793,8064212,11577539,12182882,93153.5897168672,0.792083333333333
"Mozambique",2012,-501.2311,9.8107,112.6822,2058.0061,17242761,8433845,11941725,12545887,98605.5984168671,0.7255
"Mozambique",2013,-501.2311,7.6078,116.4073,2155.0207,17615928,8818444,12326038,12925693,99534.8870168672,0.465666666666667
"Mozambique",2014,-501.2311,12.7553,125.9722,2271.0636,17993425,9218957,12722751,13315954,97727.1105168672,0.746333333333333
"Mozambique",2015,-501.2311,13.6727,153.0993,2327.6365,18375089,9635602,13128327,13714918,96165.0442168672,1.14325
"Mozambique",2016,-365.6558,22.5662,354.4951,2714.9162,18760441,10069035,13561220,14135272,107151.114916867,1.20225
"Mozambique",2017,-365.6558,21.61,204.5998,2731.4891,19149788,10519046,14002439,14567003,104214.353316867,0.7455
"Mozambique",2018,-365.6558,20.0612,228.2878,2778.062,19542053,10986620,14426886,14996993,106123.159416867,0.877666666666667
"Mozambique",2019,-365.6558,22.9857,249.3887,2893.4866,19935885,11472938,14851787,15433808,99808.8858168672,1.22875
"Mozambique",2020,-365.6558,21.278,270.7428,2929.5295,20330756,11978439,15293299,15884940,97939.6936168672,0.99475
"Myanmar",1990,-128.4116,125.5867,104.193,497.4091,30371017,10255233,20097501,20002052,197598.30976083,0.272083333333333
"Myanmar",1991,-128.4116,123.9367,107.8998,429.3257,30720623,10469533,20386829,20293704,196820.37246083,0.513
"Myanmar",1992,-128.4116,132.2193,111.947,441.1855,31036131,10675334,20664015,20573799,199341.07476083,0.03225
"Myanmar",1993,-128.4116,159.3778,122.0256,424.0171,31332607,10877171,20936959,20851342,201770.203293673,0.271666666666667
"Myanmar",1994,-128.4116,189.0778,133.1555,551.7922,31629947,11082276,21207605,21129504,203472.175603703,0.459166666666667
"Myanmar",1995,-128.4116,209.9828,144.8353,582.5673,31942250,11295542,21474841,21405344,205233.712103703,0.606916666666667
"Myanmar",1996,-128.4116,248.3286,156.7146,589.3141,32274303,11519007,21741026,21682342,198552.137303703,0.521583333333333
"Myanmar",1997,-128.4116,258.2855,171.115,606.033,32620926,11750599,22008508,21963537,195566.690703703,0.33175
"Myanmar",1998,-128.4116,279.1907,189.496,555.7801,32972491,11987444,22272745,22243440,203667.169235832,1.21608333333333
"Myanmar",1999,-128.4116,265.3249,199.113,555.5552,33315064,12224371,22527182,22514453,207874.902103703,0.7225
"Myanmar",2000,-128.4116,256.2839,257.8435,650.5229,33637935,12457527,22768081,22770251,199135.640703703,0.342333333333333
"Myanmar",2001,10.6342,216.5228,204.9795,555.4179,33941554,12686440,22998986,23015840,178320.037677488,0.653583333333333
"Myanmar",2002,10.6342,266.5035,224.3541,573.274,34228006,12912214,23224582,23255648,176649.742293424,0.683
"Myanmar",2003,10.6342,327.9768,272.6566,623.1137,34492260,13132634,23439572,23484720,192295.952260185,0.62775
"Myanmar",2004,10.6342,311.6847,347.7218,687.862,34728333,13345374,23639855,23698591,212748.166260184,0.549416666666667
"Myanmar",2005,10.6342,304.0569,256.0181,657.9394,34933870,13548744,23826893,23897578,195355.376660184,1.01391666666667
"Myanmar",2006,10.6342,263.4109,297.9371,699.0329,35105021,13741453,24004090,24084184,199139.3962263,0.78425
"Myanmar",2007,10.6342,259.9528,320.3464,718.1704,35246670,13924916,24179492,24266155,215611.623680327,0.537166666666667
"Myanmar",2008,10.6342,246.2334,340.1341,755.3921,35374487,14105265,24326716,24402770,195581.409380327,0.463083333333333
"Myanmar",2009,10.6342,187.2414,348.5743,755.7256,35510138,14290552,24474765,24541072,212082.035180327,0.931333333333333
"Myanmar",2010,10.6342,271.4851,373.3748,782.1715,35668447,14487449,24658341,24732646,218457.106880327,1.23441666666667
"Myanmar",2011,984.4877,307.3073,395.0132,799.7653,35854775,14698256,24855326,24939195,179400.578780327,0.516166666666667
"Myanmar",2012,984.4877,367.3735,426.8583,973.3992,36064794,14921720,25061327,25156858,186353.288480327,0.932666666666667
"Myanmar",2013,984.4877,357.0379,448.6733,1068.0613,36292944,15155252,25270624,25377710,184499.553820919,0.8685
"Myanmar",2014,984.4877,490.9926,486.0396,1154.7232,36528875,15395307,25476524,25595912,191329.346677939,1.04775
"Myanmar",2015,984.4877,468.1689,506.4345,1043.3853,36757132,15646537,25675431,25808518,195873.036574535,1.249
"Myanmar",2016,1552.1363,524.8284,534.8122,1751.0474,36976382,15908841,25872492,26019857,180864.47634477,1.45475
"Myanmar",2017,1552.1363,729.2675,612.7251,2823.6813,37187526,16183083,26063229,26225112,184311.226409847,1.32158333333333
"Myanmar",2018,1552.1363,1162.0819,644.4773,3235.3434,37387374,16468361,26244290,26421724,191531.557559559,1.09608333333333
"Myanmar",2019,1552.1363,1499.294,640.8099,3728.6847,37572512,16763626,26423311,26616900,192384.302519187,1.65275
"Myanmar",2020,1552.1363,1617.6791,698.2622,3760.7946,37740210,17068066,26606176,26817022,204969.609559559,1.71183333333333
"Namibia",1990,0,NA,39.391,21.8525,1023439,391253,663095,705916,22855.0402513366,0.612333333333333
"Namibia",1991,0,NA,40.7462,18.3175,1056519,409221,686171,729446,23070.6927539396,0.0845
"Namibia",1992,0,NA,41.9303,17.8325,1084796,428925,708851,752836,23059.7209993396,0.831333333333333
"Namibia",1993,0,NA,0.216,18.0542,1110350,449633,732221,777614,22937.8037993396,0.6935
"Namibia",1994,0,NA,0.324,17.3458,1135698,471020,755649,802801,22997.4787993396,0.380833333333333
"Namibia",1995,0,NA,1.944,24.791,1161842,493517,778208,827162,23083.1333351541,0.828666666666667
"Namibia",1996,0,NA,14.0758,31.1632,1189143,517346,799664,850402,22911.4093351541,0.246666666666667
"Namibia",1997,0,NA,19.2958,33.8908,1216821,542173,820359,872884,22458.3943501956,0.108333333333333
"Namibia",1998,0,NA,12.2446,39.159,1243229,567337,840826,895127,23148.1105351541,1.22475
"Namibia",1999,0,NA,14.6619,45.1834,1266232,591810,861105,917173,23044.8731351541,0.7715
"Namibia",2000,0,NA,27.2154,52.3363,1284412,614845,880704,938437,24761.5858261658,0.0833333333333333
"Namibia",2001,0,NA,36.4967,60.7447,1297490,636106,898800,957602,23232.4140967144,0.418083333333333
"Namibia",2002,0,NA,39.8374,70.4586,1299607,662540,914685,973840,22209.6371634474,0.935333333333333
"Namibia",2003,0,NA,44.8774,83.4329,1297022,689513,928045,987380,22761.0201060443,1.33525
"Namibia",2004,0,NA,52.5274,121.4253,1292615,716613,939816,999590,23161.072336979,0.795166666666667
"Namibia",2005,0,NA,80.2493,181.5427,1287768,744428,951218,1011646,19274.4519719695,0.794083333333333
"Namibia",2006,0,NA,83.5848,181.1922,1282581,773153,962619,1023939,21756.4267727566,-0.101
"Namibia",2007,0,NA,84.4742,196.2683,1277117,802798,974469,1037023,20920.4170017561,0.991833333333333
"Namibia",2008,0,NA,86.8131,188.5532,1272323,834052,987250,1051301,17811.8904935814,0.65025
"Namibia",2009,0,NA,88.8005,191.0122,1269370,867670,1001105,1066814,22050.0824196553,0.598916666666667
"Namibia",2010,0,NA,87.233,189.326,1268790,904380,1015983,1083287,21428.1658628707,1.10866666666667
"Namibia",2011,0,NA,87.7469,341.795,1270945,944676,1031720,1100620,27107.732752248,-0.507916666666667
"Namibia",2012,0,NA,89.6551,421.0052,1274757,989177,1048383,1119086,28132.1231727949,-0.139333333333333
"Namibia",2013,0,NA,92.327,468.1555,1279729,1036791,1065946,1138564,19509.7089782866,0.812083333333333
"Namibia",2014,0,NA,101.2927,497.2493,1284455,1086537,1084272,1158729,18392.3840864424,0.428583333333333
"Namibia",2015,0,NA,112.7575,521.1171,1287973,1137588,1103238,1179466,18367.5385864424,1.3495
"Namibia",2016,0,NA,130.1232,470.1827,1290418,1189295,1122637,1200715,18648.1159864424,1.4895
"Namibia",2017,0,NA,132.2784,612.4177,1292108,1241686,1142262,1222272,19348.160656085,0.659416666666667
"Namibia",2018,0,NA,136.7784,684.5679,1293060,1294741,1161859,1243822,18126.3922069893,1.19216666666667
"Namibia",2019,0,NA,142.1604,740.3985,1293462,1348534,1181378,1265266,17138.19839033,1.73858333333333
"Namibia",2020,0,NA,146.5755,743.4957,1293438,1403099,1201660,1287438,21898.6266400611,0.645666666666667
"Nauru",1990,0,1.4754,228.605027260035,0.3463,0,9155,5019,4579,2282.05861537867,-0.18075
"Nauru",1991,0,1.4792,228.605027260035,0.3554,0,9348,5129,4773,2278.93261537867,-0.00075
"Nauru",1992,0,1.6312,228.605027260035,0.3644,0,9546,5213,4916,2277.27191537867,-0.46325
"Nauru",1993,0,1.5869,228.605027260035,0.3735,0,9719,5258,4968,2276.77251537867,0.045
"Nauru",1994,0,1.5577,228.605027260035,0.3823,0,9857,5287,4987,2275.25081537867,0.429884359055673
"Nauru",1995,0,1.688,228.605027260035,0.3918,0,9969,5309,5007,2275.22071537867,0.434407042382284
"Nauru",1996,0,1.736,228.605027260035,0.4001,0,10029,5329,5016,2274.86141537867,0.453447841746019
"Nauru",1997,0,1.7615,228.605027260035,0.4093,0,10057,5340,5022,2275.80381537867,0.493338381582354
"Nauru",1998,0,1.8561,0.1145,0.4181,0,10046,5348,5029,2014.79934112109,0.561177916580488
"Nauru",1999,0,1.8355,0.2264,0.4271,0,10040,5353,5030,2006.34004112109,0.533825692002504
"Nauru",2000,0,1.8119,0.3349,0.4371,0,10037,5354,5023,2003.76284112109,0.5488853968858
"Nauru",2001,0,1.6528,0.4441,0.4463,0,10052,5349,5013,2001.99684112109,0.554708224378292
"Nauru",2002,0,1.7383,0.5897,0.4563,0,10080,5340,5011,2092.32301309097,0.560608043974109
"Nauru",2003,0,1.6414,0.6781,0.4656,0,10106,5329,5016,2008.56974112109,0.565393016193207
"Nauru",2004,0,1.6326,0.7982,0.4746,0,10126,5316,5019,2007.77174112109,0.565393016193207
"Nauru",2005,0,1.5639,0.9403,0.4826,0,10114,5298,5020,2007.44784112109,0.563785974856752
"Nauru",2006,0,0.8838,1.057,0.4903,0,10071,5272,5022,2004.95814112109,0.567814213662792
"Nauru",2007,0,0.9808,1.1532,0.4981,0,10002,5247,5019,2004.75164112109,0.569583555136677
"Nauru",2008,0,0.9876,1.087,0.5055,0,9947,5228,5016,2003.98274112109,0.569583555136677
"Nauru",2009,0,1.0132,1.3233,0.5055,0,9945,5217,5016,2003.46634112109,0.569583555136677
"Nauru",2010,0,0.9595,0.726,0.5061,0,10025,5221,5020,2002.22594112109,0.569583555136677
"Nauru",2011,0,1.0211,1.2448,0.5071,0,10208,5247,5035,2002.14824112109,0.569583555136677
"Nauru",2012,0,1.0287,0.6828,0.5084,0,10478,5333,5111,2000.95524112109,0.569583555136677
"Nauru",2013,0,1.0092,0.6828,0.5153,0,10790,5457,5237,2090.23121309097,0.569583555136677
"Nauru",2014,0,1.0311,0.6194,0.5216,0,11070,5580,5360,2089.57751309097,0.792175505558964
"Nauru",2015,0,1.2334,0.6415,0.5277,0,11260,5706,5479,2089.93321309097,0.889181092400744
"Nauru",2016,0,1.3334,0.7235,0.5332,0,11347,5832,5604,2090.03501309097,0.904541156680145
"Nauru",2017,0,1.4088,1.1368,0.5382,0,11359,5953,5729,2090.48051309097,0.904541156680145
"Nauru",2018,0,1.4501,1.2004,0.543,0,11312,6074,5849,2090.44341309097,0.909724215248641
"Nauru",2019,0,1.5635,1.1953,0.5447,0,11260,6177,5955,2090.49161309097,0.936234605473499
"Nauru",2020,0,1.7185,1.1485,0.5495,0,11227,6266,6050,2090.23281309098,0.936234605473499
"Nepal",1990,-4304.1045,4.9676,163.0621,95.9972,17089267,1660139,9968610,9647920,10685.9152247782,0.0655833333333334
"Nepal",1991,-4304.1045,7.1378,169.0453,109.537,17478413,1766641,10233862,9896916,10682.4979268215,-0.0125833333333333
"Nepal",1992,-4304.1045,9.9369,175.4081,151.5794,17879028,1894744,10527373,10174760,10330.5479268215,-0.04225
"Nepal",1993,-4304.1045,12.186,108.6838,167.6218,18289255,2031920,10814338,10453021,10952.5601268215,-0.0925833333333333
"Nepal",1994,-4304.1045,19.2451,119.6101,185.6669,18690145,2176985,11079433,10715317,11003.2194268215,0.10375
"Nepal",1995,-4304.1045,24.4277,131.4143,191.7092,19067879,2328505,11332246,10973325,11443.9974875851,0.338833333333333
"Nepal",1996,-4304.1045,28.6452,41.9885,185.749,19417253,2486126,11563404,11220566,10708.0331875851,0.1695
"Nepal",1997,-4304.1045,38.9933,56.1918,153.7887,19740147,2649656,11786496,11462922,10580.2528805904,-0.4755
"Nepal",1998,-4304.1045,34.8227,64.4992,176.8259,20036648,2819657,12001525,11701802,11271.0536373368,0.389916666666667
"Nepal",1999,-4304.1045,42.0752,83.62,182.8603,20309565,2996429,12206968,11936189,11877.2815186051,0.697666666666667
"Nepal",2000,-4304.1045,49.2459,144.503,187.8947,20560410,3180501,12397651,12161850,11935.9791560984,0.0665
"Nepal",2001,-7173.6394,59.3911,199.6764,182.9292,20791897,3369880,12576001,12380071,9224.37165609841,0.399083333333333
"Nepal",2002,-7173.6394,60.7749,248.7067,185.961,21068143,3498199,12738215,12593963,8653.89575609841,0.600166666666667
"Nepal",2003,-7173.6394,69.1004,301.4043,368.9928,21323411,3627212,12880352,12802557,10569.2344848781,0.24925
"Nepal",2004,-7173.6394,86.0163,353.9379,186.022,21553302,3756147,13002461,13001504,10342.2672174322,0.442583333333333
"Nepal",2005,-7173.6394,94.7744,423.1814,189.0485,21756151,3884136,13098713,13186397,10506.5669174322,0.622333333333333
"Nepal",2006,-7173.6394,115.1574,423.1432,191.0723,21929706,4010912,13165531,13353440,10013.8195174322,0.875416666666667
"Nepal",2007,-7173.6394,115.0437,430.5624,193.0935,22078011,4136836,13208569,13505086,9488.26531743219,0.65075
"Nepal",2008,-7173.6394,135.8342,452.3671,191.1147,22211953,4263906,13236099,13645445,10785.2988699394,0.4635
"Nepal",2009,-7173.6394,165.1459,471.6741,568.1359,22346548,4394555,13250671,13776271,12083.1761613294,1.01325
"Nepal",2010,-7173.6394,185.9725,472.1928,612.1571,22491798,4531339,13260079,13901487,12487.2019613294,1.10958333333333
"Nepal",2011,0,212.0222,480.0945,880.181,22651895,4675252,13250056,14016343,19273.8823628298,0.22925
"Nepal",2012,0,243.0078,493.6555,1102.2075,22822896,4827029,13212056,14118638,20784.8624628298,0.359416666666667
"Nepal",2013,0,272.7176,509.455,1222.234,22999677,4985633,13164892,14216663,20895.5703628298,0.232583333333333
"Nepal",2014,0,307.7644,551.9207,1262.2604,23173611,5149630,13138985,14323121,21311.9807062753,0.245916666666667
"Nepal",2015,0,249.2936,601.5963,1572.2896,23338483,5317799,13162846,14447479,19234.1502628297,0.72975
"Nepal",2016,0,405.435,703.2978,1992.3135,23492872,5489899,13259469,14601718,26461.1214946073,1.2005
"Nepal",2017,0,464.2438,789.7735,2372.34,23638570,5666428,13405797,14777629,23809.3130751615,1.12375
"Nepal",2018,0,511.6653,894.0345,3512.3664,23776364,5847671,13554172,14952540,24772.7470679635,0.520333333333333
"Nepal",2019,0,534.8043,985.642,3852.385,23907871,6034147,13704208,15128288,27461.2528045054,0.78525
"Nepal",2020,0,568.9325,1082.4911,3852.4088,24034011,6226233,13980445,15368183,25259.9554868278,0.327416666666667
"Netherlands (Kingdom of the)",1990,-598.0113,4703.8454,2872.0692,25105.2743,4686515,10278933,7384912,7559636,80503.4869729381,1.46125
"Netherlands (Kingdom of the)",1991,-598.0113,5077.4887,2976.0293,25594.5754,4620459,10444060,7434892,7611691,82797.7104729381,0.260166666666667
"Netherlands (Kingdom of the)",1992,-598.0113,4884.9184,2275.1894,25209.4284,4515909,10649953,7486309,7664376,81870.0926729381,1.21366666666667
"Netherlands (Kingdom of the)",1993,-598.0113,5131.697,2431.6414,25249.6804,4412465,10855541,7536172,7714914,83291.2676017286,0.344916666666667
"Netherlands (Kingdom of the)",1994,-598.0113,5063.6457,2389.1532,26414.243,4309145,11059975,7585502,7763976,84290.9919024615,1.41391666666667
"Netherlands (Kingdom of the)",1995,-598.0113,5487.9028,2558.2583,25844.4661,4205891,11261960,7634532,7812136,84585.7772312261,1.07091666666667
"Netherlands (Kingdom of the)",1996,-598.0113,5818.686,2831.8042,27464.0322,4102433,11460822,7680874,7857742,86369.4403637758,-0.728416666666667
"Netherlands (Kingdom of the)",1997,-598.0113,5367.7452,2825.812,26958.9813,3999507,11655968,7727165,7902740,83454.4257637758,0.955166666666667
"Netherlands (Kingdom of the)",1998,-598.0113,5222.5517,2969.1543,28263.4204,3897023,11848624,7774271,7948323,84257.9323329228,1.01325
"Netherlands (Kingdom of the)",1999,-598.0113,5084.887,2965.3409,27766.0058,3795703,12039820,7820169,7992317,84040.7947358438,1.61741666666667
"Netherlands (Kingdom of the)",2000,-598.0113,5151.3153,3189.8899,27985.4567,3695706,12230482,7864498,8034637,84646.0096637758,1.65858333333333
"Netherlands (Kingdom of the)",2001,-838.6591,5389.949,3500.1028,23112.2524,3551153,12466961,7906490,8075146,79754.1735637758,1.049
"Netherlands (Kingdom of the)",2002,-838.6591,5305.569,3585.3347,22302.4922,3364924,12745431,7944980,8112061,77882.9002637758,1.55175
"Netherlands (Kingdom of the)",2003,-838.6591,5425.6362,3824.5706,23503.5351,3184995,13015956,7980736,8146843,79067.9794637758,1.31291666666667
"Netherlands (Kingdom of the)",2004,-838.6591,5228.8468,4021.0831,24010.7435,3010783,13276399,8014848,8181188,79402.8509637758,1.08133333333333
"Netherlands (Kingdom of the)",2005,-838.6591,5083.1859,3920.2468,23947.6323,2842946,13524212,8047319,8214512,79414.8304637758,1.28725
"Netherlands (Kingdom of the)",2006,-838.6591,4989.6635,4022.469,26332.372,2690294,13749928,8079014,8246663,80144.0244637758,1.75008333333333
"Netherlands (Kingdom of the)",2007,-838.6591,4762.9355,4095.9544,26111.7711,2552168,13954888,8111448,8279785,80310.7313883785,1.85875
"Netherlands (Kingdom of the)",2008,-838.6591,4885.1647,4308.0263,21172.1429,2418707,14150027,8146289,8314481,75415.2538022292,1.31825
"Netherlands (Kingdom of the)",2009,-838.6591,4709.5419,4260.9974,21156.9089,2279916,14347010,8184539,8351668,74006.7624022292,1.19783333333333
"Netherlands (Kingdom of the)",2010,-838.6591,4999.0816,4327.2185,22171.793,2146443,14536474,8225560,8391557,76956.3197022292,-0.232083333333333
"Netherlands (Kingdom of the)",2011,-725.0388,4341.1695,4052.4583,21306.8386,2028656,14708346,8269306,8432166,74386.7600022292,1.708
"Netherlands (Kingdom of the)",2012,-725.0388,4511.1817,4170.6781,23402.7613,1915976,14873119,8313515,8471784,76775.5288022292,1.0165
"Netherlands (Kingdom of the)",2013,-725.0388,4678.8278,3403.4652,22810.7989,1820817,15018882,8356969,8510382,75145.3965967294,0.55175
"Netherlands (Kingdom of the)",2014,-725.0388,4201.8817,3336.9315,21315.2608,1741230,15148126,8402989,8551092,73081.6669325613,2.46116666666667
"Netherlands (Kingdom of the)",2015,-725.0388,4384.9629,3510.0371,21492.689,1664620,15273879,8449612,8591496,74502.3957325613,1.67775
"Netherlands (Kingdom of the)",2016,-558.5872,4296.8025,3226.0681,21662.8279,1590832,15396498,8494723,8629782,74316.58121524,1.57441666666667
"Netherlands (Kingdom of the)",2017,-558.5872,4060.6503,3137.0529,22105.6426,1520119,15515819,8539671,8667528,72563.2436471688,1.72025
"Netherlands (Kingdom of the)",2018,-558.5872,3935.5747,3061.017,21351.3386,1453872,15630587,8582601,8703442,71856.4797917132,2.236
"Netherlands (Kingdom of the)",2019,-558.5872,3585.4701,2836.0111,22503.6902,1391913,15740995,8624262,8738999,71646.3180693576,2.13408333333333
"Netherlands (Kingdom of the)",2020,-558.5872,3607.2368,2742.6501,20625.8048,1333967,15847281,8661926,8772631,66069.5929455403,2.44591666666667
"Netherlands Antilles (former)",1990,0.0014,64.2726,554.354155698897,4.9104,25381,162858,111369,117821,6441.82070481966,0.332083333333333
"Netherlands Antilles (former)",1991,0.0014,65.7332,560.189885113114,4.9204,25032,164170,112445,119223,6482.74506840745,0.303666666666667
"Netherlands Antilles (former)",1992,0.0014,68.6548,554.354155698897,26.5004,24417,165628,112994,120166,6501.52218157335,0.34
"Netherlands Antilles (former)",1993,0.0014,68.6548,161.124920311788,45.6004,23400,167146,112775,120395,5927.17651120657,0.6105
"Netherlands Antilles (former)",1994,0.0014,70.1154,560.189885113114,40.7004,22369,168090,112060,120169,6526.28607348757,0.526
"Netherlands Antilles (former)",1995,0.0014,73.0367,560.189885113114,41.2004,21285,168339,111182,119792,6569.61257348757,0.71875
"Netherlands Antilles (former)",1996,0.0014,73.0367,161.124920311788,42.4004,20146,167854,110156,119280,5955.63181120657,0.3465
"Netherlands Antilles (former)",1997,0.0014,75.9583,58.3104236795832,44.2004,18992,166770,108996,118662,5823.47969434339,0.598916666666667
"Netherlands Antilles (former)",1998,0.0014,84.7228,560.189885113114,46.0004,17855,165297,107728,117939,6635.80668163064,1.07175
"Netherlands Antilles (former)",1999,0.0014,84.7228,560.189885113114,47.8004,16788,163776,106505,117258,6638.82168163064,0.387333333333333
"Netherlands Antilles (former)",2000,0.0014,83.2621,560.189885113114,49.6004,15822,162489,105640,116924,6637.37378163064,0.29575
"Netherlands Antilles (former)",2001,-0.0813,83.2228,560.189885113114,50.2004,15274,161130,105638,117292,6658.29068163064,0.684
"Netherlands Antilles (former)",2002,-0.0813,84.5262,560.189885113114,50.2004,15235,159662,106745,118591,6671.70128163064,0.832666666666667
"Netherlands Antilles (former)",2003,-0.0813,80.6642,560.189885113114,50.3004,15279,158836,108442,120518,6583.07423995505,0.94175
"Netherlands Antilles (former)",2004,-0.0813,81.1769,560.189885113114,51.6004,15483,159032,110232,122631,6605.39693995505,0.587666666666667
"Netherlands Antilles (former)",2005,-0.0813,83.2463,560.189885113114,54.5004,15885,160443,112088,124889,6614.02713995505,0.77725
"Netherlands Antilles (former)",2006,-0.0813,100.8039,584.518655158113,55.4004,16520,163232,114013,127289,6717.02210256089,0.67975
"Netherlands Antilles (former)",2007,-0.0813,105.4307,591.069448130467,58.8004,17365,167221,115957,129713,6780.77648285532,0.843333333333333
"Netherlands Antilles (former)",2008,-0.0813,108.137,591.069448130467,58.4004,18333,171987,117883,132124,6771.6893427562,0.539416666666667
"Netherlands Antilles (former)",2009,-0.0813,105.8627,591.069448130467,56.1004,19306,176905,119760,134472,6745.93140416012,0.989916666666667
"Netherlands Antilles (former)",2010,-0.0813,101.4161,591.069448130467,56.7004,20190,181482,121465,136617,6741.51974335786,1.17241666666667
"New Caledonia",1990,-207.8877,3.3682,5.7864,NA,68633,101154,90499,86765,577.634506283511,0.763333333333333
"New Caledonia",1991,-207.8877,3.4702,5.9637,NA,69882,103606,92771,88950,578.867406283512,0.31775
"New Caledonia",1992,-207.8877,3.5725,6.1259,NA,71255,106270,95095,91168,574.970406283512,0.426666666666667
"New Caledonia",1993,-207.8877,3.6745,3.3548,NA,72723,109102,97406,93376,570.278206283512,0.297
"New Caledonia",1994,-207.8877,3.7765,3.6259,NA,74234,112030,99690,95574,568.967106283511,0.165666666666667
"New Caledonia",1995,-207.8877,3.7255,3.9343,NA,75744,114988,101948,97752,577.074606283511,1.1745
"New Caledonia",1996,-207.8877,3.7765,4.3156,NA,77158,118058,104177,99909,579.177806283511,1.20233333333333
"New Caledonia",1997,-207.8877,3.9806,4.7167,NA,78213,121502,106289,102132,586.982706283511,0.6085
"New Caledonia",1998,-207.8877,3.8275,1.7359,NA,79224,124956,108297,104459,564.877306283512,1.9045
"New Caledonia",1999,-207.8877,4.0316,2.6918,NA,80180,128402,110308,106809,579.867106283512,1.11616666666667
"New Caledonia",2000,-207.8877,4.1339,5.2245,NA,81064,131807,112350,109187,575.971906283511,0.841416666666667
"New Caledonia",2001,-36.1947,4.0691,7.4459,NA,81876,135164,114408,111579,742.946590849408,1.114
"New Caledonia",2002,-36.1947,4.2302,9.6206,NA,82616,138472,116449,113950,798.32177004431,0.952
"New Caledonia",2003,-36.1947,4.3275,11.9922,NA,83289,141737,118434,116250,798.369500506465,0.810666666666667
"New Caledonia",2004,-36.1947,4.3851,14.5796,NA,83906,144977,120284,118366,821.264500506466,0.8595
"New Caledonia",2005,-36.1947,4.3679,17.7591,NA,83849,148837,122121,120019,880.055455446369,0.82275
"New Caledonia",2006,-36.1947,4.5111,18.8241,NA,83608,152827,124082,121553,871.367944966062,0.596333333333333
"New Caledonia",2007,-36.1947,4.345,19.3747,NA,83310,156819,126064,123303,886.799940012266,1.23433333333333
"New Caledonia",2008,-36.1947,4.4768,20.1939,NA,82963,160823,128031,125045,860.868960400165,1.155
"New Caledonia",2009,-36.1947,4.3516,22.4026,NA,82578,164835,130046,126930,838.977109601394,0.8555
"New Caledonia",2010,-36.1947,3.9237,20.1051,NA,82585,168452,132214,129213,846.427409601394,1.34975
"New Caledonia",2011,0,3.8314,22.5418,NA,82599,172058,134529,131774,954.376755446369,0.98425
"New Caledonia",2012,0,3.7859,22.6289,NA,82585,175690,136904,134399,940.811060400165,0.839583333333333
"New Caledonia",2013,0,3.6735,21.278,NA,82550,179339,139325,137070,963.436955446369,0.997
"New Caledonia",2014,0,3.6665,23.3673,NA,82487,183010,141381,139418,948.991060400165,1.09083333333333
"New Caledonia",2015,0,3.5379,25.7083,NA,82397,186694,142283,140749,953.481460400165,1.17275
"New Caledonia",2016,0,3.3225,29.2478,NA,82290,190387,142386,141362,952.067860400165,1.9825
"New Caledonia",2017,0,3.2403,32.6156,NA,82170,194085,142434,141915,890.097292952078,1.82833333333333
"New Caledonia",2018,0,3.1049,37.5907,NA,82034,197787,142444,142436,892.709615940568,1.36975
"New Caledonia",2019,0,3.0598,41.238,NA,81884,201492,142436,142938,987.064560400165,1.29658333333333
"New Caledonia",2020,0,3.0279,45.3769,NA,81718,205195,142745,143657,903.083115940569,1.80975
"New Zealand",1990,-28066.3639,209.5285,345.3329,2720.4398,518492,2879680,1672905,1724484,-1775.56640839538,0.622
"New Zealand",1991,-28066.3639,198.8519,359.2933,2919.6433,518661,2927509,1713486,1768113,-1971.79900839538,-0.115
"New Zealand",1992,-28066.3639,244.7192,315.8833,2791.2558,521886,2981295,1738936,1793627,-2158.79810839537,-0.709
"New Zealand",1993,-28066.3639,204.696,261.1465,3021.2416,525627,3038837,1760024,1813718,-2088.69400839537,-0.391583333333333
"New Zealand",1994,-28066.3639,178.2962,128.355,2905.0201,528862,3094417,1783955,1836936,-1849.19447092219,-0.0249166666666667
"New Zealand",1995,-28066.3639,169.5286,116.2872,3453.1862,530932,3144004,1811004,1862889,-822.143270922195,0.205
"New Zealand",1996,-28066.3639,208.4049,133.526,3848.2476,531573,3185776,1838415,1890043,-604.257170922189,0.107166666666667
"New Zealand",1997,-28066.3639,289.2617,176.211,3892.7512,533552,3218810,1860646,1915207,58.7942290778092,-0.0933333333333333
"New Zealand",1998,-28066.3639,263.7373,177.5742,4009.392,535005,3248969,1875084,1934959,-189.698970922186,1.05708333333333
"New Zealand",1999,-28066.3639,317.535,213.2781,4199.988,536779,3281352,1884133,1949361,449.049629077812,0.901333333333333
"New Zealand",2000,-28066.3639,313.0709,222.6362,4437.3874,539447,3319552,1892614,1962652,302.155629077807,0.404
"New Zealand",2001,-24121.3286,383.7555,263.4823,4195.4709,543196,3364737,1907996,1981582,3587.15502907781,0.574416666666667
"New Zealand",2002,-24121.3286,336.982,271.5398,4357.3762,548484,3414722,1936605,2011978,4240.17822907781,0.32425
"New Zealand",2003,-24121.3286,402.9793,327.7252,3373.8961,554208,3467861,1971513,2048428,3938.08972907781,0.283083333333333
"New Zealand",2004,-24121.3286,382.9815,338.6182,3590.6076,559799,3520639,2000841,2080568,4321.90362907781,-0.166833333333333
"New Zealand",2005,-24121.3286,405.8419,384.283,3163.5729,564865,3570490,2024572,2108209,4146.89912907781,0.757333333333333
"New Zealand",2006,-24121.3286,413.9759,404.2892,3303.3329,569292,3616625,2046242,2133736,4365.03842907781,0.0761666666666667
"New Zealand",2007,-24121.3286,371.2632,417.9288,3610.6133,578237,3654914,2065479,2156015,4570.11572907781,0.452333333333333
"New Zealand",2008,-24121.3286,400.6717,462.5645,3705.1787,586969,3691356,2083936,2176302,4363.1329290778,0.546
"New Zealand",2009,-24121.3286,344.5545,424.5154,3936.7391,595754,3727728,2104671,2198216,4287.03912907781,0.0113333333333333
"New Zealand",2010,-24121.3286,310.9811,438.954,4230.36,604805,3765257,2125643,2220695,4874.37222907781,0.750333333333333
"New Zealand",2011,-18155.187,289.3058,439.2421,4299.2127,614145,3804220,2142304,2238965,10893.1807290778,0.56875
"New Zealand",2012,-18155.187,330.5728,481.6702,4712.5785,618306,3849437,2156372,2253913,11612.6249290778,0.189333333333333
"New Zealand",2013,-18155.187,295.9476,505.2856,5031.0288,622479,3895048,2177340,2273304,11955.3125290778,0.988083333333333
"New Zealand",2014,-18155.187,270.8113,498.1722,5896.3122,626516,3940184,2211107,2303088,13212.1685290778,0.492666666666667
"New Zealand",2015,-18155.187,264.9764,499.4045,5605.5845,630320,3984212,2251521,2339068,12536.2527290778,0.542833333333333
"New Zealand",2016,-13541.3128,232.3862,512.4261,5737.1344,633866,4026967,2292434,2375647,18523.0992290778,1.21866666666667
"New Zealand",2017,-13541.3128,257.4951,529.8274,5618.89,636894,4068924,2333541,2412711,18517.5101290778,0.820333333333333
"New Zealand",2018,-13541.3128,249.3693,537.8594,5445.0379,639408,4110190,2383582,2454944,18134.8555290778,1.0645
"New Zealand",2019,-13541.3128,274.5958,501.2616,5698.9809,641441,4150968,2451731,2507303,18697.4077290778,1.07258333333333
"New Zealand",2020,-13541.3128,281.5638,500.8459,5303.2334,643015,4191405,2507854,2553280,16754.2301290778,0.886666666666667
"Nicaragua",1990,-38.3198,71.6176,86.7914,115.0121,1944855,2199710,2087657,2140163,24336.1242112986,0.414916666666667
"Nicaragua",1991,-38.3198,76.8752,85.3495,124.0123,1976379,2260422,2136953,2190336,24006.5736112986,0.51125
"Nicaragua",1992,-38.3198,97.8202,88.7798,141.0126,2008421,2322856,2186537,2240635,24208.0146112986,0.500416666666667
"Nicaragua",1993,-38.3198,91.721,60.9089,132.0129,2040364,2386216,2235924,2290765,24318.8390112986,0.30575
"Nicaragua",1994,-38.3198,98.5535,72.0921,156.0132,2071243,2449482,2284838,2340422,24385.3357112986,0.780916666666667
"Nicaragua",1995,-38.3198,103.0638,65.6689,162.0134,2101465,2510763,2332849,2389080,24229.8445333379,0.886666666666667
"Nicaragua",1996,-38.3198,107.2659,69.3059,178.0137,2134760,2566019,2377409,2434983,24164.7953112986,0.0108333333333333
"Nicaragua",1997,-38.3198,120.2994,48.2293,187.014,2166596,2620044,2418104,2477859,24537.4502112986,0.84925
"Nicaragua",1998,-38.3198,113.4109,50.6003,187.0142,2196872,2672754,2456421,2518131,25685.3078112986,1.03041666666667
"Nicaragua",1999,-38.3198,116.6747,61.1159,176.0144,2225576,2724084,2493059,2556818,24701.2255112986,0.12575
"Nicaragua",2000,-38.3198,118.1723,81.4308,252.0147,2252737,2774059,2528472,2594751,25006.8780112986,0.169833333333333
"Nicaragua",2001,-266.4878,121.2074,100.309,244.0149,2278271,2822479,2561907,2630858,28700.3144112986,0.574916666666667
"Nicaragua",2002,-266.4878,125.6349,115.6945,257.0151,2302257,2869477,2593630,2665376,28807.9527112986,0.816833333333333
"Nicaragua",2003,-266.4878,134.4131,131.7977,401.0153,2325221,2915658,2624209,2698853,29650.0147112986,0.609583333333333
"Nicaragua",2004,-266.4878,138.3634,150.1562,246.0155,2347830,2961873,2654303,2731919,28883.4499112986,0.658333333333333
"Nicaragua",2005,-266.4878,140.8874,165.3329,248.0157,2370424,3008904,2687501,2767177,29758.6503937769,0.826166666666667
"Nicaragua",2006,-266.4878,153.7968,184.0675,247.0159,2390923,3059288,2724497,2805314,29210.7380911754,0.762583333333333
"Nicaragua",2007,-266.4878,179.0091,193.4768,247.0161,2411595,3110511,2762742,2844711,29447.1381065653,0.795083333333333
"Nicaragua",2008,-266.4878,175.0126,185.5468,245.0163,2432201,3162305,2802298,2885445,29543.9904065653,0.567
"Nicaragua",2009,-266.4878,182.8477,211.5055,244.0165,2452422,3214159,2843140,2927499,29487.1242561081,0.901416666666667
"Nicaragua",2010,-266.4878,190.2198,199.6943,269.0167,2471956,3265767,2885079,2970655,29950.6056056237,0.70525
"Nicaragua",2011,-978.4188,204.021,205.1678,306.0169,2490775,3317045,2927885,3014669,17114.2485796254,0.789583333333333
"Nicaragua",2012,-978.4188,201.8357,201.4186,274.0171,2508971,3368137,2971314,3059293,17086.5337774808,0.72775
"Nicaragua",2013,-978.4188,192.1706,208.0503,286.0173,2526665,3419082,3015111,3104267,17534.4365424136,1.23733333333333
"Nicaragua",2014,-978.4188,196.8456,220.1337,306.0175,2543925,3470072,3059189,3149486,17801.8028424136,0.693333333333333
"Nicaragua",2015,-978.4188,218.8564,245.997,322.0177,2560844,3521191,3103613,3194985,17766.5101424136,1.20958333333333
"Nicaragua",2016,-978.4188,235.3089,267.1434,338.0179,2577435,3572493,3148451,3240784,26624.1975424136,1.21983333333333
"Nicaragua",2017,-978.4188,220.3302,274.3379,339.0181,2592801,3624780,3193665,3286867,26229.7506424136,1.0265
"Nicaragua",2018,-978.4188,227.466,288.8212,301.0183,2606772,3677985,3239062,3333171,26495.3477424136,0.827333333333333
"Nicaragua",2019,-978.4188,233.0027,303.7604,269.0186,2619224,3731933,3284332,3379591,26553.9867424136,1.15575
"Nicaragua",2020,-978.4188,241.4819,318.6025,270.0187,2630055,3786513,3329347,3426548,26870.0709424136,1.56691666666667
"Niger",1990,-32.19,17.2462,100.1314,30.6233,6781413,1231448,4182727,4187921,11316.4343112986,0.733166666666667
"Niger",1991,-32.19,17.3089,103.7976,31.6241,6994916,1278060,4319112,4315529,11495.8717112986,0.513083333333333
"Niger",1992,-32.19,14.9518,107.3658,35.5249,7221760,1327664,4459780,4447864,11695.8474112986,-0.2755
"Niger",1993,-32.19,17.3511,59.5656,36.2258,7462109,1380306,4606508,4586569,11877.1686112986,0.487166666666667
"Niger",1994,-32.19,18.1581,63.5651,36.9268,7715732,1436031,4760553,4732770,12036.9078112986,0.0161666666666667
"Niger",1995,-32.19,19.5841,68.1743,38.6276,7982484,1494849,4925075,4888843,12244.3144112986,0.73675
"Niger",1996,-32.19,14.4694,73.8665,41.9286,8263016,1556948,5097742,5052195,12531.6647112986,0.898083333333333
"Niger",1997,-32.19,14.7968,79.662,47.9297,8557656,1622405,5274708,5219493,12693.3431112986,0.651916666666667
"Niger",1998,-32.19,18.6066,21.164,46.2307,8865421,1691128,5459930,5394990,13039.4326112986,0.760833333333333
"Niger",1999,-32.19,15.7573,26.3039,47.0318,9184936,1762893,5653148,5578322,13171.7161112986,0.598166666666667
"Niger",2000,-32.19,15.5694,49.4607,45.8331,9515369,1837604,5854008,5768657,13476.1031112986,0.458583333333333
"Niger",2001,-72.8614,22.7756,68.6565,50.2342,9857911,1914065,6064010,5967421,9226.02081129857,0.346916666666667
"Niger",2002,-72.8614,21.4982,88.5239,53.4355,10221895,1984107,6282467,6174051,9462.00697624681,0.481916666666667
"Niger",2003,-72.8614,23.4757,106.1026,54.4368,10600022,2056848,6510942,6389847,9798.14717624681,0.713166666666667
"Niger",2004,-72.8614,26.0421,132.0601,55.6382,10994331,2132681,6750283,6616601,10045.3831112986,0.691
"Niger",2005,-72.8614,25.0795,164.515,58.6397,11406515,2211934,7000404,6854818,10401.0211112986,1.18316666666667
"Niger",2006,-72.8614,26.8013,171.1544,60.8411,11837319,2294745,7261337,7103832,10684.8065112986,0.919833333333333
"Niger",2007,-72.8614,27.4759,174.3264,53.7427,12287148,2381190,7533650,7364222,11065.6239112986,1.04833333333333
"Niger",2008,-72.8614,31.4779,177.7537,60.3445,12757057,2471468,7818388,7636788,11467.3911762468,0.356416666666667
"Niger",2009,-72.8614,38.7918,183.6758,55.2461,13248124,2565789,8116165,7921750,11756.0857112986,1.2995
"Niger",2010,-72.8614,50.9202,185.7856,51.648,13761257,2664321,8427645,8219898,11788.1763112986,1.436
"Niger",2011,-47.7972,58.2258,184.1829,64.7498,14297394,2767242,8752209,8530903,11993.2208112986,0.87875
"Niger",2012,-47.7972,79.5397,191.0761,68.9517,14856997,2874637,9094942,8859465,12509.4563112986,0.7035
"Niger",2013,-47.7972,78.5463,195.7313,51.8538,15439900,2986472,9451592,9201607,12973.626145167,0.813666666666667
"Niger",2014,-47.7972,94.2201,220.0571,48.9559,16042540,3105679,9818188,9553826,13694.4539267087,0.957666666666667
"Niger",2015,-47.7972,103.5975,243.9627,60.958,16664382,3232583,10203110,9925014,14091.5573800857,0.628666666666667
"Niger",2016,-31.6573,92.2717,278.9992,61.3602,17305349,3367638,10606660,10315083,14720.2627641209,1.27975
"Niger",2017,-31.6573,106.4845,312.8947,61.8625,17965903,3511445,11021796,10716126,15220.8140641209,0.743166666666667
"Niger",2018,-31.6573,126.0258,360.161,62.5649,18646683,3664692,11448927,11128131,15850.2348641209,0.9395
"Niger",2019,-31.6573,120.4514,413.587,144.0657,19348533,3828158,11889761,11553632,16455.0773641209,1.03825
"Niger",2020,-31.6573,132.428,444.9317,145.0676,20072055,4002638,12342370,11991269,17188.2772515087,0.968666666666667
"Nigeria",1990,0,263.1582,365.7817,3186.5928,66993856,28276132,47821647,47392609,101961.008215909,0.811416666666667
"Nigeria",1991,0,277.399,304.4345,3230.5188,68236528,29489795,49066769,48618590,104328.480905092,0.325916666666667
"Nigeria",1992,0,276.4107,283.5678,3144.2894,69476436,30745127,50319410,49862635,105712.193198838,-0.074
"Nigeria",1993,0,292.6731,298.8254,2956.2136,70718954,32042783,51623928,51151537,105076.983807716,0.580416666666667
"Nigeria",1994,0,211.3574,239.7441,2282.2193,71967158,33388625,52976399,52479723,104866.876305188,0.273833333333333
"Nigeria",1995,0,192.24,225.88,2221.3345,73225920,34785545,54352793,53834817,106048.603899188,0.568666666666667
"Nigeria",1996,0,185.4364,256.9208,2259.1346,74496012,36236892,55741393,55214789,125332.433182307,0.709
"Nigeria",1997,0,524.2254,284.8906,2237.3234,75780282,37742423,57165978,56625202,126438.356979286,0.629
"Nigeria",1998,0,257.1025,337.8641,2798.7622,77078264,39307486,58630607,58059921,129930.656122745,1.06291666666667
"Nigeria",1999,0,271.5657,405.2485,2734.9251,78392662,40934411,60151488,59544078,127998.539997487,0.695916666666667
"Nigeria",2000,0,233.3087,469.9588,2476.8163,79724569,42627440,61748370,61103614,129734.020428027,0.50125
"Nigeria",2001,0,216.9627,493.3832,3328.9818,80711492,44751942,63420738,62731941,111322.134257935,0.349833333333333
"Nigeria",2002,0,307.2632,549.0999,3319.2259,81692471,46974239,65158785,64424240,112619.966338487,0.732666666666667
"Nigeria",2003,0,294.8384,616.05,3563.4621,82673013,49299520,66946860,66172940,114917.780120933,0.738
"Nigeria",2004,0,328.8707,763.8342,3674.5032,83656546,51737070,68785095,67971753,115357.117672555,0.777416666666667
"Nigeria",2005,0,368.0808,875.9148,3059.1488,84650560,54288918,70670683,69820038,118526.726049713,1.22216666666667
"Nigeria",2006,0,317.3374,933.1231,3394.6418,85649313,56964781,72611203,71718561,117746.485119859,1.02841666666667
"Nigeria",2007,0,379.0354,1129.7273,4021.7959,86650758,59766266,74620905,73673124,117868.987139052,0.960416666666667
"Nigeria",2008,0,394.102,1147.8602,6217.6958,87649227,62698163,76699005,75683500,120816.765924514,0.626916666666667
"Nigeria",2009,0,439.1442,1192.511,6282.909,88645241,65756940,78846020,77749737,117885.614284247,1.28033333333333
"Nigeria",2010,0,488.1901,1333.4086,6362.9783,89628433,68949828,81066457,79886397,122668.625991844,1.34825
"Nigeria",2011,0,577.1767,1441.9367,7113.4908,90614743,72262333,83364643,82099103,124835.269609428,0.76975
"Nigeria",2012,0,637.8421,1574.7909,9150.93,91602273,75695011,85713800,84362132,129980.225182731,0.6065
"Nigeria",2013,0,607.0031,1578.599,10704.4821,92584883,79244420,88080932,86645192,133456.25502572,0.974083333333333
"Nigeria",2014,0,640.2204,1674.5286,10772.8006,93555299,82905203,90449577,88929439,135399.000525729,1.00033333333333
"Nigeria",2015,0,650.6906,1742.5471,11311.1192,94508650,86673094,92803434,91192351,136409.816501625,1.02308333333333
"Nigeria",2016,0,691.4839,1781.1095,12069.4403,95443463,90546177,95191980,93474951,147690.545898209,1.38841666666667
"Nigeria",2017,0,716.0132,1842.3566,11827.7589,96361295,94525016,97662955,95832952,149611.866678742,1.14658333333333
"Nigeria",2018,0,1043.2164,1946.7352,12686.0774,97264436,98610801,100165119,98222504,151600.381100908,1.017
"Nigeria",2019,0,1518.4508,2008.475,12844.623,98156422,102805995,102680839,100623652,152862.733758415,1.25058333333333
"Nigeria",2020,0,2319.8608,2079.1511,13002.9975,99040175,107112526,105243174,103084231,154933.187461039,1.2675
"Niue",1990,-0.069,0.123,0.17,0,1609,720,1302,1232,3240.66617524502,0.588454545454545
"Niue",1991,-0.069,0.1233,0.181,0,1588,700,1284,1213,3240.69057524502,0.660916666666667
"Niue",1992,-0.069,0.1255,0.1842,0,1565,693,1266,1192,3240.70697524502,0.338416666666667
"Niue",1993,-0.069,0.1354,0.1992,0,1544,692,1243,1173,3240.73337524502,0.711
"Niue",1994,-0.069,0.1335,0.1955,0,1517,688,1222,1153,3240.77537524502,0.453392984512074
"Niue",1995,-0.069,0.1348,0.1968,0,1484,681,1203,1136,3240.73987524502,0.462392013207109
"Niue",1996,-0.069,0.1391,0.2023,0,1450,674,1182,1117,3240.75527524502,0.447203470980673
"Niue",1997,-0.069,0.1417,0.2053,0,1406,661,1159,1099,3240.76087524502,0.520802138405492
"Niue",1998,-0.069,0.1496,0.2163,0,1361,650,1132,1075,3240.79327524502,0.588076652919921
"Niue",1999,-0.069,0.1484,0.2139,0,1316,640,1100,1042,3240.79407524502,0.571750162190351
"Niue",2000,-0.069,0.1471,0.2116,0,1271,628,1063,1010,3240.79527524502,0.571750162190351
"Niue",2001,0,0.145,0.2108,0,1234,620,1029,983,3240.01237524502,0.582621621322793
"Niue",2002,0,0.1529,0.2243,0,1183,606,1004,961,3240.00367524502,0.591016233007902
"Niue",2003,0,0.1451,0.2155,0,1153,602,983,946,3239.97667524502,0.59631260453681
"Niue",2004,0,0.1444,0.2178,0,1119,596,959,932,3239.92167524502,0.59631260453681
"Niue",2005,0,0.1292,0.1568,0,1090,593,935,921,3239.87907524502,0.617350326367494
"Niue",2006,0,0.1328,0.1536,0,1069,593,921,912,3239.92127524502,0.596945054622311
"Niue",2007,0,0.1326,0.1513,0,1051,600,915,907,3239.86767524502,0.623449229855453
"Niue",2008,0,0.1331,0.1546,0,1030,609,916,905,3239.67747274502,0.585214895652026
"Niue",2009,0,0.1261,0.1606,0,1016,620,912,904,3239.41857274502,0.617982776452996
"Niue",2010,0,0.1292,0.139,0,1000,630,909,903,3239.38457274502,0.619940684511559
"Niue",2011,-2.3177,0.1293,0.1389,0,987,643,908,903,3235.72087274502,0.608691714361493
"Niue",2012,-2.3177,0.1316,0.1403,0,970,653,905,909,3235.74837274502,0.621949730234509
"Niue",2013,-2.3177,0.1282,0.1417,0,957,666,908,918,3235.76927274502,0.627024778081399
"Niue",2014,-2.3177,0.1199,0.1303,0,940,676,908,925,3235.77627274502,0.917696246348494
"Niue",2015,-2.3177,0.1285,0.1395,0,936,693,911,936,3235.62956807835,0.963513333265842
"Niue",2016,-2.1793,0.1362,0.1397,0,921,703,914,948,3235.79656807835,0.968097911331358
"Niue",2017,-2.1793,0.1356,0.1375,0,905,713,912,957,3235.79296807835,0.968827911331358
"Niue",2018,-2.1793,0.136,0.1412,0,897,727,914,973,3235.80626807835,0.964933363907604
"Niue",2019,-2.1793,0.1436,0.1384,0,887,741,919,1002,3235.86826807835,1.02281873903147
"Niue",2020,-2.1793,0.1344,0.1375,0,878,754,919,1024,3235.86586807835,1.04253886345961
"North Macedonia",1992,NA,275.7872,168.8569,443.4631,820046,1168613,1023450,994572,2688.09738304851,0.208916666666667
"North Macedonia",1993,NA,359.7702,139.8724,377.607,807687,1176341,1010218,986674,2701.35248304851,0.24425
"North Macedonia",1994,NA,365.855,112.712,356.5962,796768,1184935,1000757,981702,4837.89579534438,1.30766666666667
"North Macedonia",1995,NA,312.6766,70.3624,360.1819,801492,1181760,1001978,981986,4807.94129534438,0.0393333333333334
"North Macedonia",1996,NA,323.456,76.8782,357.8287,808119,1181324,1008429,985796,2938.56938304851,-0.208
"North Macedonia",1997,NA,296.6559,83.9656,433.5627,816387,1183212,1013466,990768,2880.01438304851,-0.176916666666667
"North Macedonia",1998,NA,345.6233,66.3166,492.8159,825654,1186403,1017885,994960,2901.82658304851,0.482583333333333
"North Macedonia",1999,NA,329.1891,99.6846,503.6102,834929,1189465,1021822,1001957,2862.29808304851,0.9345
"North Macedonia",2000,NA,329.1011,89.5458,550.2825,843475,1191344,1025765,1012170,2998.69960264544,1.10433333333333
"North Macedonia",2001,NA,373.786,110.7822,610.5447,851059,1191783,1030348,1023037,5003.17419534438,0.995666666666667
"North Macedonia",2002,NA,356.4377,134.1117,629.8281,857876,1191052,1034181,1030556,4961.49619534438,0.819833333333333
"North Macedonia",2003,NA,368.0805,131.4773,707.4378,864058,1189368,1036995,1034147,3101.56850264544,0.605083333333333
"North Macedonia",2004,NA,363.2059,158.2166,747.2834,869899,1187148,1039060,1036814,3387.38098304851,0.490666666666667
"North Macedonia",2005,NA,370.5003,188.0943,924.5339,874955,1185317,1040142,1038520,3876.50846873967,0.0828333333333333
"North Macedonia",2006,NA,374.7048,204.5907,954.1667,879256,1183889,1041003,1040073,3874.98937653869,0.34825
"North Macedonia",2007,NA,415.3618,230.8634,1202.7028,882700,1182758,1041893,1041594,4315.88835694177,1.38475
"North Macedonia",2008,NA,444.456,260.1944,1209.3331,885353,1182025,1043017,1043210,4396.59695694177,1.364
"North Macedonia",2009,NA,414.3142,236.0901,815.3394,887291,1181802,1044546,1045241,3544.43228304851,1.0815
"North Macedonia",2010,NA,353.5643,198.8857,1035.0577,888570,1182169,1046290,1047539,3623.36808304851,1.21016666666667
"North Macedonia",2011,NA,407.8621,181.6735,1206.4894,889216,1183167,1047664,1049436,3864.94048304851,0.712916666666667
"North Macedonia",2012,NA,388.8012,150.9594,880.7176,889234,1184802,1048645,1050833,3404.63678304851,1.3255
"North Macedonia",2013,NA,346.6166,178.6868,1023.8449,888639,1187100,1049800,1052416,3535.35858304851,1.47033333333333
"North Macedonia",2014,NA,352.055,197.6043,1004.253,887432,1190063,1051094,1054197,3569.59068304851,1.424
"North Macedonia",2015,NA,325.9983,272.4704,930.5944,885614,1193694,1052227,1055735,3590.71118304851,1.461
"North Macedonia",2016,NA,293.4124,277.6277,864.1649,883198,1198008,1053137,1057059,3512.96168304851,1.4445
"North Macedonia",2017,NA,326.6903,317.677,930.3032,880172,1202988,1053843,1058136,3665.20898304851,1.29216666666667
"North Macedonia",2018,NA,286.9669,337.0176,927.9752,876488,1208563,1054442,1059049,3594.94178304851,1.9275
"North Macedonia",2019,NA,328.7156,359.0861,1025.6622,872081,1214639,1054637,1059539,3775.31808304851,2.02608333333333
"North Macedonia",2020,NA,345.0748,382.7758,1028.4365,866902,1221133,1052884,1058187,3750.48128304851,1.57791666666667
"Northern Mariana Islands",1991,-3.6046,NA,1259.02603591087,NA,4662,40587,25337,22965,13248.2079801676,0.316820029042578
"Northern Mariana Islands",1992,-3.6046,0.7654,35.4069588765122,NA,4954,42965,25128,23000,6587.19689552253,0.313766582038832
"Northern Mariana Islands",1993,-3.6046,0.7654,35.4069588765122,NA,5249,45353,24904,23044,6587.07319552253,0.31210115077356
"Northern Mariana Islands",1994,-3.6046,0.7654,35.4069588765122,NA,5556,47824,24677,23102,6585.69919552253,0.646215071500151
"Northern Mariana Islands",1995,-3.6046,0.7654,35.4069588765122,NA,5877,50401,24921,23796,6585.97579552253,0.653281279272211
"Northern Mariana Islands",1996,-3.6046,0.7654,35.4069588765122,NA,6141,53223,26785,26582,6585.74619552253,0.34916079844646
"Northern Mariana Islands",1997,-3.6046,0.7654,35.4069588765122,NA,6388,56140,29896,30921,6586.88589552253,0.658962906187387
"Northern Mariana Islands",1998,-3.6046,1.0208,35.4069588765122,NA,6605,58869,33136,35364,6322.1150761182,0.827399924613204
"Northern Mariana Islands",1999,-3.6046,1.0208,35.4069588765122,NA,6750,61005,36405,39831,6588.04259552253,0.791335758999377
"Northern Mariana Islands",2000,-3.6046,1.0208,35.4069588765122,NA,6804,62290,38212,42127,6651.14288116198,0.791335758999377
"Northern Mariana Islands",2001,-2.8753,1.0303,35.4069588765122,NA,6776,62612,38008,41471,6650.95518116198,0.793953515962214
"Northern Mariana Islands",2002,-2.8753,1.0446,35.4069588765122,NA,6659,62104,37181,39980,6651.38338116198,0.805333817161284
"Northern Mariana Islands",2003,-2.8753,1.0555,35.4069588765122,NA,6474,60948,36233,38389,6651.61078116198,0.805333817161284
"Northern Mariana Islands",2004,-2.8753,1.0696,35.4069588765122,NA,6252,59411,35179,36719,6651.98478116198,0.808641840216923
"Northern Mariana Islands",2005,-2.8753,1.0786,35.4069588765122,NA,6019,57725,34044,34982,6586.10649552253,0.808641840216923
"Northern Mariana Islands",2006,-2.8753,1.0742,35.4069588765122,NA,5776,55912,32859,33200,6652.28328116198,0.809422853821005
"Northern Mariana Islands",2007,-2.8753,1.0598,35.4069588765122,NA,5525,53988,31652,31397,6587.88389552253,0.806114830765366
"Northern Mariana Islands",2008,-2.8753,1.0292,35.4069588765122,NA,5287,52144,30450,29582,6587.23479552253,0.806114830765366
"Northern Mariana Islands",2009,-2.8753,1.024,35.4069588765122,NA,5082,50592,29278,27779,6587.67899552253,0.807940015700998
"Northern Mariana Islands",2010,-2.8753,1.0062,35.4069588765122,NA,4926,49498,28107,25980,6592.39169552253,0.820409835478977
"Northern Mariana Islands",2011,35.3907,1.228,35.4069588765122,NA,4826,48960,27520,25000,6367.0641761182,0.828614607986468
"Northern Mariana Islands",2012,35.3907,0.9586,35.4069588765122,NA,4777,48941,27523,24835,6630.62509552253,0.807940015700998
"Northern Mariana Islands",2013,35.3907,0.9543,35.4069588765122,NA,4761,49275,27494,24646,6627.05929552253,0.807940015700998
"Northern Mariana Islands",2014,35.3907,0.9525,35.4069588765122,NA,4754,49714,27427,24430,6692.81308116198,1.00383079549542
"Northern Mariana Islands",2015,35.3907,0.9309,35.4069588765122,NA,4738,50078,27325,24189,6630.45849552253,1.18904627793154
"Northern Mariana Islands",2016,60.9307,0.9102,35.4069588765122,NA,4708,50315,27200,23933,7417.85159552253,1.20401450742482
"Northern Mariana Islands",2017,60.9307,1.1159,35.4069588765122,NA,4671,50473,27059,23669,7152.1428761182,1.20401450742482
"Northern Mariana Islands",2018,60.9307,1.0964,35.4069588765122,NA,4626,50568,26903,23401,7419.32909552253,1.20401450742482
"Northern Mariana Islands",2019,60.9307,1.0804,35.4069588765122,NA,4581,50665,26731,23127,7419.09989552253,1.22205895692663
"Northern Mariana Islands",2020,60.9307,1.0692,35.4069588765122,NA,4539,50808,26631,22956,7412.99579552253,1.21802769202303
"Norway",1990,-16199.3957,17.6055,294.7599,18436.3763,1191105,3056180,2097244,2144391,15099.318986366,1.82916666666667
"Norway",1991,-16199.3957,17.0924,274.5808,16954.4141,1184144,3085327,2107277,2154610,13979.980804784,0.959083333333333
"Norway",1992,-16199.3957,15.0614,275.9472,13872.8598,1173394,3119289,2119995,2166561,10688.018969927,1.13025
"Norway",1993,-16199.3957,13.7974,112.393,14509.9352,1162903,3153885,2132640,2179497,11066.321104784,0.343333333333333
"Norway",1994,-16199.3957,16.3526,122.147,14629.5768,1152547,3189068,2144555,2192185,11413.226204784,0.419916666666667
"Norway",1995,-16199.3957,14.3807,126.7422,14594.5027,1144717,3222278,2155610,2203722,11294.733004784,0.47725
"Norway",1996,-16199.3957,16.2199,172.625,14690.1278,1139491,3253718,2166567,2214943,11895.0612979779,0.0175833333333334
"Norway",1997,-16199.3957,15.0302,161.2478,15465.6141,1128226,3292036,2178745,2226588,12628.1220979779,1.001
"Norway",1998,-16199.3957,14.7547,166.0522,16113.6049,1110682,3336804,2192451,2239224,13466.9753979779,0.36725
"Norway",1999,-16199.3957,14.6719,190.7826,16162.5439,1093024,3380980,2208472,2253671,13480.4773979779,1.03766666666667
"Norway",2000,-16199.3957,12.8116,177.2655,16937.0925,1078958,3420409,2224348,2266854,13938.284304784,1.66041666666667
"Norway",2001,-24014.8663,18.5799,234.4205,17079.8531,1068456,3454689,2236754,2277263,6598.85466276269,0.463333333333333
"Norway",2002,-24014.8663,16.947,276.2732,15145.5227,1057720,3488299,2249162,2289276,5611.50677230182,1.239
"Norway",2003,-24014.8663,19.7501,233.3789,15744.1523,1047270,3522836,2262742,2302425,6630.48125773145,1.39166666666667
"Norway",2004,-24014.8663,20.5664,200.7695,16448.5175,1039256,3558958,2276744,2315532,7363.10357230182,1.42133333333333
"Norway",2005,-24014.8663,19.0886,176.7694,16058.2512,1034154,3598210,2293215,2330474,6721.24327230183,1.59208333333333
"Norway",2006,-24014.8663,20.8634,194.1995,15470.493,1030404,3642666,2314075,2347012,6132.55629975276,1.88375
"Norway",2007,-24014.8663,23.8269,237.4253,15891.1739,1027294,3692354,2342939,2366637,6376.39350478401,1.52216666666667
"Norway",2008,-24014.8663,24.2122,228.5693,16993.1942,1024599,3746810,2377577,2391077,7418.46086956876,1.51
"Norway",2009,-24014.8663,63.6175,307.4554,12031.4767,1022628,3804552,2411119,2418080,2186.50833020026,1.13291666666667
"Norway",2010,-24014.8663,125.2345,343.9454,11650.2766,1021067,3864811,2444030,2445711,2149.70146900415,-0.602333333333333
"Norway",2011,-20367.842,95.5504,363.1503,12104.5536,1016484,3931111,2480086,2473476,6220.3781233942,2.02625
"Norway",2012,-20367.842,67.2629,342.8304,11607.1866,1008706,4003301,2517618,2501438,5598.90826900415,0.553416666666667
"Norway",2013,-20367.842,67.7576,382.0772,11243.3114,1000906,4076195,2551916,2528753,4618.88252528208,1.32641666666667
"Norway",2014,-20367.842,61.1673,300.4958,11275.1159,992506,4147805,2583377,2554546,4261.26292528208,2.23991666666667
"Norway",2015,-20367.842,59.0275,249.3342,11357.3078,983228,4216608,2612202,2578155,3292.43941002018,1.97316666666667
"Norway",2016,-20215.008,54.0824,256.5106,11425.1965,972918,4281776,2637347,2599242,3203.21177255803,1.7405
"Norway",2017,-20215.008,54.9483,290.5579,11590.972,961814,4343569,2658970,2618422,3636.58271179482,1.2885
"Norway",2018,-20215.008,51.218,355.1271,11786.8799,950323,4403040,2676939,2635381,3968.31383379098,1.57358333333333
"Norway",2019,-20215.008,51.8703,289.9756,11905.3812,938907,4462009,2696034,2652244,4012.51423160764,1.30175
"Norway",2020,-20215.008,47.1501,335.1141,11937.0806,927855,4521838,2713119,2666720,3307.76173160764,2.46541666666667
"Oman",1990,0,251.8034,111.5049,533.1434,614277,1197883,1026621,777902,2609.13269998813,0.101583333333333
"Oman",1991,0,285.036,114.1997,534.6747,609866,1283905,1090893,804294,2684.37309998813,-0.3165
"Oman",1992,0,345.8218,125.3703,528.3043,605957,1377320,1154813,830414,2791.49239998813,-0.5115
"Oman",1993,0,347.586,138.6397,552.8143,599994,1472117,1216149,855719,2727.51437646444,0.187083333333333
"Oman",1994,0,403.6926,149.8013,629.7921,608254,1540174,1254400,879275,2912.40937646444,0.131833333333333
"Oman",1995,0,374.3971,167.4138,635.5076,624506,1579777,1271419,901253,2927.80847646444,-0.0326666666666666
"Oman",1996,0,353.779,184.0555,687.5535,634128,1602538,1287526,922432,3006.91897646444,-0.2095
"Oman",1997,0,340.884,186.2376,701.648,638292,1611481,1302729,942859,3066.10917646444,-0.123166666666667
"Oman",1998,0,396.1519,196.7368,757.3972,639337,1612538,1317097,962630,3253.81637646444,0.897333333333333
"Oman",1999,0,425.0213,226.9409,719.217,640651,1614267,1330762,981838,3259.83257646444,0.419833333333333
"Oman",2000,0,386.0554,231.7504,726.8007,644819,1623172,1343767,1000486,3247.50877646444,0.583666666666667
"Oman",2001,0,460.4716,283.0952,836.9223,652896,1641891,1356102,1018552,3567.09707646444,0.794916666666667
"Oman",2002,0,533.9205,334.3743,1002.9282,664600,1669685,1367695,1035964,3907.85487646444,0.79
"Oman",2003,0,562.9886,383.5295,1354.9607,679589,1705666,1379044,1052555,4394.91317646444,0.799416666666667
"Oman",2004,0,585.0385,470.4179,1451.0747,688770,1755981,1401157,1067698,4620.30387646444,0.803666666666667
"Oman",2005,0,500.8819,489.9699,3124.2559,693105,1818164,1433559,1081633,6286.92267646444,0.852833333333333
"Oman",2006,0,589.0191,619.5306,4507.2953,698251,1884740,1465443,1095207,8408.32677646444,0.710333333333333
"Oman",2007,0,562.5265,783.8914,5023.162,704911,1957851,1497064,1108636,9433.11827646444,0.76825
"Oman",2008,0,595.4299,969.6309,5474.6942,715134,2043880,1528791,1122237,10312.8236764644,0.4115
"Oman",2009,0,653.2723,1174.8261,6104.5717,731574,2151368,1561101,1136436,11436.3236764644,0.861333333333333
"Oman",2010,0,684.0301,1341.6528,7156.0184,755463,2285997,1708903,1173012,13124.4436239565,1.01691666666667
"Oman",2011,0,731.5307,1472.5775,9047.8581,771005,2466263,1973564,1233305,15406.8013239565,0.862333333333333
"Oman",2012,0,808.3981,1626.0841,8870.2725,777340,2687304,2240160,1295419,15487.2631239565,0.835083333333333
"Oman",2013,0,852.9317,1777.6007,9863.7618,783774,2927707,2459562,1357118,19427.5861239565,0.40975
"Oman",2014,0,926.6272,1948.5428,10496.6912,786430,3174495,2591374,1417894,19905.1190239565,0.494
"Oman",2015,0,1029.2304,2149.6913,11360.7556,783245,3416565,2714401,1477375,21134.7605239565,1.2105
"Oman",2016,-3.8683,1044.0152,2211.819,12261.49,774333,3650429,2866336,1531734,21778.7344764644,1.02183333333333
"Oman",2017,-3.8683,1088.6513,2131.8555,12764.4944,762220,3874042,2960916,1580938,21885.2415764644,1.24966666666667
"Oman",2018,-3.8683,1130.2629,2875.3759,12337.9038,746740,4083206,2971367,1629789,22268.9618764644,1.21458333333333
"Oman",2019,-3.8683,1156.5928,2989.5267,14039.3532,728113,4273762,2924701,1678067,24922.3188764644,0.88475
"Oman",2020,-3.8683,1085.8346,2850.1877,14714.8608,706730,4442970,2820785,1722614,24753.8230764644,0.465083333333333
"Pacific Islands Trust Territory",1990,-384.715,NA,366.582194140295,3.2214,96946,104309,107102,100845,11603.7269378711,0.395
"Pakistan",1990,0,1016.3102,1182.3862,8690.997,74754921,32923693,59844215,55569854,75404.5437207824,0.316333333333333
"Pakistan",1991,0,1142.4374,1218.2219,8529.7464,76596980,34133440,61767894,57435675,77112.5139050314,-0.221333333333333
"Pakistan",1992,0,1171.3422,1261.8114,8159.3474,78397927,35349208,63389141,58986038,78360.859613693,-0.37125
"Pakistan",1993,0,1313.2032,781.7952,8438.6996,80173404,36576156,65019628,60526987,81502.3417931834,0.375
"Pakistan",1994,0,1355.1185,826.2214,8333.8199,81944046,37825510,66919877,62325262,82959.7269935237,0.0626666666666666
"Pakistan",1995,0,1628.6065,891.7911,8145.263,83725038,39104110,68906276,64211200,85501.2913428756,-0.1285
"Pakistan",1996,0,1847.0863,426.2304,8581.7342,85522340,40415999,71012953,66221856,87923.4843666129,-0.156666666666667
"Pakistan",1997,0,1914.5151,497.7379,8438.6251,87329956,41757031,73104663,68225605,91034.8246070378,-0.412833333333333
"Pakistan",1998,0,2020.8828,562.1132,10238.6244,89157996,43095268,75217269,70258836,93160.1790738041,0.610083333333333
"Pakistan",1999,0,2195.9418,824.37,9689.9468,91015393,44390191,77366201,72328261,95655.9812976657,0.766583333333333
"Pakistan",2000,0,2391.6105,974.3364,9596.9258,92835896,45687389,79746052,74623871,96839.7139237311,0.696666666666667
"Pakistan",2001,0,2615.702,1002.4063,10138.3894,94617502,46983935,82212668,77005059,96301.1000063342,0.87
"Pakistan",2002,0,2700.0187,969.3241,10701.9871,96368659,48285484,84278393,78984415,98696.9343597894,0.914666666666667
"Pakistan",2003,0,2642.9005,992.9111,11660.7547,98104460,49598941,86127265,80749416,103638.096901748,0.461583333333333
"Pakistan",2004,0,2974.1198,1043.3287,11792.2651,99845050,50935250,88049526,82599094,105435.876915014,1.07433333333333
"Pakistan",2005,0,3199.7874,1115.866,12700.4341,101607860,52301807,89942008,84430090,108081.65275871,0.105416666666667
"Pakistan",2006,0,3584.2552,1107.1841,14252.3426,103392912,53701081,91810143,86259841,112747.04276564,1.016
"Pakistan",2007,0,3720.8749,1762.1201,15989.6326,105200045,55132929,93744001,88180519,117646.786074198,0.655333333333333
"Pakistan",2008,0,3683.0693,1842.9705,16349.6695,107040193,56604410,95745628,90186327,120329.584133792,0.4755
"Pakistan",2009,0,3832.1489,1934.5369,18590.0983,108927738,58121842,97833204,92290019,124640.447033792,1.012
"Pakistan",2010,0,3730.9861,1978.4365,18629.2865,110868669,59691513,99987484,94467014,124108.749406098,1.1685
"Pakistan",2011,0,3771.1408,1615.148,18100.5961,112867839,61316426,102047023,96555715,124321.425201497,0.869916666666667
"Pakistan",2012,0,3990.9699,1679.1502,17720.3227,114917348,62994185,103831984,98373877,122276.106836141,0.31375
"Pakistan",2013,0,4042.8384,1768.2861,16839.3142,116999097,64713498,105378643,99958919,127025.655813177,0.746666666666667
"Pakistan",2014,0,4262.0698,1828.234,17858.9764,119084632,66461625,106815000,101436628,129000.455189785,0.335583333333333
"Pakistan",2015,0,4583.8284,1929.5034,18488.2062,121153730,68226783,107983708,102985590,132951.905062091,0.552
"Pakistan",2016,0,4917.622,2034.6325,20508.1988,123198205,70005271,108894512,104630327,140002.084206837,1.48291666666667
"Pakistan",2017,0,5320.9184,2132.0337,23128.0359,125220255,71795700,110003086,106376569,147051.703306837,1.026
"Pakistan",2018,0,4974.8768,2208.721,23947.7205,127183388,73630430,111438323,108293156,148751.694488337,1.37316666666667
"Pakistan",2019,0,5122.3274,2288.675,22764.2014,129085803,75510639,113015042,110278237,150991.778373891,0.498083333333333
"Pakistan",2020,0,5167.6426,2314.2946,25093.6035,130924605,77437729,114815641,112381099,155486.428412645,0.39025
"Palau",1991,NA,NA,366.582194140295,3.1935,4647,10827,8414,7226,13991.076336271,-0.14
"Palau",1992,NA,3.5757,5.2223,2.9359,4715,11179,8598,7407,11958.8626169074,0.04475
"Palau",1993,NA,3.4544,5.112,2.9982,4788,11554,8786,7594,11959.8883169074,0.100333333333333
"Palau",1994,NA,3.4148,5.0078,4.4506,4862,11944,8986,7785,11960.6292169074,0.228833333333333
"Palau",1995,NA,3.2312,5.185,4.073,4929,12324,9220,7989,11347.9139798276,0.301083333333333
"Palau",1996,NA,3.3476,5.4178,4.1754,5076,12615,9524,8207,11349.7344798276,0.3445
"Palau",1997,NA,3.2716,5.6394,4.9078,5244,12879,9879,8419,11352.4239798276,0.376
"Palau",1998,NA,3.2741,6.0553,3.9899,5404,13120,10229,8623,11071.1004674734,0.636333333333333
"Palau",1999,NA,3.3153,5.8051,4.4218,5554,13325,10559,8820,11287.1414941882,0.384166666666667
"Palau",2000,NA,3.2331,6.3655,4.3034,5688,13487,10767,8959,11351.3425798276,0.3595
"Palau",2001,NA,3.0475,6.6952,3.7247,5803,13601,10804,9024,11962.9719169074,0.435666666666667
"Palau",2002,NA,3.7385,5.5898,1.8655,5902,13672,10784,9066,11958.9440169074,0.604333333333333
"Palau",2003,NA,3.6423,5.6045,2.3163,5989,13711,10767,9113,11070.1590674734,0.3355
"Palau",2004,NA,3.6461,5.6438,2.4068,5865,13939,10744,9164,11068.9793674734,0.619166666666667
"Palau",2005,NA,3.7008,6.5353,2.8273,5743,14163,10666,9165,11069.4577674734,0.322
"Palau",2006,NA,3.2716,5.8953,3.0279,5621,14391,10523,9095,11068.0445674734,0.449
"Palau",2007,NA,3.2439,6.1234,2.4384,5501,14615,10358,9008,11066.7098674734,0.529333333333333
"Palau",2008,NA,2.8494,5.7586,2.1192,5383,14845,10190,8912,11063.5655674734,0.517333333333333
"Palau",2009,NA,2.7598,5.246,2.9497,5267,15075,10013,8813,11290.5775941882,0.584166666666667
"Palau",2010,NA,2.4864,5.2908,2.4105,5155,15315,9830,8710,11061.6379674734,0.652
"Palau",2011,NA,2.1793,5.1158,2.171,5044,15555,9637,8602,11288.8386941882,0.58075
"Palau",2012,NA,2.093,4.2892,2.2821,4942,15816,9450,8496,11289.0529941882,0.780166666666667
"Palau",2013,NA,2.085,4.474,1.1429,4841,16079,9389,8416,11286.9872941882,0.916416666666667
"Palau",2014,NA,2.0101,4.175,1.1087,4743,16351,9443,8353,11284.6296941882,0.959181818181818
"Palau",2015,NA,2.2136,4.4676,1.0657,4650,16638,9454,8339,11283.4865941882,1.19708333333333
"Palau",2016,NA,2.5202,4.1687,1.0271,4564,16939,9431,8384,11347.7224798276,1.26433333333333
"Palau",2017,NA,2.9628,4.362,1.0691,4484,17245,9409,8427,11349.6266798276,1.10775
"Palau",2018,NA,2.8723,4.2773,0.8275,4408,17556,9389,8476,11283.0415941882,1.2778
"Palau",2019,NA,2.958,4.2006,0.6712,4337,17869,9379,8537,11283.6806941882,1.20540002405155
"Palau",2020,NA,2.9354,4.0181,0.515,4267,18175,9377,8595,11281.7773941882,1.371
"Palestine",1990,NA,87.0642,330.045,NA,678404,1422479,1066691,1057918,6407.85581103962,0.0965
"Palestine",1991,NA,94.8045,348.591,NA,696131,1494268,1112383,1101889,6440.73377824173,0.0394166666666666
"Palestine",1992,NA,117.9921,367.9218,NA,715240,1571745,1161142,1148856,6602.60503129246,-1.04216666666667
"Palestine",1993,NA,127.7998,216.4771,NA,735670,1654929,1212372,1198273,6772.12008493547,-0.044
"Palestine",1994,NA,130.3616,241.7432,NA,757236,1743842,1265608,1249556,4264.64739639944,0.47325
"Palestine",1995,NA,121.1616,284.6806,NA,779654,1838048,1320648,1302497,4302.88914829316,-0.0373333333333333
"Palestine",1996,NA,171.2989,125.2642,NA,803156,1938422,1377145,1356855,4219.25744829316,0.518333333333333
"Palestine",1997,NA,235.2268,168.5765,NA,827261,2043886,1434872,1412341,4329.46614829316,-0.20125
"Palestine",1998,NA,231.1482,222.1487,NA,854230,2145632,1487245,1463673,4392.72564829316,0.966666666666667
"Palestine",1999,NA,250.3062,316.5613,NA,881229,2237847,1533897,1510590,4515.33104829316,0.879083333333333
"Palestine",2000,NA,311.8958,524.2728,NA,903438,2319571,1581440,1558514,4780.12704829316,0.177
"Palestine",2001,NA,366.5721,672.8242,NA,920182,2388568,1625428,1604650,4990.16464829316,0.85775
"Palestine",2002,NA,380.7995,827.1557,NA,932313,2446736,1662957,1646528,5179.05894829316,0.7345
"Palestine",2003,NA,386.2163,989.7787,NA,941833,2498966,1697765,1686425,5359.85619722066,0.532583333333333
"Palestine",2004,NA,314.0383,1167.9474,NA,951516,2552525,1733175,1726950,5466.84649722066,0.457333333333333
"Palestine",2005,NA,316.2003,1351.806,NA,963377,2612793,1771611,1769582,5666.39169722066,0.433583333333333
"Palestine",2006,NA,336.3474,1323.0063,NA,977912,2681451,1813229,1814439,5673.84639722066,0.33725
"Palestine",2007,NA,375.1818,1303.5512,NA,994598,2757268,1856992,1860887,5683.34329722066,0.62125
"Palestine",2008,NA,343.6468,1269.3081,NA,1013008,2839302,1901417,1907402,5617.27109722066,0.828916666666667
"Palestine",2009,NA,378.1283,1281.1562,NA,1032118,2925866,1945748,1953650,5680.07629722066,0.878666666666667
"Palestine",2010,NA,374.4891,1207.6852,NA,1051314,3015515,1991202,2001076,5623.64219722066,2.3465
"Palestine",2011,NA,422.5386,1223.9879,NA,1070580,3108295,2037967,2049778,5697.79919722066,0.433166666666667
"Palestine",2012,NA,450.0757,1283.263,NA,1090093,3204867,2085189,2098972,5798.67649722066,1.1155
"Palestine",2013,NA,407.7546,1277.2906,NA,1109698,3304946,2133121,2148673,5812.10129722066,0.956
"Palestine",2014,NA,437.613,1362.3685,NA,1129234,3408191,2181342,2199133,6036.10229722066,1.08375
"Palestine",2015,NA,440.7418,1506.4179,NA,1148560,3514324,2232449,2252164,6153.80380166174,1.14725
"Palestine",2016,NA,497.6827,1746.0567,NA,1167567,3623138,2286575,2307273,6475.64175615306,1.56675
"Palestine",2017,NA,552.9683,1929.054,NA,1186188,3734536,2340412,2360534,6718.85977429227,0.98675
"Palestine",2018,NA,471.2522,2187.4173,NA,1204356,3848420,2393709,2411838,6867.71929497924,1.92758333333333
"Palestine",2019,NA,552.9445,2445.3464,NA,1222030,3964760,2446813,2462962,7250.47857429227,1.181
"Palestine",2020,NA,641.7245,2661.5092,NA,1239153,4083476,2502621,2516780,7515.26330008189,1.54775
"Panama",1990,-677.0775,127.6502,48.5385,149.0072,1139073,1331936,1234559,1215409,9745.23388073687,0.422083333333333
"Panama",1991,-677.0775,148.3802,51.1365,150.0074,1141568,1381613,1260244,1241800,9675.88658073687,0.512416666666667
"Panama",1992,-677.0775,180.965,53.5371,128.0075,1143509,1432509,1286067,1268315,9593.15668073687,0.443
"Panama",1993,-677.0775,170.1868,37.2002,267.0077,1145040,1484604,1312313,1295187,9585.47478073688,0.514583333333333
"Panama",1994,-677.0775,186.1145,42.0626,286.0078,1146122,1538061,1338985,1322399,9519.70798073687,0.386416666666667
"Panama",1995,-677.0775,191.2696,48.1195,286.008,1146820,1592910,1366096,1349971,9367.14648073687,0.638666666666667
"Panama",1996,-677.0775,179.3252,54.8004,300.0082,1147123,1649221,1393671,1377935,9363.39518073688,0.259333333333333
"Panama",1997,-677.0775,203.4622,66.3221,323.0083,1147085,1706856,1421693,1406299,9445.04088073687,0.714
"Panama",1998,-677.0775,268.058,128.7676,344.0085,1146533,1765795,1450127,1435050,9790.08478653364,0.893
"Panama",1999,-677.0775,206.6706,105.9047,348.0087,1145382,1825815,1478953,1464167,9705.99328073687,-0.0439166666666667
"Panama",2000,-677.0775,216.9479,157.6348,429.0088,1145519,1884828,1508117,1493614,9878.68888073688,0.132916666666667
"Panama",2001,-718.7917,274.6991,258.3904,372.009,1158733,1930951,1537633,1523390,8522.43538073687,0.602833333333333
"Panama",2002,-718.7917,243.8422,258.0215,339.0092,1171701,1977564,1567505,1553486,8380.41648073687,0.910916666666667
"Panama",2003,-718.7917,323.4058,336.1681,396.0094,1184467,2024707,1597706,1583902,8979.79558073687,0.877916666666667
"Panama",2004,-718.7917,259.3679,340.5886,459.0095,1197063,2072478,1628444,1614867,8708.53988073687,0.723416666666667
"Panama",2005,-718.7917,281.2904,401.0553,458.0097,1209565,2120900,1659586,1646282,8717.07948073687,0.7
"Panama",2006,-718.7917,366.9985,448.4817,454.0099,1221915,2169990,1690750,1677823,8840.51758073687,0.814166666666667
"Panama",2007,-718.7917,334.3563,498.3717,449.0101,1234105,2219702,1722008,1709605,8799.61496280494,0.603083333333333
"Panama",2008,-718.7917,321.4113,454.7267,760.0103,1246153,2270115,1753495,1741781,9165.22428073687,0.449083333333333
"Panama",2009,-718.7917,388.1748,532.5619,692.0104,1258135,2321250,1785120,1774222,9315.35718073687,1.01816666666667
"Panama",2010,-718.7917,422.364,551.12,614.0106,1270027,2373195,1816819,1806799,9253.11678073688,0.850416666666667
"Panama",2011,-341.8074,457.581,580.054,718.0108,1281524,2426258,1848911,1839763,9439.2253944314,0.6395
"Panama",2012,-341.8074,431.2735,555.2213,926.011,1292567,2480371,1881611,1873251,9614.8574944314,0.951416666666667
"Panama",2013,-341.8074,446.3054,542.7196,951.0112,1303066,2535396,1914627,1906929,9674.2625944314,0.967583333333333
"Panama",2014,-341.8074,458.6627,605.7555,878.0114,1312887,2591099,1947968,1940824,9662.2662944314,1.039
"Panama",2015,-341.8074,463.7646,608.4468,792.0116,1321936,2647313,1981879,1975219,9672.19190715174,1.34063636363636
"Panama",2016,-271.4536,470.8313,656.4079,765.0118,1330168,2703951,2016278,2010059,9763.45982994137,1.09418181818182
"Panama",2017,-271.4536,567.6924,660.9306,773.012,1337579,2761008,2050907,2045156,9841.78273290665,0.917181818181818
"Panama",2018,-271.4536,569.0538,724.8152,676.0121,1344157,2818461,2085213,2080041,9810.63613290665,1.26466666666667
"Panama",2019,-271.4536,810.9798,1075.9991,600.0123,1349902,2876295,2118501,2114030,10456.1096954343,1.4495
"Panama",2020,-271.4536,868.6533,1073.1128,600.0125,1354818,2934512,2148870,2145526,10227.168636272,1.50245454545455
"Papua New Guinea",1990,0,12.2952,0.395,37.6847,3666342,646717,2050970,1814003,32709.8994471325,0.450916666666667
"Papua New Guinea",1991,0,12.3273,0.5842,38.8731,3767679,655328,2113559,1877437,32705.8913625666,0.255083333333333
"Papua New Guinea",1992,0,12.8019,0.7691,40.0646,3872009,663511,2186510,1950133,32880.1933269096,0.550333333333333
"Papua New Guinea",1993,0,12.8315,2.2667,42.5943,3979329,671840,2264275,2027313,32923.5887269095,0.38825
"Papua New Guinea",1994,0,12.5867,5.004,46.5582,4090243,680363,2344706,2106988,33076.400589581,0.330333333333333
"Papua New Guinea",1995,0,12.8133,8.9164,52.2923,4205137,689139,2427513,2188925,34987.149089581,0.664
"Papua New Guinea",1996,0,13.8237,12.9212,58.007,4324260,698177,2512733,2273162,34203.0421813143,0.541
"Papua New Guinea",1997,0,13.9191,12.1159,58.5324,4447440,707470,2600588,2359852,63769.8211679334,0.12175
"Papua New Guinea",1998,0,16.1296,11.5933,58.5495,4574282,716896,2690481,2448347,35062.4158169962,0.9675
"Papua New Guinea",1999,0,57.1483,15.2005,61.6902,4704126,726353,2782545,2538843,31389.4817717901,0.318083333333333
"Papua New Guinea",2000,0,68.5476,6.1607,49.6255,4836481,735741,2876874,2631423,32026.6480719775,0.391333333333333
"Papua New Guinea",2001,0,85.7585,9.013,58.0918,4962641,753511,2974119,2724370,30937.0277893487,0.511833333333333
"Papua New Guinea",2002,0,96.4153,22.7763,67.6916,5090608,771708,3074522,2818074,31922.5945949443,0.653416666666667
"Papua New Guinea",2003,0,98.297,34.0496,81.147,5220577,790147,3177073,2913907,31221.6204570493,0.5445
"Papua New Guinea",2004,0,94.4115,49.3601,98.615,5352671,808846,3281496,3011670,32487.1180758861,0.172363636363636
"Papua New Guinea",2005,0,94.3809,67.0581,117.3953,5486901,827808,3387691,3111127,30976.6951671124,0.67075
"Papua New Guinea",2006,0,94.0793,76.3304,127.8327,5623247,847025,3495994,3212224,31126.2127850116,0.298166666666667
"Papua New Guinea",2007,0,93.928,88.6221,141.0712,5761463,866459,3606247,3314819,30804.4929859678,0.4065
"Papua New Guinea",2008,0,95.4857,101.0717,153.7098,5901140,886047,3718410,3419577,30396.4254859678,0.327583333333333
"Papua New Guinea",2009,0,93.0653,111.5438,164.1963,6041735,905712,3832285,3526604,30297.3539859678,0.30775
"Papua New Guinea",2010,0,89.6416,123.3132,175.1575,6182852,925387,3947886,3635383,30374.0300859678,0.996833333333333
"Papua New Guinea",2011,0,88.996,119.0561,167.927,6324300,945048,4062416,3744221,37400.0298859678,0.4065
"Papua New Guinea",2012,0,88.7864,128.1503,178.8729,6466137,964699,4174386,3852159,37391.0764859678,0.310166666666667
"Papua New Guinea",2013,0,91.1281,137.8435,187.8187,6607438,985427,4285535,3960092,37433.6815859678,0.770333333333333
"Papua New Guinea",2014,0,92.5739,145.8647,195.8929,6748445,1007340,4396106,4068046,37512.6297859678,0.431416666666667
"Papua New Guinea",2015,0,98.9683,154.1855,205.3387,6889286,1030539,4505977,4176197,39824.6659859678,0.1435
"Papua New Guinea",2016,0,101.1111,162.8177,217.6846,7029890,1055101,4614885,4284284,38189.6499859678,1.128
"Papua New Guinea",2017,0,100.902,170.4217,226.6587,7170073,1081089,4722981,4391815,38242.7332859678,0.767916666666667
"Papua New Guinea",2018,0,105.5978,179.2819,236.6046,7309758,1108588,4830369,4498858,38740.3530859678,0.741416666666667
"Papua New Guinea",2019,0,108.4353,187.0964,242.3787,7448841,1137684,4936763,4605722,38646.1133859678,0.687083333333333
"Papua New Guinea",2020,0,106.9086,195.3103,251.7246,7587206,1168469,5039466,4710175,38912.4705859678,1.05833333333333
"Paraguay",1990,-333.7277,83.9572,0.429,264.8905,2161900,2051842,2052617,2006578,52169.1258112986,0.02325
"Paraguay",1991,-333.7277,87.904,0.4345,263.0249,2185944,2137466,2107809,2060188,51767.3421112986,0.675833333333333
"Paraguay",1992,-333.7277,95.7115,0.4373,353.1566,2208126,2224610,2163065,2113986,52065.4651112986,-0.42875
"Paraguay",1993,-333.7277,103.5624,0.4434,345.2205,2232604,2309298,2218285,2167916,52502.0408112986,0.238833333333333
"Paraguay",1994,-333.7277,111.3125,0.4432,414.3511,2256416,2394809,2273399,2221903,52914.5824911753,0.966166666666667
"Paraguay",1995,-333.7277,123.8466,0.4651,441.4496,2278990,2481860,2328184,2275733,53398.6712911753,0.422
"Paraguay",1996,-333.7277,119.2772,0.4542,425.5353,2300248,2570446,2382421,2329234,53540.2399561081,0.0765
"Paraguay",1997,-333.7277,127.0657,0.4573,425.5599,2320138,2660206,2436036,2382253,54258.3018561081,0.93975
"Paraguay",1998,-333.7277,132.9274,0.462,398.6492,2338321,2750989,2488820,2434630,53769.2148911754,0.0681666666666666
"Paraguay",1999,-333.7277,160.265,0.4648,392.7316,2354571,2842366,2540168,2485863,58740.6498112986,0.0728333333333333
"Paraguay",2000,-333.7277,138.8192,0.4669,403.8542,2368649,2934051,2589005,2534814,51979.8607112986,0.0404166666666667
"Paraguay",2001,-333.7277,119.0905,0.4695,366.9239,2380757,3025867,2632691,2578849,67334.2718112986,0.614416666666667
"Paraguay",2002,-333.7277,123.4555,0.4698,362.021,2390764,3117847,2669782,2616730,69037.8657911754,1.18075
"Paraguay",2003,-333.7277,119.8838,0.4701,425.1221,2412728,3195222,2702423,2650831,68867.0540112986,0.598916666666667
"Paraguay",2004,-333.7277,129.8262,0.4703,399.2329,2435187,3268553,2733019,2683305,66842.2679911754,0.407916666666667
"Paraguay",2005,-333.7277,127.0358,0.5737,421.4114,2455395,3340099,2762367,2714511,68533.4317848222,0.563333333333333
"Paraguay",2006,-333.7277,127.0315,0.8483,431.8148,2473144,3409652,2790367,2744307,67742.5395937769,0.99725
"Paraguay",2007,-333.7277,129.3764,1.042,420.0375,2488720,3477439,2817256,2772888,71755.9895561081,0.156083333333333
"Paraguay",2008,-333.7277,127.1735,1.1781,440.2127,2502774,3544343,2843994,2801155,67647.3786065653,0.318
"Paraguay",2009,-333.7277,136.524,1.2608,482.4718,2516303,3611534,2872003,2830572,67716.8915659136,0.874166666666667
"Paraguay",2010,-333.7277,125.661,1.3058,459.4342,2529866,3680011,2904393,2864220,68640.538292953,0.3605
"Paraguay",2011,-1570.8898,136.5611,1.3153,406.4666,2543703,3750080,2941517,2902421,80932.8394928981,0.502
"Paraguay",2012,-1570.8898,142.8232,1.3062,496.5471,2557635,3821584,2980731,2942591,80921.3664974301,0.97325
"Paraguay",2013,-1570.8898,147.7625,1.2448,426.5605,2573579,3892161,3021458,2984194,82247.5799268653,0.313416666666667
"Paraguay",2014,-1570.8898,146.1024,1.0709,470.4399,2590005,3962579,3063559,3027162,81475.1856545173,1.03183333333333
"Paraguay",2015,-1570.8898,150.8822,0.7824,557.1829,2605873,4033246,3106699,3071251,81265.3029386173,1.53658333333333
"Paraguay",2016,-1880.2626,149.3566,0.4275,556.8531,2621149,4104159,3150499,3116116,59648.1267308895,0.18875
"Paraguay",2017,-1880.2626,153.6797,2.426,609.453,2635972,4175325,3194330,3161074,61914.9727308895,1.21041666666667
"Paraguay",2018,-1880.2626,161.1868,0.8764,611.4505,2649475,4247433,3237726,3205602,59776.4693902377,0.514833333333333
"Paraguay",2019,-1880.2626,157.7269,0.8739,614.4729,2661610,4320371,3280434,3249592,62306.5062427136,1.21875
"Paraguay",2020,-1880.2626,161.8059,0.871,615.5351,2672298,4394032,3323985,3294711,62343.2013308895,1.43191666666667
"Peru",1990,-23449.3055,501.5047,139.1545,1624.6087,6787924,15038734,11028476,11080623,78050.1606292524,0.2985
"Peru",1991,-23449.3055,525.505,93.2243,1688.7173,6840962,15442166,11262762,11320245,78223.2831242986,0.555666666666667
"Peru",1992,-23449.3055,581.334,112.316,1612.6984,6890116,15846940,11492270,11554978,78479.3573220582,0.7855
"Peru",1993,-23449.3055,527.2184,95.301,1835.97,6934573,16249655,11723006,11790876,79290.6443761366,0.4805
"Peru",1994,-23449.3055,533.968,88.0653,1970.5651,6962706,16656650,11956534,12026724,80241.6820539403,0.550166666666667
"Peru",1995,-23449.3055,736.4901,129.8781,2312.2613,6983111,17055649,12189353,12259703,81013.0847915231,0.747916666666667
"Peru",1996,-23449.3055,803.097,197.5709,2259.6614,6995789,17445285,12418047,12489256,81827.3332003298,0.138916666666667
"Peru",1997,-23449.3055,885.5313,195.9917,2441.6856,7001754,17825652,12646350,12719037,81994.8410003298,0.97725
"Peru",1998,-23449.3055,891.8955,68.7377,2422.3662,7001386,18198362,12871958,12946269,81710.8284977003,1.22891666666667
"Peru",1999,-23449.3055,902.5171,56.671,2154.107,6995933,18565366,13088603,13163636,82831.3004220816,0.206333333333333
"Peru",2000,-23449.3055,936.553,97.7926,2253.5733,6986192,18928687,13290367,13364073,82744.6223261334,0.328083333333333
"Peru",2001,-13217.6923,912.3548,189.7428,2313.6205,6972982,19288381,13472595,13542313,88187.5695220816,0.516333333333333
"Peru",2002,-13217.6923,1042.0663,247.6077,2345.2538,6956188,19645279,13635757,13698746,88890.7871053395,0.766833333333333
"Peru",2003,-13217.6923,1066.7001,299.7107,2441.1689,6936737,20001001,13784608,13838734,89521.4212247187,0.761583333333333
"Peru",2004,-13217.6923,1224.9092,405.9434,2791.7863,6915339,20357855,13925077,13968835,90508.6779792353,0.689
"Peru",2005,-13217.6923,1355.2329,481.1607,3108.8184,6893135,20717275,14057586,14089681,92396.5036890936,0.787416666666667
"Peru",2006,-13217.6923,1392.175,501.8854,3388.0292,6869848,21080096,14180761,14200318,91951.3111013136,0.820583333333333
"Peru",2007,-13217.6923,1519.2134,380.3194,3549.884,6845868,21446856,14296701,14303686,92484.6758926538,0.517916666666667
"Peru",2008,-13217.6923,1546.5633,665.6092,3861.5748,6859120,21782860,14388026,14418159,93551.9922926538,0.62925
"Peru",2009,-13217.6923,1652.6562,755.3822,4237.9537,6890339,22111168,14461087,14548239,94558.5066013136,0.912333333333333
"Peru",2010,-13217.6923,1605.4542,836.2583,4305.8877,6923397,22450249,14545483,14684090,95016.5233345969,1.00041666666667
"Peru",2011,-9051.0823,1784.3843,972.9197,4392.0056,6958683,22801306,14647747,14829974,119137.664407316,0.8015
"Peru",2012,-9051.0823,1833.7908,964.8548,4925.0612,6995686,23163280,14765435,14984154,120471.571502414,0.79975
"Peru",2013,-9051.0823,1991.0031,1066.9726,5528.1182,7033463,23532253,14894870,15143939,121636.584925856,0.679583333333333
"Peru",2014,-9051.0823,2082.0729,1099.3192,5912.1729,7070179,23903175,15041702,15312249,121970.035570557,0.880583333333333
"Peru",2015,-9051.0823,2175.237,1147.6418,5725.2294,7104742,24271929,15215665,15496198,122361.646425856,1.29408333333333
"Peru",2016,-3246.9785,2202.1064,1132.9656,5658.2858,7136697,24637142,15428091,15704688,123493.71261982,1.43066666666667
"Peru",2017,-3246.9785,2219.2433,1129.2846,5652.2875,7166470,24999015,15666065,15939422,123426.862425856,0.964833333333333
"Peru",2018,-3246.9785,2212.2931,1165.1261,5735.3437,7191715,25360100,15961942,16242003,123842.104327746,0.729
"Peru",2019,-3246.9785,2195.3,1248.9827,6058.3471,7212742,25721093,16268182,16556679,124650.151400875,1.05575
"Peru",2020,-3246.9785,2250.9927,1232.7105,6107.49,7229699,26082479,16499432,16805323,124108.37600308,1.79666666666667
"Philippines",1990,-19712.1471,1118.0781,2486.6351,6084.7329,32840916,29106432,31029508,30529390,63474.3205,0.46925
"Philippines",1991,-19712.1471,1273.8613,3517.5888,7382.7789,33722633,29785826,31785071,31254680,66848.011,0.333583333333333
"Philippines",1992,-19712.1471,1365.0072,4126.0621,8262.4558,34610222,30465264,32553584,31989942,66997.7584,0.387833333333333
"Philippines",1993,-19712.1471,1511.1779,2405.336,9239.8735,35504435,31145812,33341505,32741816,68048.866,0.411666666666667
"Philippines",1994,-19712.1471,1658.3828,2544.7742,10212.144,36407381,31828849,34144440,33505843,73159.8477,0.5045
"Philippines",1995,-19712.1471,1928.7125,2688.6554,10762.6671,37320229,32515486,34963739,34286729,76569.2924,0.486166666666667
"Philippines",1996,-19712.1471,2176.6417,2835.2437,10972.327,38241708,33204399,35828416,35116553,79571.2019,0.423583333333333
"Philippines",1997,-19712.1471,2489.7376,3017.4993,11359.2166,39170176,33894588,36731484,35987353,80289.239,0.573166666666667
"Philippines",1998,-19712.1471,3266.5397,382.7375,9958.9172,40106983,34586712,37632982,36858936,67901.4781,1.33241666666667
"Philippines",1999,-19712.1471,2833.6992,461.4696,9640.3493,41053637,35282175,38524491,37724573,75434.123,0.529166666666667
"Philippines",2000,-19712.1471,2993.2273,815.4225,9215.1471,42010504,35981065,39394372,38563851,75980.54,0.6835
"Philippines",2001,-20988.5166,3140.807,1108.2326,8001.8926,42979692,36685623,40249236,39376849,75909.0889,0.783666666666667
"Philippines",2002,-20988.5166,3062.7503,1370.9231,10196.0858,43958821,37393239,41101162,40184410,79580.2374,0.802583333333333
"Philippines",2003,-20988.5166,3670.0827,1673.1997,10241.375,44937089,38094865,41950313,40992524,79940.3657,0.696833333333333
"Philippines",2004,-20988.5166,3578.5272,1990.179,10594.6437,45900211,38778282,42802430,41805071,82711.0625,0.738
"Philippines",2005,-20988.5166,3496.9673,2415.9075,11687.5823,46838332,39435905,43650124,42611126,83281.036,0.7665
"Philippines",2006,-20988.5166,3391.1763,2497.3529,10567.9854,47746310,40063109,44491550,43410285,83597.1553,0.905166666666667
"Philippines",2007,-20988.5166,3510.7161,2623.5465,11098.9094,48629037,40664453,45333001,44228376,86327.0274,0.839416666666667
"Philippines",2008,-20988.5166,3668.2539,2765.2546,11363.6324,49500348,41251516,46168861,45083466,88776.4279,0.545
"Philippines",2009,-20988.5166,3900.3983,2956.8948,12055.7489,50379709,41841170,46992939,45954012,91100.7072,0.716916666666667
"Philippines",2010,-20988.5166,4055.6977,3066.4474,12628.5635,51238690,42487934,47832279,46804421,90294.5124,1.08758333333333
"Philippines",2011,2429.552,4089.7002,3136.7737,12448.4494,51905589,43372351,48706658,47631255,91692.5661,0.625083333333333
"Philippines",2012,2429.552,4200.6036,3251.2595,13725.6248,52586504,44280138,49587787,48444531,94767.2555,0.950333333333333
"Philippines",2013,2429.552,4534.1627,3531.0416,14152.5178,53275654,45205378,50455169,49244938,97065.1392,1.04333333333333
"Philippines",2014,2429.552,4701.8301,3912.3184,14899.4108,53961963,46140286,51299898,50025302,98434.5456,0.941666666666667
"Philippines",2015,2429.552,5258.2305,4197.1351,15806.3038,54638160,47078199,52189304,50842060,100067.2825,1.20283333333333
"Philippines",2016,2462.1111,5974.5173,4765.2733,16313.1968,55302333,48017889,53151806,51723461,101986.8448,1.61558333333333
"Philippines",2017,2462.1111,6516.3719,5485.1296,16820.0898,55939801,48978289,54121554,52616948,107441.1794,1.27041666666667
"Philippines",2018,2462.1111,7076.3936,6109.3441,17927.0093,56550096,49961978,55072020,53496816,110524.6003,1.3495
"Philippines",2019,2462.1111,7655.18,6678.6253,18830.792,57134902,50971408,56011134,54369671,111595.1095,1.407
"Philippines",2020,2462.1111,8088.8659,6685.829,18937.6885,57694793,52008603,56947945,55243033,111745.2361,1.569
"Poland",1990,-26691.1333,7612.4825,3957.9127,25181.712,14699772,23254781,18547029,19517226,104371.512309269,1.60175
"Poland",1991,-26691.1333,8857.1088,3816.3907,24732.1077,14730260,23346953,18588070,19579312,108531.673809269,0.355833333333333
"Poland",1992,-26691.1333,8524.0901,3676.9953,27591.6705,14757494,23434283,18619323,19632953,107945.906509269,1.18591666666667
"Poland",1993,-26691.1333,8972.1202,3722.6929,27072.2047,14780486,23514988,18643346,19675950,110122.831209269,0.24875
"Poland",1994,-26691.1333,8346.6601,3158.6336,30004.6397,14797334,23586182,18662943,19712517,109524.985509269,1.31808333333333
"Poland",1995,-26691.1333,8329.3123,3156.4599,33583.8462,14806822,23645810,18667339,19734639,113651.372909269,0.666833333333333
"Poland",1996,-26691.1333,8256.1247,3506.1266,33469.468,14809256,23694351,18659167,19742240,117650.177209269,-0.811583333333333
"Poland",1997,-26691.1333,7952.0009,3267.3674,35735.1271,14805609,23733121,18648928,19747201,118419.617509269,0.402416666666667
"Poland",1998,-26691.1333,7016.7123,3566.96,34318.8828,14795852,23762202,18632295,19747696,110786.342109269,0.766916666666667
"Poland",1999,-26691.1333,7276.6833,3938.5069,32101.1798,14780073,23781621,18608964,19745992,106910.475409269,1.42075
"Poland",2000,-26691.1333,6441.9479,4136.6914,32510.3634,14758595,23791900,18693946,19810484,106944.846109269,2.00008333333333
"Poland",2001,-84614.5667,7073.099,4607.5486,30432.1312,14731334,23792671,18786750,19876112,49237.0319003368,0.82475
"Poland",2002,-84614.5667,7227.6057,5143.4795,29076.9152,14706001,23778471,18772750,19874727,47751.2403559759,1.60491666666667
"Poland",2003,-84614.5667,7251.5353,5624.1617,29805.168,14731403,23707423,18753735,19867796,47213.2402724504,0.853916666666667
"Poland",2004,-84614.5667,7334.2869,5973.2928,30503.7187,14757919,23638147,18734686,19861356,49135.9226724504,0.79575
"Poland",2005,-84614.5667,7835.5911,6250.6858,32603.8968,14787876,23574790,18717482,19858429,52868.8802092687,0.7415
"Poland",2006,-84614.5667,8555.0075,7015.2323,34266.6061,14822414,23518622,18694052,19853127,54405.0645092687,1.187
"Poland",2007,-84614.5667,8180.6021,7156.6873,36157.7308,14860895,23468690,18671071,19850803,56708.7187092687,1.85908333333333
"Poland",2008,-84614.5667,8534.8648,8077.3132,36211.4556,14902394,23423295,18663540,19859342,58600.1210092687,1.81841666666667
"Poland",2009,-84614.5667,8830.2865,7452.2757,32817.7925,14945010,23379860,18675280,19880005,54731.7751092687,1.08675
"Poland",2010,-84614.5667,9780.2767,9062.7954,33489.9946,14987475,23335927,18693495,19903858,59581.4593657789,0.0589166666666667
"Poland",2011,-40078.8667,8901.4091,9275.6991,36991.8894,15029607,23291340,18702100,19918747,104526.586565779,1.41016666666667
"Poland",2012,-40078.8667,9163.5736,9365.5392,37494.4789,15076293,23241111,18701413,19924460,106011.469165779,0.981416666666667
"Poland",2013,-40078.8667,8940.1993,9492.732,39055.9435,15121151,23188300,18689962,19917391,106645.681465779,1.04133333333333
"Poland",2014,-40078.8667,8251.4147,9921.2279,42380.8716,15162767,23130293,18675881,19905992,111060.357165779,2.26283333333333
"Poland",2015,-40078.8667,8125.738,8964.1587,51649.5298,15199849,23065377,18660163,19892982,124076.085865779,2.29075
"Poland",2016,-45790.8,8380.3305,8271.5437,51854.0591,15221747,23002663,18647530,19884583,120891.435109269,1.76316666666667
"Poland",2017,-45790.8,8371.9596,8051.2345,54364.3584,15228329,22942383,18646143,19886668,126142.059309269,1.56758333333333
"Poland",2018,-45790.8,8362.1404,6609.2719,64288.4739,15219933,22884899,18640083,19881374,134151.363309269,2.3865
"Poland",2019,-45790.8,7925.4431,6202.2158,57177.3936,15197181,22831097,18625840,19867761,124176.281309269,2.78333333333333
"Poland",2020,-45790.8,8045.7986,5503.1681,56299.3523,15160592,22781639,18590207,19838160,123319.900209269,2.60175
"Portugal",1990,-1886.885,1521.9663,905.4882,6755.0511,5184144,4769183,4820327,5187019,21173.3126,1.08791666666667
"Portugal",1991,-1886.885,1645.8223,930.6492,6816.5779,5139790,4834405,4808784,5177631,21443.4403,0.552916666666667
"Portugal",1992,-1886.885,1910.3907,1022.027,6667.7323,5091893,4917683,4803289,5175454,21719.3498,0.451166666666667
"Portugal",1993,-1886.885,1860.2575,666.1629,6464.6198,5048721,5006275,4808603,5183500,20721.8218,-0.21325
"Portugal",1994,-1886.885,1874.9896,673.7022,6604.0368,5006350,5097093,4821330,5196775,21153.5461,0.735666666666667
"Portugal",1995,-1886.885,2041.5044,565.4595,7031.9827,4962303,5187432,4838523,5212726,21443.6933,1.72733333333333
"Portugal",1996,-1886.885,1865.754,471.5299,7064.6311,4915839,5276555,4857487,5230158,21517.7423,0.6685
"Portugal",1997,-1886.885,1932.9555,600.5681,7479.1954,4868028,5364856,4879541,5251008,22694.8023,1.627
"Portugal",1998,-1886.885,1957.4724,687.4171,7550.4648,4819168,5453118,4904549,5274867,23531.9245,1.042
"Portugal",1999,-1886.885,2287.5429,851.7567,7839.9417,4770326,5542285,4932461,5300908,24840.344,0.739333333333333
"Portugal",2000,-1886.885,2204.2674,875.2746,8040.7687,4721990,5633127,4967627,5332999,25342.7823,0.777416666666667
"Portugal",2001,-164.4977,2196.1216,1040.3994,7720.8734,4675151,5724161,5004337,5367483,22953.7221,0.909333333333333
"Portugal",2002,-164.4977,2547.0582,1197.651,8214.0308,4630074,5813594,5030278,5400636,24716.6802,0.966
"Portugal",2003,-164.4977,2416.7054,1051.5206,8279.5695,4584232,5902881,5045303,5428040,24399.2823,1.30608333333333
"Portugal",2004,-164.4977,2629.1613,1124.6757,9036.8245,4536981,5991287,5054515,5447007,25777.4078,1.007
"Portugal",2005,-164.4977,2868.4991,1400.7691,9242.3943,4488055,6077668,5061076,5462239,26718.0964,1.064
"Portugal",2006,-164.4977,2487.9048,1271.7561,9317.7054,4437475,6162476,5067237,5476709,25605.9563,1.55033333333333
"Portugal",2007,-164.4977,2430.7204,1318.2801,9863.9563,4385066,6245054,5073406,5492145,26219.4566,0.774333333333333
"Portugal",2008,-164.4977,2369.5382,1406.3426,9658.1212,4329158,6322941,5074771,5506189,25827.6432,0.623333333333333
"Portugal",2009,-164.4977,2357.8494,1494.982,13958.4892,4268076,6392540,5072332,5519011,29994.1973,1.50191666666667
"Portugal",2010,-164.4977,2056.754,1238.4252,19876.4409,4200496,6451825,5064023,5524378,35098.3813,1.10758333333333
"Portugal",2011,-1112.584,2129.4167,1365.074,20240.0154,4126097,6499233,5045028,5519798,34223.4386,1.62058333333333
"Portugal",2012,-1112.584,2292.0996,1499.9545,21524.0304,4046172,6535649,5016075,5506011,35605.8692,0.8325
"Portugal",2013,-1112.584,1861.4462,1375.2362,23683.9306,3963418,6564256,4979863,5484672,36799.4585,0.86725
"Portugal",2014,-1112.584,1750.6815,1417.5211,25337.8024,3881018,6590150,4943859,5464514,38541.8423,1.32533333333333
"Portugal",2015,-1112.584,2027.8605,1623.4526,26812.8057,3801276,6617197,4915615,5449820,40883.0473,1.67816666666667
"Portugal",2016,0,1879.4285,1516.8471,28243.5184,3724867,6646760,4895002,5437751,43028.5411,1.54433333333333
"Portugal",2017,0,2160.4387,1705.793,30835.7854,3651305,6678201,4878087,5429443,46984.7705,2.02558333333333
"Portugal",2018,0,1938.3691,1618.8966,32839.7007,3580203,6710993,4862542,5427292,47877.5806,1.00341666666667
"Portugal",2019,0,1718.1741,1520.2852,36245.1839,3510812,6743854,4857720,5432203,50606.0782,1.342
"Portugal",2020,0,2402.1741,1481.3751,39462.3146,3442606,6775807,4859873,5438319,53177.5543,1.89791666666667
"Puerto Rico",1990,-1247.6938,834.5081,920.147,NA,248315,3269660,1716269,1827506,15160.7948702651,0.4905
"Puerto Rico",1991,-1247.6938,904.2383,1008.6903,NA,244850,3306737,1732097,1846353,15345.3958472138,0.359833333333333
"Puerto Rico",1992,-1247.6938,886.0169,955.4205,NA,241506,3345374,1747669,1864960,15208.8522185939,0.354916666666667
"Puerto Rico",1993,-1247.6938,965.4982,891.1469,NA,238227,3384479,1762230,1882786,15241.9467975218,0.567083333333333
"Puerto Rico",1994,-1247.6938,969.4522,855.1196,NA,234880,3422532,1775770,1899979,15175.8863485165,0.721583333333333
"Puerto Rico",1995,-1247.6938,1101.56,1047.8863,NA,231395,3458246,1788529,1916418,15449.4953440581,0.745416666666667
"Puerto Rico",1996,-1247.6938,1066.7147,1103.3179,NA,227772,3491552,1800765,1932046,15466.1811612844,0.3105
"Puerto Rico",1997,-1247.6938,1091.1449,1158.5518,NA,224040,3522319,1812564,1946954,15548.9894612844,0.836
"Puerto Rico",1998,-1247.6938,1046.3612,1038.6831,NA,220106,3549230,1824011,1961227,15367.6563848947,1.20983333333333
"Puerto Rico",1999,-1247.6938,1010.605,1174.5074,NA,215897,3570678,1835159,1974956,15484.0696899633,0.56075
"Puerto Rico",2000,-1247.6938,963.6504,1299.6268,NA,213137,3583840,1842603,1984505,15554.8482549333,0.345
"Puerto Rico",2001,-2264.0167,979.6687,1342.2943,NA,215347,3584560,1844316,1987815,14623.6145118738,0.7635
"Puerto Rico",2002,-2264.0167,1125.577,1540.6951,NA,217191,3578837,1842918,1987855,14976.1566780805,0.9075
"Puerto Rico",2003,-2264.0167,1098.1491,1578.5561,NA,218769,3568499,1839664,1985965,14959.9024118738,1.02908333333333
"Puerto Rico",2004,-2264.0167,1020.5092,1571.2251,NA,220232,3556127,1834707,1982330,14842.7222009986,0.533666666666667
"Puerto Rico",2005,-2264.0167,1024.8441,1668.568,NA,221694,3543705,1828297,1977262,15040.567007303,0.848416666666667
"Puerto Rico",2006,-2264.0167,928.6335,1628.4532,NA,223205,3531908,1820625,1970934,14894.5559856403,0.90875
"Puerto Rico",2007,-2264.0167,997.3715,1754.4742,NA,224750,3520508,1811904,1963536,15115.6293280488,1.00325
"Puerto Rico",2008,-2264.0167,907.9698,1734.4266,NA,226328,3509460,1802316,1955303,15005.5123280488,0.493
"Puerto Rico",2009,-2264.0167,902.103,1692.377,NA,227910,3498421,1792291,1946649,14958.4008280488,0.750666666666667
"Puerto Rico",2010,-2264.0167,1061.2653,1840.3073,NA,229491,3487202,1781031,1936891,15284.8787082857,1.02983333333333
"Puerto Rico",2011,-592.5856,998.6629,1813.2807,NA,230841,3476143,1767120,1924494,16857.1571865578,0.596583333333333
"Puerto Rico",2012,-592.5856,985.2517,1778.0278,NA,231979,3465597,1749668,1908320,16804.0523327903,0.7935
"Puerto Rico",2013,-592.5856,897.2657,1785.9346,NA,232917,3455806,1727669,1887349,16758.9532016401,0.776833333333333
"Puerto Rico",2014,-592.5856,902.4835,1829.1968,NA,233672,3447043,1699784,1860226,16428.2585572934,0.855
"Puerto Rico",2015,-592.5856,926.1967,1844.2959,NA,234255,3439473,1668025,1829310,16434.9854552318,1.16966666666667
"Puerto Rico",2016,-2691.2029,950.2391,1896.5587,NA,234673,3433230,1635110,1797630,14418.1005653859,1.18375
"Puerto Rico",2017,-2691.2029,684.8369,1669.3721,NA,234919,3428212,1601215,1765194,13881.5574331418,0.968416666666667
"Puerto Rico",2018,-2691.2029,766.7501,1886.7782,NA,234967,3424040,1576160,1743109,14213.2780296906,0.800916666666667
"Puerto Rico",2019,-2691.2029,785.1391,1935.471,NA,234782,3420196,1560755,1732131,14286.3733820204,1.03266666666667
"Puerto Rico",2020,-2691.2029,871.196,1975.3844,NA,234336,3416272,1547842,1723723,14419.8465984968,1.27316666666667
"Qatar",1990,0,195.0661,96.1619,1951.69,34371,442074,298156,143518,4337.20957108052,0.584333333333333
"Qatar",1991,0,208.2726,101.0913,1861.5945,32708,454783,307372,149114,4384.23360261946,-0.1795
"Qatar",1992,0,196.6455,100.9225,2222.8225,30906,464611,316590,154702,4471.14799281969,-0.633333333333333
"Qatar",1993,0,205.4708,70.4604,1993.229,29076,472490,325762,160278,4300.87369281969,0.0965833333333334
"Qatar",1994,0,217.92,86.5668,2293.497,27311,479784,334865,165818,4761.88208786589,0.5225
"Qatar",1995,0,230.7493,103.587,2153.1712,25684,487771,343842,171291,4799.41648786589,0.0941666666666667
"Qatar",1996,0,221.2277,80.1568,2253.7145,24256,498048,352599,176667,5075.25758786589,0.612166666666667
"Qatar",1997,0,221.9139,98.682,3115.7595,23207,511401,366945,183645,6270.71899124396,0.02325
"Qatar",1998,0,432.1381,216.8775,4186.4515,22636,527794,388277,192720,7959.85486500751,1.40458333333333
"Qatar",1999,0,391.8658,281.4135,3899.004,22182,547265,410964,202338,7796.00892451338,1.54091666666667
"Qatar",2000,0,336.8044,422.8435,4096.225,21850,570417,433815,212122,8209.75638141567,0.914583333333333
"Qatar",2001,0,303.2309,553.9489,4648.1255,21554,595332,456796,222035,9011.5707749136,1.24266666666667
"Qatar",2002,0,279.5517,676.3092,4560.305,21361,624298,480524,232662,8907.99507491361,1.21541666666667
"Qatar",2003,0,246.0039,805.8503,4611.895,21570,667016,504789,243737,9102.82091924262,1.18825
"Qatar",2004,0,226.8633,903.1065,5049.57,22085,736770,522707,255237,9974.33957931525,1.075
"Qatar",2005,0,290.4443,1058.8724,5588.57,22523,842340,579378,269332,11562.3311920356,1.07433333333333
"Qatar",2006,0,337.8227,1111.6907,5713.28,23534,986848,727596,287464,12117.1373075789,1.25275
"Qatar",2007,0,343.8629,1064.5425,6103.515,24776,1164857,921361,310533,12844.2904482763,1.2615
"Qatar",2008,0,381.0051,1096.6587,7217.065,25861,1363481,1103898,340380,14657.5532726775,1.04083333333333
"Qatar",2009,0,459.8411,1114.0009,7696.415,26467,1564313,1233563,376711,15845.1402726775,1.28616666666667
"Qatar",2010,0,549.8293,1098.603,8719.635,26680,1752996,1297966,415537,16732.8183726775,2.01916666666667
"Qatar",2011,0,605.4211,1122.8717,10754.925,27283,1924771,1350880,453291,19062.2606726775,1.23041666666667
"Qatar",2012,0,649.985,1153.5256,15257.085,27484,2082084,1415197,490463,24178.1249726775,1.60525
"Qatar",2013,0,821.9266,1234.0288,15372.73,27334,2223139,1507300,528201,28800.9093726775,1.11866666666667
"Qatar",2014,0,908.2504,1355.9939,15467.965,26882,2347537,1651832,562633,29895.7850726775,1.61025
"Qatar",2015,0,999.0085,1499.7335,16081.165,26186,2455353,1817181,597391,31100.5270726775,1.88383333333333
"Qatar",2016,0,1032.9141,1688.9234,15678.17,25324,2544480,1955530,639636,31208.0434726775,1.63041666666667
"Qatar",2017,0,1148.0022,1911.9355,15586.125,24338,2614873,2031540,680215,24321.2983726775,1.81475
"Qatar",2018,0,1102.0328,2172.2075,15492.445,23303,2671546,2054595,712137,24052.8056726775,2.12983333333333
"Qatar",2019,0,1262.4356,2347.2998,17806.52,22293,2721608,2055936,751299,30468.8703726775,1.82983333333333
"Qatar",2020,0,1259.2551,2554.3337,18614.295,21355,2770452,2005391,754994,31826.2767726775,1.70683333333333
"Republic of Korea",1990,-44231.9832,3788.1412,4378.4413,29179.4559,11227028,31696103,22150763,21969276,31601.994,1.17308333333333
"Republic of Korea",1991,-44231.9832,4518.9649,5130.0505,34292.9681,10856658,32521443,22345315,22142098,40360.1072,0.378083333333333
"Republic of Korea",1992,-44231.9832,5400.3133,6185.5282,40167.8445,10603891,33249557,22454825,22248884,50534.6138,0.57325
"Republic of Korea",1993,-44231.9832,5707.3181,6992.2087,45528.4641,10355573,33984985,22572785,22360076,58753.4796,-0.0841666666666667
"Republic of Korea",1994,-44231.9832,6386.3565,8460.8669,49460.4259,10107196,34718689,22694093,22471687,67649.4283,1.36225
"Republic of Korea",1995,-44231.9832,6940.8226,9630.0251,52220.1846,9857292,35441319,22811718,22581699,74258.3103,0.227333333333333
"Republic of Korea",1996,-44231.9832,7674.9797,10693.1821,56802.8959,9763541,35993820,22947338,22712829,82867.7687,0.146416666666667
"Republic of Korea",1997,-44231.9832,8648.4835,11936.0471,61621.8077,9746571,36456033,23098733,22863660,91724.3323,0.742333333333333
"Republic of Korea",1998,-44231.9832,7969.4684,9169.4613,59145.4614,9723977,36903465,23242286,23007973,79308.8727,1.53375
"Republic of Korea",1999,-44231.9832,8544.1984,10557.5063,63784.7534,9694438,37329442,23378021,23142423,88638.4332,0.899083333333333
"Republic of Korea",2000,-44231.9832,9664.5178,10968.8634,60632.6006,9656885,37729427,23512494,23276097,89854.107,0.448
"Republic of Korea",2001,-63693.6211,8578.0751,11461.0139,58230.3577,9571083,38141705,23639081,23425710,71134.1878,0.806833333333333
"Republic of Korea",2002,-63693.6211,8022.2721,11874.5283,61547.6142,9457554,38547232,23744133,23576535,75140.7552,0.762916666666667
"Republic of Korea",2003,-63693.6211,8440.3952,12155.5465,60746.6187,9338132,38926894,23830193,23709546,74136.2344,0.588916666666667
"Republic of Korea",2004,-63693.6211,8755.0515,12940.054,58406.5968,9213825,39284258,23899030,23828255,70490.3915,1.29133333333333
"Republic of Korea",2005,-63693.6211,8977.54,13355.2734,56964.245,9086487,39622010,23955346,23934226,68627.8139,0.4815
"Republic of Korea",2006,-63693.6211,9643.2361,12898.5602,54922.7568,9031912,39863933,24015099,24034249,66380.7239,0.848333333333333
"Republic of Korea",2007,-63693.6211,9603.7635,13752.7856,58503.5368,9012350,40050079,24084221,24136380,71900.9142,1.26483333333333
"Republic of Korea",2008,-63693.6211,9597.0921,13983.2315,59097.4832,8990762,40228223,24156280,24242347,74738.6526,0.89325
"Republic of Korea",2009,-63693.6211,10208.2066,14634.2033,55544.5892,8969877,40409331,24233574,24354445,73289.5887,0.848666666666667
"Republic of Korea",2010,-63693.6211,10623.8354,16760.7184,55837.6668,8951241,40601614,24332449,24480593,78302.3513,0.499916666666667
"Republic of Korea",2011,-55020.0031,10682.2131,17051.2419,57804.946,8992550,40752109,24520161,24649717,90425.9816,0.28175
"Republic of Korea",2012,-55020.0031,10390.4739,17764.4114,59331.1453,9065944,40886300,24780238,24853946,94234.5352,0.216166666666667
"Republic of Korea",2013,-55020.0031,9245.2,17311.052,60062.5006,9141362,41027880,25039537,25058692,93108.1211,0.7645
"Republic of Korea",2014,-55020.0031,9698.0148,16574.8895,61594.8895,9217129,41168431,25296147,25261895,91478.9848,0.812416666666667
"Republic of Korea",2015,-55020.0031,10041.2323,17126.6748,59363.8855,9291811,41301851,25538049,25456352,90787.5816,1.29825
"Republic of Korea",2016,-48594.3187,10295.7306,17764.7129,60101.7285,9365142,41426777,25697766,25612218,98077.0808,1.60875
"Republic of Korea",2017,-48594.3187,9982.2126,18992.2802,61558.3608,9429948,41552264,25781915,25729724,101253.6152,1.18391666666667
"Republic of Korea",2018,-48594.3187,9366.3299,18913.7459,61076.6668,9486209,41678226,25847979,25828922,99759.0378,1.09933333333333
"Republic of Korea",2019,-48594.3187,9923.89,18554.2877,58767.8734,9533863,41805375,25894464,25909365,98284.2961,1.61683333333333
"Republic of Korea",2020,-48594.3187,9640.4089,18716.4755,58445.688,9572865,41934110,25901551,25943140,92531.8512,1.39208333333333
"Republic of Moldova",1992,-423.225,933.5729,41.3341,617.4252,2337519,2037794,2112979,2381923,9211.6614283508,0.514583333333333
"Republic of Moldova",1993,-423.225,546.2459,198.2384,556.6297,2338584,2031065,2114307,2379381,7169.73059295794,-0.3185
"Republic of Moldova",1994,-423.225,521.6208,160.8869,481.6717,2336049,2021234,2111543,2370965,6088.55951021139,1.45258333333333
"Republic of Moldova",1995,-423.225,505.2674,173.5387,404.007,2330356,2008726,2103749,2357482,6141.57419295794,0.39675
"Republic of Moldova",1996,-423.225,553.1547,79.9225,347.2803,2321309,1993391,2091245,2338950,6042.51622820579,-0.509166666666667
"Republic of Moldova",1997,-423.225,531.997,92.6251,430.576,2322560,1962371,2076379,2317410,6181.71719295794,-0.349833333333333
"Republic of Moldova",1998,-423.225,461.0314,24.8112,368.7385,2322547,1930737,2059299,2294235,4722.63007844267,0.495166666666667
"Republic of Moldova",1999,-423.225,296.0158,26.5385,361.9983,2323702,1900571,2037270,2266668,4141.85125400692,1.43775
"Republic of Moldova",2000,-423.225,294.2764,25.3787,330.4453,2327849,1873240,2013313,2238260,3925.05197015913,1.58341666666667
"Republic of Moldova",2001,-1717.3273,301.8901,32.0792,336.2103,2335976,1849529,1989501,2211001,3509.65417844267,1.06416666666667
"Republic of Moldova",2002,-1717.3273,359.7443,39.9167,363.2889,2347732,1828884,1964694,2182948,3630.10707844267,1.365
"Republic of Moldova",2003,-1717.3273,381.6808,50.0489,406.5425,2361602,1810044,1939468,2154514,3721.72650102985,0.391916666666667
"Republic of Moldova",2004,-1717.3273,382.6876,58.0908,450.2431,2375227,1791110,1916925,2130071,4204.56147844267,0.839666666666667
"Republic of Moldova",2005,-1717.3273,413.2889,69.5354,535.3297,2379259,1778440,1895456,2105927,4267.15657844267,0.805833333333333
"Republic of Moldova",2006,-1717.3273,430.1015,92.9732,616.5347,2373123,1771607,1868675,2074073,4350.46178593576,0.371
"Republic of Moldova",2007,-1717.3273,396.0554,150.5922,873.9897,2365195,1763454,1838477,2038366,4509.90069972336,2.12275
"Republic of Moldova",2008,-1717.3273,403.8169,172.0063,960.4473,2356613,1754827,1809063,2003359,4857.07577844267,1.698
"Republic of Moldova",2009,-1717.3273,418.8008,188.3716,494.7079,2349053,1746987,1780226,1969266,4100.59615400692,1.57775
"Republic of Moldova",2010,-1717.3273,438.1284,154.1335,495.1655,2343690,1740791,1747186,1931001,4390.17770294858,1.30066666666667
"Republic of Moldova",2011,-558.5939,457.8123,206.8869,578.2062,2340872,1736496,1708320,1886806,5191.0064842738,0.840083333333333
"Republic of Moldova",2012,-558.5939,451.5115,177.9411,593.3723,2340031,1733672,1666881,1840310,5045.3616184711,1.63933333333333
"Republic of Moldova",2013,-558.5939,440.6884,174.796,623.3441,2340291,1731673,1624019,1792512,5393.02687844267,1.61366666666667
"Republic of Moldova",2014,-558.5939,442.3137,173.4053,623.0933,2340388,1729551,1587200,1751136,5497.23337844267,1.42958333333333
"Republic of Moldova",2015,-558.5939,437.8856,261.0815,606.9803,2338327,1727653,1558572,1718816,5260.72498593576,2.2345
"Republic of Moldova",2016,-4.6941,444.8035,270.903,587.1437,2333836,1725772,1533862,1691261,6108.59767844267,1.81983333333333
"Republic of Moldova",2017,-4.6941,450.0608,287.0492,704.7268,2327145,1724067,1512668,1667839,6351.86747844267,1.73733333333333
"Republic of Moldova",2018,-4.6941,471.5245,303.0707,763.2816,2318419,1722646,1493995,1647842,6453.77267844267,1.76258333333333
"Republic of Moldova",2019,-4.6941,474.7378,311.0985,792.8337,2308002,1721748,1478057,1631434,6493.32157844267,2.69266666666667
"Republic of Moldova",2020,-4.6941,490.769,316.6244,792.3886,2296147,1721540,1465475,1619372,5991.29177814647,3.01858333333333
"Romania",1990,0,2106.0898,1061.7893,18414.6535,10988961,12500412,11148927,11687307,51712.4822,1.09883333333333
"Romania",1991,0,2491.6936,820.816,13178.141,10805409,12648804,11148885,11693597,45725.1671,-0.267083333333333
"Romania",1992,0,1930.0088,1042.2521,12742.4174,10698762,12674596,11123814,11677149,44009.512,0.485166666666667
"Romania",1993,0,1853.6969,849.7141,12664.0872,10680466,12575529,11078754,11642902,40827.7231,-0.124583333333333
"Romania",1994,0,1684.9543,880.0925,11972.4145,10651531,12464644,11027789,11604987,38511.1297,1.56691666666667
"Romania",1995,0,1880.747,347.1717,13510.04,10616987,12348124,10969846,11563288,40193.0957,0.28375
"Romania",1996,0,1852.8781,466.6428,13651.0392,10577463,12226702,10903157,11514711,39891.0057,-0.363583333333333
"Romania",1997,0,2123.5975,266.5336,11629.4592,10532520,12100285,10829746,11459789,37624.4087,-0.314166666666667
"Romania",1998,0,2128.046,415.6118,9861.6987,10485543,11972534,10755933,11405309,32969.5318,0.369916666666667
"Romania",1999,0,2077.8161,448.6607,9624.1522,10440251,11847806,10685761,11353246,30756.0598,1.05333333333333
"Romania",2000,0,2156.56,506.6592,10237.4411,10399242,11728886,10618301,11301576,30969.0572,1.4735
"Romania",2001,-3278,2112.9384,605.6239,9691.8819,10365175,11618960,10549329,11248261,27395.4468,0.91325
"Romania",2002,-3278,2284.5402,310.8511,9178.0198,10319721,11534955,10474425,11179107,26384.9954,1.36866666666667
"Romania",2003,-3278,2581.6597,567.442,10325.0773,10231821,11497098,10392410,11088909,28251.0834,0.430916666666667
"Romania",2004,-3278,2192.7849,499.8602,11452.03,10138587,11452577,10302972,10986314,29973.9442,0.672583333333333
"Romania",2005,-3278,2717.7333,632.4358,11786.5547,10035316,11395702,10211543,10880720,30931.6158,0.239833333333333
"Romania",2006,-3278,2395.5598,915.471,11901.3186,9919852,11324070,10126347,10783054,30052.6575,0.6095
"Romania",2007,-3278,2521.2313,877.4545,12320.1499,9795242,11240869,10048422,10695808,30808.5248,1.88825
"Romania",2008,-3278,2086.0276,794.8646,12248.0602,9667799,11153285,9977733,10619775,31152.5939,1.57375
"Romania",2009,-3278,2258.1805,788.1893,9856.9559,9546514,11071441,9912856,10553462,27813.7911,1.5215
"Romania",2010,-3278,2090.6267,799.5492,11495.0329,9437516,11002831,9847526,10487685,29274.581,1.03575
"Romania",2011,-287048.9424,2264.707,917.4071,12247.3551,9342912,10950055,9791059,10429226,-252084.5804,0.734583333333333
"Romania",2012,-287048.9424,2306.4806,922.4937,12095.0425,9283979,10887276,9750470,10386648,-252482.4417,1.51983333333333
"Romania",2013,-287048.9424,2134.8931,850.4698,10733.8502,9243988,10824213,9715784,10350762,-251101.8422,1.51216666666667
"Romania",2014,-287048.9424,1957.9418,830.9884,11465.1755,9207431,10765305,9681297,10314539,-250299.9577,1.65166666666667
"Romania",2015,-287048.9424,2076.5949,898.3281,11496.6334,9165608,10711013,9638704,10267374,-252449.0215,1.91566666666667
"Romania",2016,-28562.1813,2073.5076,960.0002,11928.6189,9117772,10660311,9587940,10209880,10141.2546,1.54408333333333
"Romania",2017,-28562.1813,2221.9336,1028.578,12150.4594,9065003,10614303,9540032,10158820,11420.1923,1.4845
"Romania",2018,-28562.1813,2255.4764,1037.252,12141.8421,9007536,10573098,9493519,10113264,11811.6455,2.02491666666667
"Romania",2019,-28562.1813,2282.4893,1035.6496,10894.4745,8946041,10537319,9450890,10073321,10138.6347,2.49908333333333
"Romania",2020,-28562.1813,2323.3105,1017.8388,12716.7122,8880997,10507365,9405845,10036193,11853.6347,2.30958333333333
"Russian Federation",1992,-441448.2211,34513.4188,12300.9747,142026.7115,39475039,108842986,69746307,78979293,77896.1596,0.52525
"Russian Federation",1993,-441448.2211,38476.4647,11731.0452,132042.1771,39511678,108919695,69821367,79075902,70881.6184,0.768083333333333
"Russian Federation",1994,-441448.2211,36179.3962,13242.6437,116400.9607,39512962,108898893,69751869,79077244,40821.8779999999,0.548083333333333
"Russian Federation",1995,-441448.2211,32882.9861,8245.365,118038.3181,39486685,108802154,69558193,78999258,25784.1095,2.2845
"Russian Federation",1996,-441448.2211,33489.195,9323.013,113354.969,39435932,108637992,69342521,78890890,24481.2342999999,0.695666666666667
"Russian Federation",1997,-441448.2211,34508.6071,8149.5914,112263.4418,39361000,108407371,69166136,78773836,-1405.18369999999,1.13358333333333
"Russian Federation",1998,-441448.2211,32099.1811,9079.1909,112096.2592,39264254,108116747,69024868,78647860,-999.773099999991,0.172833333333333
"Russian Federation",1999,-441448.2211,34517.8473,9163.9148,120553.892,39147785,107771952,68851236,78485152,1597.76379999992,0.597166666666667
"Russian Federation",2000,-441448.2211,34826.0229,7720.7603,134249.4167,39014773,107381741,68580628,78264211,10964.7314,0.937916666666667
"Russian Federation",2001,-797183.079,35373.719,7080.2207,136408.994,38866125,106948739,68228788,78006742,-387630.1216,0.93725
"Russian Federation",2002,-797183.079,33023.9753,7146.4457,136980.783,38707217,106487665,67847209,77742927,-391884.0563,1.31833333333333
"Russian Federation",2003,-797183.079,35232.7164,7418.8376,141387.0603,38498936,106085759,67447789,77498933,-378502.9716,1.58566666666667
"Russian Federation",2004,-797183.079,35280.4219,7504.342,154843.597,38290132,105754475,67054100,77299537,-375376.6667,0.995416666666667
"Russian Federation",2005,-797183.079,32369.2084,13253.2709,162311.0908,38112227,105505958,66672420,77127629,-365474.3179,1.90425
"Russian Federation",2006,-797183.079,33575.9759,13490.5723,167138.5226,37969435,105353498,66353507,76985163,-352578.1862,0.728833333333333
"Russian Federation",2007,-797183.079,33192.8329,14771.0538,177388.2201,37859367,105290775,66195428,76922265,-343756.5121,2.46475
"Russian Federation",2008,-797183.079,35618.3166,15900.8284,171184.8974,37777378,105305809,66156273,76930276,-330490.1929,2.13883333333333
"Russian Federation",2009,-797183.079,33739.7559,14411.1011,158285.7552,37715868,105376897,66184486,76979156,-362556.5079,0.858166666666667
"Russian Federation",2010,-797183.079,33611.0432,14763.213,169983.8318,37667890,105485979,66234884,77007715,-343160.5647,0.967833333333333
"Russian Federation",2011,-731109.2247,35982.0593,14997.1808,177170.9391,37632802,105631186,66324027,77040515,-238852.6615,2.01541666666667
"Russian Federation",2012,-731109.2247,33265.0894,14850.3936,249908.8783,37589599,105830998,66490557,77138804,-170748.0762,1.55908333333333
"Russian Federation",2013,-731109.2247,34954.9818,14974.0848,264419.3333,37531491,106065739,66689578,77267288,-162190.7818,1.6975
"Russian Federation",2014,-731109.2247,39569.0278,13082.6305,227927.4683,37449924,106311454,66881519,77403551,-185196.1379,1.56083333333333
"Russian Federation",2015,-731109.2247,41387.3728,13405.1325,222101.8408,37338513,106549491,67088482,77579907,-195848.4148,2.351
"Russian Federation",2016,-622211.7411,43585.4182,12572.3538,224191.0591,37194234,106770279,67320022,77789135,-57952.1348,2.17641666666667
"Russian Federation",2017,-622211.7411,50570.8046,12945.2427,262777.8695,37017128,106972626,67508407,77944129,-11383.1293000001,2.38691666666667
"Russian Federation",2018,-622211.7411,63946.2338,12644.3772,285890.8703,36807854,107156855,67629830,78022462,30242.2772000001,1.81075
"Russian Federation",2019,-622211.7411,63744.8853,13620.9206,266507.0603,36568450,107327101,67697114,78045173,15092.0992000001,2.34583333333333
"Russian Federation",2020,-622211.7411,62575.3972,13412.3594,283927.2608,36300573,107486269,67643172,77974156,34468.7909,3.55808333333333
"Rwanda",1990,-568.0565,7.1223,0.0116,47.2336,6843900,391898,3644062,3675901,14123.9841243296,0.294454545454545
"Rwanda",1991,-568.0565,7.4386,0.0221,46.7444,6664566,387193,3724724,3760956,14167.9711013296,-0.127166666666667
"Rwanda",1992,-568.0565,7.9136,0.0567,44.6808,6280411,421440,3807610,3849597,14157.2741697296,0.0094
"Rwanda",1993,-568.0565,7.597,0.1665,43.1981,5839222,460687,3927491,3977249,14129.0628697296,0.039
"Rwanda",1994,-568.0565,7.4386,0.0792,21.103,5495250,509845,3308544,3424120,14065.9042521825,-0.0275
"Rwanda",1995,-568.0565,8.5465,0.2745,21.1137,5344914,583164,2751147,2935750,14000.0956521825,0.56
"Rwanda",1996,-568.0565,8.0717,0.4869,34.8436,5419636,695532,3250704,3464805,14187.8921219098,0.620166666666667
"Rwanda",1997,-568.0565,7.4386,0.7191,44.0954,5709311,813071,3713175,3953557,8358.49313547136,1.0248
"Rwanda",1998,-568.0565,8.5465,1.044,45.3478,6124788,935025,3829146,4085500,8332.96745896846,0.625555555555556
"Rwanda",1999,-568.0565,8.7049,1.53,50.4741,6525356,1067883,3865213,4144374,8418.52852946845,-0.9724
"Rwanda",2000,-568.0565,6.0141,1.71,53.5697,6827783,1197920,3904282,4205706,8453.89832946845,0.4374
"Rwanda",2001,-498.9045,11.2698,4.545,65.3316,7010937,1318469,3949825,4274117,8316.10682946846,0.3155
"Rwanda",2002,-498.9045,14.8608,10.53,75.9944,7104058,1432147,4014653,4357653,8417.70502946846,0.621181818181818
"Rwanda",2003,-498.9045,7.4839,18.72,85.7378,7213040,1467306,4110419,4457573,8482.05272946845,0.898833333333333
"Rwanda",2004,-498.9045,10.2469,32.04,100.5202,7327409,1491029,4224817,4567035,6662.22109760404,0.739416666666667
"Rwanda",2005,-498.9045,8.0644,49.23,117.8812,7471017,1520718,4344019,4682280,6777.85169760404,0.84904632754799
"Rwanda",2006,-498.9045,5.861,55.5312,122.7575,7649129,1557451,4467349,4802717,6888.61159760404,0.853901021256021
"Rwanda",2007,-498.9045,13.3365,67.1761,132.3589,7848805,1598597,4594932,4928236,7010.09319760404,1.216
"Rwanda",2008,-498.9045,13.1667,77.9774,142.8602,8065028,1643141,4725056,5056940,7143.46096255228,1.331
"Rwanda",2009,-498.9045,14.3435,87.1401,145.521,8288298,1689148,4856381,5187356,7234.78429760404,1.01942857142857
"Rwanda",2010,-498.9045,15.2999,95.7602,154.5788,8511644,1735198,4989230,5319801,7366.10769760404,1.55775
"Rwanda",2011,-416.6665,11.4199,94.5913,155.0825,8734828,1781243,5123057,5453874,6416.64009760404,0.646
"Rwanda",2012,-416.6665,14.0726,104.0746,160.8658,8960938,1827915,5255735,5584599,6536.12439760404,0.976
"Rwanda",2013,-416.6665,15.4674,114.0155,171.1406,9189947,1875204,5388720,5712630,6627.69879760404,1.2375
"Rwanda",2014,-416.6665,13.3662,119.6934,182.4437,9420354,1925003,5524552,5843900,6638.08359760404,1.05169817009987
"Rwanda",2015,-416.6665,8.594,127.7147,219.6185,9652086,1977467,5663777,5979182,6961.65009760404,1.24795954621116
"Rwanda",2016,-415.008,8.0195,138.6282,289.1933,9884801,2032707,5809454,6121445,6962.24489760404,1.27271718529692
"Rwanda",2017,-415.008,11.063,153.8633,311.9682,10117663,2090744,5960539,6269800,7026.39259760404,1.27003150755003
"Rwanda",2018,-415.008,14.5989,163.7173,322.7715,10349599,2151557,6112819,6418989,7025.39499760404,1.26819453595823
"Rwanda",2019,-415.008,18.0927,173.1509,348.5461,10579327,2215085,6266092,6568936,7148.63259760404,1.27795320369827
"Rwanda",2020,-415.008,22.5838,179.8976,357.3209,10805843,2281330,6423145,6723217,7165.04389760404,1.28063888144516
"Saint Helena, Ascension and Tristan da Cunha",1990,-0.2479,NA,37.8386307227124,0,3179,2356,3246,3362,11366.2343333209,0.780833333333333
"Saint Helena, Ascension and Tristan da Cunha",1991,-0.2479,NA,37.8386307227124,0,3167,2322,3235,3333,11366.2291333209,0.454166666666667
"Saint Helena, Ascension and Tristan da Cunha",1992,-0.2479,NA,37.8386307227124,0,3152,2287,3223,3295,11402.1332299522,0.463083333333333
"Saint Helena, Ascension and Tristan da Cunha",1993,-0.2479,NA,37.8386307227124,0,3129,2247,3211,3252,11402.2617299522,0.767583333333333
"Saint Helena, Ascension and Tristan da Cunha",1994,-0.2479,NA,37.8386307227124,0,3114,2212,3193,3209,11402.1895299522,0.857583333333333
"Saint Helena, Ascension and Tristan da Cunha",1995,-0.2479,NA,37.8386307227124,0,3106,2183,3175,3169,11366.2603333209,0.720916666666667
"Saint Helena, Ascension and Tristan da Cunha",1996,-0.2479,NA,37.8386307227124,0,3105,2159,3158,3128,11366.1671333209,0.405083333333333
"Saint Helena, Ascension and Tristan da Cunha",1997,-0.2479,NA,37.8386307227124,0,3111,2140,3141,3083,11365.9799286542,0.964916666666667
"Saint Helena, Ascension and Tristan da Cunha",1998,-0.2479,NA,37.8386307227124,0,3116,2125,3121,3039,11366.0583270986,1.26791666666667
"Saint Helena, Ascension and Tristan da Cunha",1999,-0.2479,NA,37.8386307227124,0,3097,2104,3091,3002,11365.9007812653,1.39316666666667
"Saint Helena, Ascension and Tristan da Cunha",2000,-0.2479,NA,37.8386307227124,0,3050,2064,3055,2969,11365.8496812653,1.47541666666667
"Saint Helena, Ascension and Tristan da Cunha",2001,0.9359,NA,37.8386307227124,0,2970,2002,3017,2928,11366.9155286542,1.09316666666667
"Saint Helena, Ascension and Tristan da Cunha",2002,0.9359,NA,37.8386307227124,0,2867,1925,2973,2878,11366.9079286542,1.09525
"Saint Helena, Ascension and Tristan da Cunha",2003,0.9359,NA,37.8386307227124,0,2748,1838,2920,2826,11366.8138812653,1.40175
"Saint Helena, Ascension and Tristan da Cunha",2004,0.9359,NA,37.8386307227124,0,2645,1763,2864,2774,11366.6750812653,1.3795
"Saint Helena, Ascension and Tristan da Cunha",2005,0.9359,NA,37.8386307227124,0,2569,1706,2813,2720,11406.2151729576,1.45566666666667
"Saint Helena, Ascension and Tristan da Cunha",2006,0.9359,NA,37.8386307227124,0,2529,1672,2761,2665,11406.0893729576,1.46608333333333
"Saint Helena, Ascension and Tristan da Cunha",2007,0.9359,NA,44.3894236950661,0,2511,1654,2707,2606,11449.0355099502,1.04108333333333
"Saint Helena, Ascension and Tristan da Cunha",2008,0.9359,NA,44.3894236950661,0,2515,1651,2689,2570,11412.3165108189,1.09841666666667
"Saint Helena, Ascension and Tristan da Cunha",2009,0.9359,NA,44.3894236950661,0,2524,1652,2719,2566,11412.3263092633,1.65333333333333
"Saint Helena, Ascension and Tristan da Cunha",2010,0.9359,NA,44.3894236950661,0,2527,1650,2753,2568,11448.5077058947,1.21175
"Saint Helena, Ascension and Tristan da Cunha",2011,0.7493,NA,44.3894236950661,0,2513,1639,2784,2572,11448.2605058947,1.35608333333333
"Saint Helena, Ascension and Tristan da Cunha",2012,0.7493,NA,44.3894236950661,0,2493,1624,2814,2575,11448.4014058947,1.287
"Saint Helena, Ascension and Tristan da Cunha",2013,0.7493,NA,44.3894236950661,0,2470,1611,2844,2578,11448.2421058947,1.2815
"Saint Helena, Ascension and Tristan da Cunha",2014,0.7493,NA,44.3894236950661,0,2453,1601,2874,2583,11448.4263456725,1.369
"Saint Helena, Ascension and Tristan da Cunha",2015,0.7493,NA,44.3894236950661,0,2439,1595,2906,2591,11448.4537058947,1.90708333333333
"Saint Helena, Ascension and Tristan da Cunha",2016,0.0755,NA,44.3894236950661,0,2437,1598,2904,2607,11448.0328456725,1.54291666666667
"Saint Helena, Ascension and Tristan da Cunha",2017,0.0755,NA,44.3894236950661,0,2442,1607,2872,2623,11447.6584058947,1.39383333333333
"Saint Helena, Ascension and Tristan da Cunha",2018,0.0755,NA,44.3894236950661,0,2452,1622,2834,2638,11448.0407058947,1.56166666666667
"Saint Helena, Ascension and Tristan da Cunha",2019,0.0755,NA,44.3894236950661,0,2460,1636,2792,2655,11448.0851058947,1.66558333333333
"Saint Helena, Ascension and Tristan da Cunha",2020,0.0755,NA,44.3894236950661,0,2472,1654,2751,2670,11448.3428058947,1.50925
"Saint Kitts and Nevis",1990,NA,0,3e-04,0.3955,26702,14132,19918,20718,7076.73378355182,0.363
"Saint Kitts and Nevis",1991,NA,0,0.0012,0.4564,26874,14139,19910,20633,7077.05428355182,0.4095
"Saint Kitts and Nevis",1992,NA,0,0.0029,0.4542,27181,14180,20121,20779,7077.47508355182,0.520333333333333
"Saint Kitts and Nevis",1993,NA,1e-04,0.0131,0.4943,27579,14267,20420,21026,7077.43918355182,0.550583333333333
"Saint Kitts and Nevis",1994,NA,0,0.0351,0.536,28007,14366,20722,21279,7077.70168355182,0.482416666666667
"Saint Kitts and Nevis",1995,NA,0,0.0751,0.5162,28430,14461,21018,21532,7078.76188355182,0.707416666666667
"Saint Kitts and Nevis",1996,NA,0.0034,0.1512,0.6294,28832,14541,21312,21785,7079.50378355182,0.286
"Saint Kitts and Nevis",1997,NA,0.0076,0.2574,0.725,29228,14618,21610,22045,7080.73328355182,0.605
"Saint Kitts and Nevis",1998,NA,0.0114,0.3807,0.8562,29625,14692,21916,22314,7080.61827888515,0.996583333333333
"Saint Kitts and Nevis",1999,NA,0.0202,0.5589,1.0576,30048,14776,22233,22592,7081.01568355182,0.508
"Saint Kitts and Nevis",2000,NA,0.0343,0.8334,1.373,30501,14873,22575,22887,7082.20768355182,0.341583333333333
"Saint Kitts and Nevis",2001,NA,0.0056,1.152,1.756,30998,14992,22855,23130,7083.19638355182,0.644425234451556
"Saint Kitts and Nevis",2002,NA,0.0333,1.503,2.152,31504,15137,22989,23274,7084.11558355182,0.640583333333333
"Saint Kitts and Nevis",2003,NA,0.0695,1.89,2.5918,32020,15286,23049,23381,7084.45248355182,0.773416666666667
"Saint Kitts and Nevis",2004,NA,0.0894,2.574,3.3484,32539,15432,23095,23485,7086.18698355182,0.48575
"Saint Kitts and Nevis",2005,NA,0.1079,3.402,4.2934,33042,15569,23139,23587,7159.97784765589,0.845583333333333
"Saint Kitts and Nevis",2006,NA,0.1203,3.717,4.6315,33519,15691,23180,23695,7160.38814765589,0.6855
"Saint Kitts and Nevis",2007,NA,0.2034,4.23,5.1824,33980,15803,23215,23800,7162.10264765589,0.916
"Saint Kitts and Nevis",2008,NA,0.2119,4.734,5.7236,34426,15906,23251,23904,7163.19874515589,0.334833333333333
"Saint Kitts and Nevis",2009,NA,0.2215,5.175,6.2817,34876,16010,23282,24005,7164.27674515589,0.56575
"Saint Kitts and Nevis",2010,NA,0.2235,5.625,6.7466,35331,16114,23310,24093,7777.14044933839,1.13808333333333
"Saint Kitts and Nevis",2011,NA,0.2278,5.796,6.9083,35789,16217,23381,24200,7165.59804515589,0.587666666666667
"Saint Kitts and Nevis",2012,NA,0.241,6.219,7.328,36255,16336,23438,24290,7164.40244515589,0.71225
"Saint Kitts and Nevis",2013,NA,0.2494,6.642,7.8077,36706,16463,23427,24339,7165.22814515589,0.801916666666667
"Saint Kitts and Nevis",2014,NA,0.2516,7.065,8.2754,37142,16597,23402,24387,7165.84944515589,0.715333333333333
"Saint Kitts and Nevis",2015,NA,0.2567,7.488,8.7302,37552,16736,23360,24430,9008.48884422854,1.11025
"Saint Kitts and Nevis",2016,NA,0.2632,7.911,9.1879,37942,16879,23316,24472,9009.30384422854,1.08058333333333
"Saint Kitts and Nevis",2017,NA,0.2762,8.334,9.6046,38314,17031,23270,24515,9010.14444422854,0.958583333333333
"Saint Kitts and Nevis",2018,NA,0.2925,8.757,10.0603,38662,17188,23216,24545,9011.20284889521,0.560166666666667
"Saint Kitts and Nevis",2019,NA,0.3008,9.18,10.5521,38991,17354,23149,24562,9013.14754889521,0.895583333333333
"Saint Kitts and Nevis",2020,NA,0.3147,9.63,11.0389,39290,17523,23072,24570,9013.56254422854,1.0455
"Saint Lucia",1990,-148.9119,7.7929,9.6703,18.2774,97628,40557,70063,72238,3094.91175535127,0.310166666666667
"Saint Lucia",1991,-148.9119,8.2012,9.9487,19.6507,98709,41447,71079,73189,3098.39875535127,0.395666666666667
"Saint Lucia",1992,-148.9119,10.4958,10.2575,21.8957,100243,41682,72172,74248,3105.09095535127,0.408583333333333
"Saint Lucia",1993,-148.9119,12.0937,5.8512,25.0254,101692,41873,73267,75328,3096.66127078537,0.4855
"Saint Lucia",1994,-148.9119,13.0029,6.2861,28.6809,103176,42071,74264,76297,2970.25367405423,0.470416666666667
"Saint Lucia",1995,-148.9119,16.3633,12.2156,32.7894,104747,42297,75174,77174,2973.34168948833,0.701666666666667
"Saint Lucia",1996,-148.9119,17.6518,15.5574,37.2023,106442,42562,76002,77967,2986.45648948833,0.374583333333333
"Saint Lucia",1997,-148.9119,19.6374,20.5025,41.6424,108229,42857,76765,78689,2994.79588948833,0.625
"Saint Lucia",1998,-148.9119,20.9951,22.487,46.1225,110035,43148,77490,79365,3004.72928482166,1.09041666666667
"Saint Lucia",1999,-148.9119,25.4986,33.3388,50.331,111769,43403,78207,80048,3030.61027518126,0.466083333333333
"Saint Lucia",2000,-148.9119,25.1916,41.8412,49.6708,113358,43591,78831,80669,3036.04877518126,0.315916666666667
"Saint Lucia",2001,-132.8934,22.5066,42.9894,48.6047,114930,43534,79395,81198,2057.37934923228,0.658416666666667
"Saint Lucia",2002,-132.8934,27.6656,43.9619,47.6029,117699,42064,80061,81739,2062.43460404601,0.611083333333333
"Saint Lucia",2003,-132.8934,27.5693,43.2693,46.8084,120382,40591,80761,82285,2073.3704886119,0.87175
"Saint Lucia",2004,-132.8934,23.456,42.5713,46.2353,123095,39156,81432,82807,2056.60414923228,0.507166666666667
"Saint Lucia",2005,-132.8934,25.7757,42.7176,46.191,125920,37794,82078,83308,2059.22164056288,0.9365
"Saint Lucia",2006,-132.8934,25.2525,42.8143,46.171,128905,36502,82684,83785,1974.43506295532,0.777666666666667
"Saint Lucia",2007,-132.8934,25.7868,42.7757,46.161,132017,35271,83284,84234,1979.88219179682,0.705333333333333
"Saint Lucia",2008,-132.8934,25.2906,42.813,46.181,135155,34065,83904,84671,1977.05886295532,0.409666666666667
"Saint Lucia",2009,-132.8934,26.3475,42.8804,46.301,138164,32858,84552,85135,1977.90602100807,0.599583333333333
"Saint Lucia",2010,-132.8934,27.8867,43.0318,46.291,140739,31841,85230,85705,1985.38863207612,1.1655
"Saint Lucia",2011,-146.2208,26.4878,44.2371,47.5914,141760,32072,85841,86305,1961.28562100807,0.625
"Saint Lucia",2012,-146.2208,26.931,44.5403,47.7258,142578,32257,86308,86816,1966.98612100807,0.6505
"Saint Lucia",2013,-146.2208,26.6044,44.7477,47.9602,143232,32428,86694,87284,1965.77562100807,0.70725
"Saint Lucia",2014,-146.2208,27.6831,45.0717,48.1745,143814,32607,87051,87752,1969.51953207612,0.629916666666667
"Saint Lucia",2015,-146.2208,26.551,44.9583,48.2517,144397,32809,87401,88222,1969.03472100807,0.91125
"Saint Lucia",2016,-146.3731,27.3054,45.0899,48.436,144979,33036,87731,88683,1970.29912100807,0.978166666666667
"Saint Lucia",2017,-146.3731,29.9302,45.4775,48.6404,145557,33287,88031,89132,1974.74223207612,0.826666666666667
"Saint Lucia",2018,-146.3731,27.3834,45.5513,48.8447,146110,33557,88315,89573,1972.81022100807,0.514833333333333
"Saint Lucia",2019,-146.3731,26.3747,45.4231,48.9719,146612,33842,88582,90001,1971.64442100807,1.05816666666667
"Saint Lucia",2020,-146.3731,27.6168,45.6015,49.1663,147062,34141,88826,90411,1972.75083207612,1.06091666666667
"Saint Pierre and Miquelon",1990,0,NA,37.8386307227124,NA,695,5581,3193,3130,10273.0124052034,-0.440666666666667
"Saint Pierre and Miquelon",1991,0,NA,37.8386307227124,NA,698,5596,3207,3144,10342.4637191505,-0.948666666666667
"Saint Pierre and Miquelon",1992,0,NA,37.8386307227124,NA,699,5607,3216,3159,10342.5027191505,-1.23625
"Saint Pierre and Miquelon",1993,0,NA,37.8386307227124,NA,699,5605,3224,3172,10342.3907191505,-0.843583333333333
"Saint Pierre and Miquelon",1994,0,NA,37.8386307227124,NA,699,5608,3229,3179,10273.3784052034,-0.513
"Saint Pierre and Miquelon",1995,0,NA,37.8386307227124,NA,698,5606,3230,3182,10273.4404052034,-0.273166666666667
"Saint Pierre and Miquelon",1996,0,NA,37.8386307227124,NA,689,5607,3228,3182,10273.4006052034,0.44075
"Saint Pierre and Miquelon",1997,0,NA,37.8386307227124,NA,680,5611,3216,3177,10342.8945191505,-0.60175
"Saint Pierre and Miquelon",1998,0,NA,37.8386307227124,NA,670,5615,3186,3157,10273.4182052034,0.717333333333333
"Saint Pierre and Miquelon",1999,0,NA,37.8386307227124,NA,668,5613,3159,3134,10273.3512052034,1.82241666666667
"Saint Pierre and Miquelon",2000,0,NA,37.8386307227124,NA,675,5597,3151,3123,10273.2307052034,0.933833333333333
"Saint Pierre and Miquelon",2001,0,NA,37.8386307227124,NA,671,5597,3146,3115,10273.1918052034,0.747083333333333
"Saint Pierre and Miquelon",2002,0,NA,37.8386307227124,NA,661,5601,3136,3104,10273.3391052034,-0.222833333333333
"Saint Pierre and Miquelon",2003,0,NA,37.8386307227124,NA,652,5603,3117,3085,10273.7888052034,0.3455
"Saint Pierre and Miquelon",2004,0,NA,37.8386307227124,NA,643,5616,3096,3064,10273.9858052034,0.503416666666667
"Saint Pierre and Miquelon",2005,0,NA,37.8386307227124,NA,634,5627,3075,3041,10185.1002332335,0.974583333333333
"Saint Pierre and Miquelon",2006,0,NA,37.8386307227124,NA,630,5630,3056,3022,10274.5310052034,1.73825
"Saint Pierre and Miquelon",2007,0,NA,44.3894236950661,NA,631,5630,3049,3015,10194.1997262058,0.11375
"Saint Pierre and Miquelon",2008,0,NA,44.3894236950661,NA,632,5637,3047,3011,10193.7511262058,0.72475
"Saint Pierre and Miquelon",2009,0,NA,44.3894236950661,NA,633,5644,3046,3009,10193.6723262058,0.654666666666667
"Saint Pierre and Miquelon",2010,0,NA,1e-04,NA,634,5640,3043,3009,10129.8386351471,1.63816666666667
"Saint Pierre and Miquelon",2011,0,NA,3e-04,NA,634,5640,3041,3005,10129.8539351471,0.8355
"Saint Pierre and Miquelon",2012,0,NA,4e-04,NA,634,5642,3030,2997,10130.4018351471,2.045
"Saint Pierre and Miquelon",2013,0,NA,6e-04,NA,634,5639,3005,3000,10130.2721351471,0.971583333333333
"Saint Pierre and Miquelon",2014,0,NA,7e-04,NA,635,5642,2980,3009,10129.9898351471,0.679416666666667
"Saint Pierre and Miquelon",2015,0,NA,9e-04,NA,608,5682,2970,3007,10129.9073351471,0.0269166666666666
"Saint Pierre and Miquelon",2016,0,NA,0.001,NA,637,5668,2966,2999,10130.1071351471,0.73875
"Saint Pierre and Miquelon",2017,0,NA,0.0012,NA,638,5682,2961,2997,10130.2163351471,0.496833333333333
"Saint Pierre and Miquelon",2018,0,NA,0.0013,NA,619,5723,2951,2994,10128.7829351471,0.534916666666667
"Saint Pierre and Miquelon",2019,0,NA,0.0014,NA,621,5754,2943,2982,10129.5056351471,0.170833333333333
"Saint Pierre and Miquelon",2020,0,NA,0.0027,NA,623,5784,2939,2966,10130.1561351471,1.01283333333333
"Saint Vincent and the Grenadines",1990,-46.827,6.131,3.3791,0.9784,62988,44517,56879,55609,1206.17755899808,0.2355
"Saint Vincent and the Grenadines",1991,-46.827,6.5732,3.6616,1.0107,62587,45227,57057,55723,1215.11365315215,0.36775
"Saint Vincent and the Grenadines",1992,-46.827,6.5606,3.7321,1.0416,62311,45692,57359,55862,1220.22092459037,0.39675
"Saint Vincent and the Grenadines",1993,-46.827,7.0832,4.2106,1.0253,61977,46115,57604,56017,1222.64842459037,0.469916666666667
"Saint Vincent and the Grenadines",1994,-46.827,8.3832,4.0275,1.1311,61610,46519,57816,56127,1225.45642459037,0.43775
"Saint Vincent and the Grenadines",1995,-46.827,9.3565,3.7894,1.1225,61218,46904,57982,56192,1229.05362459037,0.7605
"Saint Vincent and the Grenadines",1996,-46.827,9.3728,3.9387,1.1644,60802,47273,58088,56203,1238.48410098001,0.44075
"Saint Vincent and the Grenadines",1997,-46.827,11.2187,4.3189,1.2551,60374,47630,58129,56148,1231.92002459037,0.658416666666667
"Saint Vincent and the Grenadines",1998,-46.827,10.104,4.6845,1.3869,59938,47984,58120,56045,1230.31325315215,1.18408333333333
"Saint Vincent and the Grenadines",1999,-46.827,10.7811,4.6765,1.5368,59525,48355,58069,55925,1244.15660098001,0.563916666666667
"Saint Vincent and the Grenadines",2000,-46.827,11.5665,5.0535,1.8025,59144,48754,58002,55810,1282.90198173656,0.453166666666667
"Saint Vincent and the Grenadines",2001,-3.7462,11.276,5.4819,2.0286,58802,49186,57941,55700,1333.17938173656,0.757583333333333
"Saint Vincent and the Grenadines",2002,-3.7462,15.0794,6.2958,2.2478,58492,49654,57862,55587,1339.79668173656,0.601833333333333
"Saint Vincent and the Grenadines",2003,-3.7462,12.3247,6.5698,2.4916,58202,50148,57712,55395,1337.87378173656,0.89025
"Saint Vincent and the Grenadines",2004,-3.7462,13.0918,7.6667,2.9781,57910,50649,57494,55114,1342.52508173656,0.457583333333333
"Saint Vincent and the Grenadines",2005,-3.7462,13.2809,8.6467,3.3593,57599,51145,57245,54797,1343.13468173656,0.968666666666667
"Saint Vincent and the Grenadines",2006,-3.7462,13.0477,7.4827,3.5922,57272,51635,56962,54464,1304.57210098001,0.767833333333333
"Saint Vincent and the Grenadines",2007,-3.7462,14.705,8.9376,3.8641,56929,52118,56681,54143,1351.51628173656,0.62875
"Saint Vincent and the Grenadines",2008,-3.7462,11.7622,10.3176,4.1359,56569,52596,56444,53871,1342.89158173656,0.516916666666667
"Saint Vincent and the Grenadines",2009,-3.7462,16.3371,9.3191,4.618,56190,53063,56219,53620,1352.80638173656,0.555916666666667
"Saint Vincent and the Grenadines",2010,-3.7462,15.2135,9.745,4.7203,55793,53522,55967,53341,1345.51678173656,1.18816666666667
"Saint Vincent and the Grenadines",2011,-6.5558,14.742,10.8932,4.8355,55375,53966,55676,53026,1346.11218173656,0.673333333333333
"Saint Vincent and the Grenadines",2012,-6.5558,16.9227,11.5129,5.1179,54933,54395,55373,52710,1310.71170098001,0.618166666666667
"Saint Vincent and the Grenadines",2013,-6.5558,18.6186,11.7544,5.3406,54491,54829,55053,52397,1348.36538173656,0.709583333333333
"Saint Vincent and the Grenadines",2014,-6.5558,20.1621,12.1199,5.6232,54068,55289,54773,52139,1317.06390098001,0.67225
"Saint Vincent and the Grenadines",2015,-6.5558,26.6061,12.6405,5.8756,53672,55783,54538,51944,1329.90423273121,0.870416666666667
"Saint Vincent and the Grenadines",2016,-3.7462,23.2203,13.0006,6.1282,53316,56327,54258,51704,1319.91940098001,0.922833333333333
"Saint Vincent and the Grenadines",2017,-3.7462,21.0777,12.2362,6.3309,52988,56909,54026,51523,1316.78900098001,0.897333333333333
"Saint Vincent and the Grenadines",2018,-3.7462,21.182,12.4064,6.5833,52678,57522,53856,51425,1321.56110098001,0.535666666666667
"Saint Vincent and the Grenadines",2019,-3.7462,20.5918,12.8554,6.8759,52356,58132,53636,51288,1318.83070098001,1.248
"Saint Vincent and the Grenadines",2020,-3.7462,22.7461,12.8366,7.1286,52020,58737,53434,51199,1326.19430098001,1.14808333333333
"Samoa",1990,2.5125,2.141,2.1682,2.0598,128338,34528,88451,79735,3871.39520155734,0.427083333333333
"Samoa",1991,2.5125,2.3208,2.2801,2.0851,129292,34784,88650,80051,3871.05290155734,0.436833333333333
"Samoa",1992,2.5125,2.486,2.4283,2.093,130372,35198,89130,80669,3869.35620155734,0.32025
"Samoa",1993,2.5125,2.4213,2.6194,2.121,131513,35694,89836,81526,3872.59120155734,-0.132
"Samoa",1994,2.5125,2.4984,2.6351,2.1416,132606,36182,90639,82468,3874.49980155734,0.242166666666667
"Samoa",1995,2.5125,2.6594,3.0897,2.1869,133529,36628,91472,83430,3871.80320155734,0.68075
"Samoa",1996,2.5125,2.7438,3.6026,2.2249,134259,37024,92314,84399,4076.00170379486,0.72975
"Samoa",1997,2.5125,2.7955,4.4155,2.2502,134822,37376,93165,85378,3987.22083182498,0.281666666666667
"Samoa",1998,2.5125,2.9621,4.7697,2.2528,135279,37702,94023,86362,3993.40383182498,0.833
"Samoa",1999,2.5125,2.8896,4.953,2.2781,135727,38028,94879,87332,3988.22653182498,0.16975
"Samoa",2000,2.5125,3.038,5.1724,2.3407,136236,38374,95721,88287,3786.00952958746,0.543166666666667
"Samoa",2001,1.8314,3.2029,5.651,2.306,136822,38744,96420,89110,3801.31812958746,0.78775
"Samoa",2002,1.8314,3.1301,6.562,2.2813,137838,38744,96876,89754,3804.76922958746,1.1285
"Samoa",2003,1.8314,3.012,6.6617,2.3093,139113,38549,97154,90285,3805.26462958746,0.547416666666667
"Samoa",2004,1.8314,2.95,6.5602,2.3646,140420,38361,97341,90732,3805.68732958746,0.195
"Samoa",2005,1.8314,3.5995,7.4694,2.3999,141752,38177,97490,91135,3808.77462958746,0.634916666666667
"Samoa",2006,1.8314,3.3982,7.72,2.4379,143099,37995,97754,91624,3808.08922958746,0.312666666666667
"Samoa",2007,1.8314,3.4633,7.4557,2.4331,144461,37825,98209,92269,3800.66952958746,0.999083333333333
"Samoa",2008,1.8314,3.544,6.9353,2.4211,145859,37667,98778,93008,3796.98042958746,0.6065
"Samoa",2009,1.8314,3.3594,6.8044,2.4064,147306,37520,99398,93778,3792.61842958746,1.2992
"Samoa",2010,1.8314,3.3002,6.4314,2.3944,148819,37386,100075,94597,3803.81812958746,1.195
"Samoa",2011,3.6095,3.2752,6.4474,2.4123,150399,37266,100844,95507,4019.95923182498,0.713416666666667
"Samoa",2012,3.6095,3.3063,6.7795,2.4402,152067,37127,101665,96459,3812.37062958746,0.8525
"Samoa",2013,3.6095,3.4163,6.8231,2.4482,153778,36979,102510,97429,3814.16162958746,1.20033333333333
"Samoa",2014,3.6095,3.6502,7.561,2.4661,155469,36821,103356,98400,3814.29342958746,1.04716666666667
"Samoa",2015,3.6095,4.5323,8.7254,2.6341,157111,36648,104201,99370,3821.76072958746,0.907166666666667
"Samoa",2016,2.3712,5.656,9.9659,2.712,158673,36452,105129,100415,3900.84240155734,1.473
"Samoa",2017,2.3712,6.0388,9.858,2.94,160194,36246,106119,101510,3894.93860155734,1.30633333333333
"Samoa",2018,2.3712,5.961,9.4907,3.0353,161629,36066,107099,102603,3897.16250155734,1.11883333333333
"Samoa",2019,2.3712,5.6159,10.6836,2.8232,162995,35914,108147,103759,3779.16752958746,1.41466666666667
"Samoa",2020,2.3712,5.9955,10.5424,2.8612,164318,35799,109634,105296,3881.83350155734,1.3105
"San Marino",1990,-2.2953,0.0569,1.701,17.9223,2308,21735,11328,11805,13921.6420448714,0.81
"San Marino",1991,-2.2953,0.0559,1.674,17.9772,2341,22045,11481,11977,13959.9170618713,-0.133916666666667
"San Marino",1992,-2.2953,0.0569,1.566,17.9996,2376,22373,11646,12162,13921.6176448713,0.729166666666667
"San Marino",1993,-2.2953,0.0805,0.5957,17.0053,2303,22838,11815,12367,13598.0023484548,0.605083333333333
"San Marino",1994,-2.2953,0.0807,0.6087,17.0104,2230,23286,11957,12579,13630.9007680548,1.49825
"San Marino",1995,-2.2953,0.0145,0.0496,18.6654,2157,23720,12107,12779,13669.7718850548,0.27475
"San Marino",1996,-2.2953,0.0168,0.0521,19.0865,2083,24126,12272,12963,13670.2090850548,0.129833333333333
"San Marino",1997,-2.2953,0.0207,0.1017,19.4678,2009,24499,12452,13144,13632.4343680549,0.999833333333333
"San Marino",1998,-2.2953,0.0241,0.1804,20.5456,1936,24863,12668,13329,13633.6178680549,0.9085
"San Marino",1999,-2.2953,0.0264,0.2991,21.6004,1865,25231,12896,13508,13635.4718680549,0.979666666666667
"San Marino",2000,-2.2953,0.0273,0.4029,21.2672,1799,25619,13120,13702,13635.7984680549,1.56525
"San Marino",2001,-2.1523,0.0287,0.5721,22.593,1735,26027,13378,13957,13637.9233680548,1.32325
"San Marino",2002,-2.1523,0.0292,0.7648,22.8621,1708,26413,13687,14283,13638.8183680548,1.4485
"San Marino",2003,-2.1523,0.0281,0.9497,23.7648,1717,26777,13998,14603,13640.3003680548,1.56241666666667
"San Marino",2004,-2.1523,0.0278,1.6695,24.6307,1687,27179,14246,14847,13642.2981680549,0.907416666666667
"San Marino",2005,-2.1523,0.04,1.9853,25.0492,1622,27618,14460,15049,13681.6095850548,0.202
"San Marino",2006,-2.1523,0.0543,1.9053,23.7865,1559,28055,14694,15264,13642.3539680548,1.09133333333333
"San Marino",2007,-2.1523,0.0707,2.3596,24.449,1497,28480,14899,15473,13643.7694680548,1.60116666666667
"San Marino",2008,-2.1523,0.0968,2.6947,23.5903,1437,28914,15052,15648,13643.5272680549,1.33733333333333
"San Marino",2009,-2.1523,0.1219,2.9501,21.8361,1380,29343,15222,15838,13642.2749680549,1.37108333333333
"San Marino",2010,-2.1523,0.1453,3.3192,22.8957,1325,29785,15470,16137,13611.5295823758,0.606916666666667
"San Marino",2011,-2.0167,0.1715,3.6461,21.3432,1272,30232,15831,16665,13662.7168354185,1.45991666666667
"San Marino",2012,-2.0167,0.1983,4.0128,20.4219,1222,30692,16096,17037,13662.3529354185,1.50141666666667
"San Marino",2013,-2.0167,0.232,4.2455,20.2023,1173,31130,16186,17098,13662.6187354185,1.133
"San Marino",2014,-2.0167,0.2401,4.5045,20.2161,1124,31533,16241,17148,13663.0473354185,1.66883333333333
"San Marino",2015,-2.0167,0.2446,4.5947,20.8899,1075,31885,16328,17242,13663.9208354185,1.83283333333333
"San Marino",2016,0,0.2458,4.7071,21.2936,1026,32177,16453,17381,13666.5692354185,1.68466666666667
"San Marino",2017,0,0.2439,4.8451,21.8846,978,32422,16564,17492,13667.3855354185,1.66541666666667
"San Marino",2018,0,0.2422,4.6492,22.0702,931,32626,16626,17530,13667.4336354185,2.00641666666667
"San Marino",2019,0,0.2391,4.5482,20.3901,887,32796,16650,17527,13665.6987354185,1.96858333333333
"San Marino",2020,0,0.2368,4.4989,20.23,846,32963,16563,17444,13665.5430354185,1.91308333333333
"Sao Tome and Principe",1990,0,0.2731,2.8853,0.5843,64180,49713,59831,60512,1236.45662178311,0.156
"Sao Tome and Principe",1991,0,0.3074,2.9843,0.6353,64202,52092,61163,61920,1237.11852178311,0.249
"Sao Tome and Principe",1992,0,0.2695,3.0294,0.5963,64441,54375,62447,63200,1237.17382178311,0.0717272727272727
"Sao Tome and Principe",1993,0,0.2596,1.7734,0.6084,64690,56717,63724,64458,1235.70662178311,0.402333333333333
"Sao Tome and Principe",1994,0,0.3182,1.9239,0.6304,64871,59102,64980,65686,1236.98572178311,0.304777777777778
"Sao Tome and Principe",1995,0,0.3248,2.0618,0.6404,64958,61496,66200,66877,1237.27642178311,0.870285714285714
"Sao Tome and Principe",1996,0,0.346,2.3465,0.6494,64937,63884,67388,68025,1237.82582178311,0.150833333333333
"Sao Tome and Principe",1997,0,0.37,2.5885,0.6544,64833,66274,68532,69124,1238.25002178311,0.417
"Sao Tome and Principe",1998,0,0.4321,1.277,0.6634,64696,68722,69618,70171,1250.0501873754,1.10281818181818
"Sao Tome and Principe",1999,0,0.7688,1.9845,0.6934,64591,71295,70648,71159,1250.9803873754,0.8136
"Sao Tome and Principe",2000,0,0.9253,3.4115,0.6664,64557,74049,71620,72094,1239.90272178311,0.411583333333333
"Sao Tome and Principe",2001,0,0.9042,4.4712,0.6824,64613,77009,72901,73356,1243.92712178311,0.355916666666667
"Sao Tome and Principe",2002,0,0.8934,5.6139,0.7174,64397,80492,74706,75135,1248.20742178311,0.763166666666667
"Sao Tome and Principe",2003,0,1.204,6.7335,0.6394,64146,84226,76681,77081,1252.45012178311,1.05381818181818
"Sao Tome and Principe",2004,0,1.183,7.8555,0.7804,63870,88099,78656,79040,1255.59312178311,0.824583333333333
"Sao Tome and Principe",2005,0,1.4418,9.404,0.7815,63552,92078,80650,81031,1258.29862178311,0.628166666666667
"Sao Tome and Principe",2006,0,1.3977,9.6833,0.8015,63176,96152,82666,83058,1259.51122178311,0.732833333333333
"Sao Tome and Principe",2007,0,1.6762,9.6616,0.8515,62761,100340,84721,85124,1260.86102178311,0.873333333333333
"Sao Tome and Principe",2008,0,1.7132,9.9007,0.8355,62291,104622,86800,87204,1262.54802178311,0.706833333333333
"Sao Tome and Principe",2009,0,2.6655,10.7643,0.8805,61795,109018,88860,89268,1265.38972178311,0.905666666666667
"Sao Tome and Principe",2010,0,2.6954,10.9568,0.9175,61256,113520,90858,91281,1274.61961593718,1.01116666666667
"Sao Tome and Principe",2011,0,1.7252,10.2557,0.9705,60678,118122,92829,93216,2633.22496503298,0.74075
"Sao Tome and Principe",2012,0,2.3707,10.7802,0.9955,60061,122828,94793,95131,2644.61464142262,0.813416666666667
"Sao Tome and Principe",2013,0,2.2292,10.6931,1.0805,59465,127580,96719,97038,2645.68604142262,0.871416666666667
"Sao Tome and Principe",2014,0,2.2823,11.599,1.0506,58885,132381,98594,98903,2648.57694142262,0.89375
"Sao Tome and Principe",2015,0,3.3389,13.1867,1.0206,58325,137228,100410,100713,2651.73574142262,0.9895
"Sao Tome and Principe",2016,0,2.8752,14.5333,1.0106,57790,142120,102168,102465,2653.16754142262,1.496
"Sao Tome and Principe",2017,0,3.1199,16.1552,1.0406,57276,147051,103865,104172,2686.37949365602,1.24709090909091
"Sao Tome and Principe",2018,0,3.1757,17.9543,1.0406,56792,152026,105507,105837,2657.73614142262,1.03777777777778
"Sao Tome and Principe",2019,0,3.3913,19.7412,1.1106,56336,157043,107123,107476,2649.98376503298,1.42483333333333
"Sao Tome and Principe",2020,0,3.4636,21.2261,1.1406,55910,162101,109112,109528,2662.72314142262,1.57925
"Saudi Arabia",1990,0,3746.4943,1610.8195,14638.6281,3823302,12503513,9114257,6890505,34684.8624075528,0.324166666666667
"Saudi Arabia",1991,0,3924.788,1718.422,14363.5009,3842049,13025780,9500950,7153327,35908.0557359333,0.16925
"Saudi Arabia",1992,0,4345.7599,1841.7363,15800.4491,3849240,13529593,9870913,7410436,39003.644686523,-1.06466666666667
"Saudi Arabia",1993,0,4801.2221,1989.2274,17641.8022,3895966,13963784,10199979,7646481,42001.3315,0.0653333333333333
"Saudi Arabia",1994,0,5183.5171,2067.6111,18560.4363,3949873,14361217,10504597,7862930,44612.4475,0.384833333333333
"Saudi Arabia",1995,0,5282.4847,2161.9719,19080.8952,3996282,14739559,10806201,8082656,45083.1623,0.269166666666667
"Saudi Arabia",1996,0,5495.2115,2179.9939,20110.4278,4034838,15096740,11100958,8309322,47559.8256696919,0.773583333333333
"Saudi Arabia",1997,0,5613.1694,436.1806,19844.1605,4067477,15438099,11401339,8537038,46333.5253,-0.102416666666667
"Saudi Arabia",1998,0,6247.309,821.948,20948.7216,4099265,15783193,11706297,8766283,49079.5921,1.21008333333333
"Saudi Arabia",1999,0,6410.6016,1204.2254,20737.2325,4136826,16157580,12011628,8998032,50107.103,1.32933333333333
"Saudi Arabia",2000,0,6650.0105,1583.3735,24740.3258,4184486,16579826,12317247,9230142,55605.7603,0.7635
"Saudi Arabia",2001,0,6989.6541,1912.2236,32289.5349,4244343,17059249,12623833,9462097,64888.7334,1.0575
"Saudi Arabia",2002,0,7230.3462,2239.2929,34380.7162,4314583,17591725,12928084,9695331,69582.1633,0.910833333333333
"Saudi Arabia",2003,0,7561.5092,2572.6621,36469.3429,4391752,18164673,13221628,9929220,72841.3062,1.05116666666667
"Saudi Arabia",2004,0,7984.6609,2957.4812,39190.523,4470674,18758216,13489705,10172103,76982.051,0.76175
"Saudi Arabia",2005,0,8361.5492,3273.9969,42632.3497,4546990,19358664,13900240,10497404,82160.706,0.813916666666667
"Saudi Arabia",2006,0,8956.4777,3672.6718,44600.5695,4619627,19958674,14481085,10901784,86860.2079,0.861666666666667
"Saudi Arabia",2007,0,9165.6281,3987.361,48740.2439,4690056,20562513,15083370,11316699,94109.3292,0.953166666666667
"Saudi Arabia",2008,0,9872.9151,4261.7547,53348.1248,4760487,21180283,15700185,11737168,100536.7454,0.832166666666667
"Saudi Arabia",2009,0,10443.5585,4772.706,58096.8839,4834475,21827017,16324114,12159682,108140.0402,1.17933333333333
"Saudi Arabia",2010,0,10803.3044,5372.3917,64896.0996,4913575,22512101,16865108,12546820,115247.9615,2.13033333333333
"Saudi Arabia",2011,0,11346.7285,5599.5831,70783.6194,4997624,23240396,17276508,12874436,123239.4864,0.766666666666667
"Saudi Arabia",2012,0,11703.2238,6372.6639,75118.9915,5084189,24002168,17644476,13177067,130916.9117,1.38
"Saudi Arabia",2013,0,11580.8429,6389.2579,78477.7354,5168517,24775959,18009033,13473465,135273.9016,1.13125
"Saudi Arabia",2014,0,11381.8069,6105.5718,82524.3075,5244480,25532242,18364145,13761419,138742.6837,1.41216666666667
"Saudi Arabia",2015,0,12046.0733,6686.076,81787.9796,5307901,26249243,18774108,13975740,142755.8919,1.66741666666667
"Saudi Arabia",2016,0,12262.1478,6771.5958,81807.8234,5357473,26918214,19291301,14124969,142827.2438,1.63091666666667
"Saudi Arabia",2017,0,12036.6892,6746.5017,81671.6455,5394590,27543623,19828621,14364501,140414.9261,1.81583333333333
"Saudi Arabia",2018,0,10552.96,6707.5704,82427.2177,5421205,28133138,20335495,14682638,137244.1881,1.94341666666667
"Saudi Arabia",2019,0,10527.7844,6424.2696,86772.6115,5440300,28700362,20836089,14991273,145699.059,1.62758333333333
"Saudi Arabia",2020,0,11230.4794,5797.2868,90044.6836,5454064,29255576,20886852,15110254,147886.5699,1.52416666666667
"Senegal",1990,259.6927,49.8312,94.2583,252.022,4616787,2938830,3746257,3789744,12925.3752112986,1.16958333333333
"Senegal",1991,259.6927,51.6567,97.7511,266.0227,4748761,3040892,3852352,3901938,12835.3097168672,0.87525
"Senegal",1992,259.6927,51.9139,100.9842,308.0234,4883714,3146011,3959573,4014941,13032.2869168672,0.845666666666667
"Senegal",1993,259.6927,51.9977,56.6348,304.0241,5019441,3252729,4067706,4128846,13155.7312168672,1.04583333333333
"Senegal",1994,259.6927,76.4506,62.8216,345.0248,5152971,3359202,4174733,4242265,12997.3259,0.639083333333333
"Senegal",1995,259.6927,140.446,70.0391,351.0255,5282438,3464168,4278552,4354128,13180.582,0.913083333333333
"Senegal",1996,259.6927,209.4467,79.3794,400.0262,5407011,3567066,4378872,4464551,14549.4228,1.29275
"Senegal",1997,259.6927,203.3084,93.7705,419.0268,5527936,3668592,4477010,4574529,14866.2531,1.314
"Senegal",1998,259.6927,237.8763,61.8123,491.0276,5647842,3770551,4575803,4685724,16392.5954,1.573
"Senegal",1999,259.6927,260.0589,79.191,494.0281,5770506,3875451,4678701,4799863,18434.4069,0.603416666666667
"Senegal",2000,259.6927,314.4961,134.9823,613.0289,5898768,3985284,4786669,4917618,17954.5603,0.894166666666667
"Senegal",2001,2421.8938,337.4389,178.6833,692.0294,6033724,4100773,4899113,5038914,15694.6826,1.35066666666667
"Senegal",2002,2421.8938,347.071,217.7221,745.0302,6175004,4221857,5016669,5164280,15207.1042,1.34825
"Senegal",2003,2421.8938,334.6451,261.6005,754.031,6306742,4364248,5139658,5294846,14631.7163,1.044
"Senegal",2004,2421.8938,360.0441,318.3215,1030.0321,6430464,4525480,5267939,5430752,16171.5713,1.23316666666667
"Senegal",2005,2421.8938,365.613,393.7766,1120.0329,6557896,4693370,5401974,5572083,16852.8904,1.44175
"Senegal",2006,2421.8938,365.3759,418.8143,1210.0337,6688611,4868152,5542900,5720487,17223.8579,1.17933333333333
"Senegal",2007,2421.8938,291.5464,428.5066,1300.0347,6823185,5050372,5689190,5874678,16577.2934,1.25441666666667
"Senegal",2008,2421.8938,323.6683,431.8587,1280.0355,6962724,5241233,5839565,6033364,16990.5532,1.29841666666667
"Senegal",2009,2421.8938,356.7565,464.1682,1360.0366,7108938,5441979,5996251,6198778,16996.5426,0.72975
"Senegal",2010,2421.8938,317.0167,407.3042,1680.0376,7262417,5653812,6159215,6370907,17794.7969,1.47925
"Senegal",2011,485.0654,288.503,406.5818,1900.0387,7423569,5877341,6327295,6548585,16268.5202,1.04625
"Senegal",2012,485.0654,282.3221,416.6861,1890.04,7591270,6112243,6500266,6731566,15722.2501,0.86475
"Senegal",2013,485.0654,288.8141,465.9353,2110.0411,7763486,6356834,6676682,6918883,16372.1453,1.19158333333333
"Senegal",2014,485.0654,307.631,508.6432,1990.0424,7936955,6609156,6859154,7111154,16201.8902,1.1215
"Senegal",2015,485.0654,334.1595,573.2047,1890.0437,8108284,6868710,7048291,7307890,16116.8008,1.20925
"Senegal",2016,354.999,369.6817,650.2064,2100.0451,8276577,7135037,7242618,7508739,17337.3628,1.62491666666667
"Senegal",2017,354.999,359.8669,793.2013,2110.0461,8442004,7408563,7443229,7714564,17570.6629,1.60458333333333
"Senegal",2018,354.999,361.5897,901.7101,2200.0474,8604629,7689641,7649754,7925155,17374.1917,1.07758333333333
"Senegal",2019,354.999,474.1426,906.8662,2780.048,8764887,7978972,7860618,8140163,18833.8996,1.38775
"Senegal",2020,354.999,508.9752,1008.1364,2780.0493,8923031,8277123,8076926,8359194,19714.701,1.72766666666667
"Serbia",2006,-35593.1107,1479.0688,1107.6508,7922.4497,4210060,4963229,3755252,4039539,-15550.7328537244,0.605416666666667
"Serbia",2007,-35593.1107,1317.9971,1167.2551,8612.104,4172280,4962934,3735510,4022664,-14497.1047160866,1.6715
"Serbia",2008,-35593.1107,1229.7819,1242.9759,9322.5465,4135754,4963798,3716486,4006308,-14730.3116198699,1.6025
"Serbia",2009,-35593.1107,1262.9648,1296.8726,9332.2134,4099850,4964906,3697793,3990242,-14945.3541332909,1.357
"Serbia",2010,-35593.1107,1258.0318,1372.8543,9978.6107,4063980,4965736,3679274,3974474,-13311.4378332909,1.02041666666667
"Serbia",2011,-4697.7446,1387.8027,1519.2635,10441.9823,4027867,4965879,3661709,3959210,20455.7686839134,0.87575
"Serbia",2012,-4697.7446,1350.6054,1486.2577,10776.4835,3998797,4958187,3645939,3945410,20686.7474844926,1.45466666666667
"Serbia",2013,-4697.7446,1297.198,1494.3095,11191.4871,3972253,4947962,3632561,3934114,21129.9779483675,1.52408333333333
"Serbia",2014,-4697.7446,1153.1176,1456.288,11396.2775,3946346,4938366,3620319,3923641,20733.0033311632,1.69975
"Serbia",2015,-4697.7446,1315.0465,1555.0125,12029.2527,3921443,4929837,3607570,3911926,21696.7700782795,1.75925
"Serbia",2016,-6725.1092,1252.5603,1568.6187,12625.285,3897595,4922488,3594151,3899137,25000.7673682045,1.47083333333333
"Serbia",2017,-6725.1092,1319.6892,1649.3753,13277.5148,3872979,4917595,3580054,3884826,25823.1737359495,1.51858333333333
"Serbia",2018,-6725.1092,1203.5771,1546.7575,13842.5971,3847250,4914777,3565022,3868796,25963.1784063046,2.15783333333333
"Serbia",2019,-6725.1092,1205.5434,1510.4911,14354.4124,3819987,4913420,3548963,3852092,26452.2679359495,2.31
"Serbia",2020,-6725.1092,1232.8746,1482.2436,14921.3281,3790875,4913067,3527301,3830704,26655.8391359495,1.87616666666667
"Serbia and Montenegro",1992,-3284.743,NA,0.2866,3214.8909,5062785,5255718,4156345,4414823,7819.31186469393,0.6655
"Serbia and Montenegro",1993,-3284.743,NA,0.5039,1890.3035,5081424,5332982,4162429,4424195,6492.31216469393,0.26275
"Serbia and Montenegro",1994,-3284.743,NA,1.5803,2137.0712,5085815,5396146,4167962,4432958,6655.81176469393,1.55008333333333
"Serbia and Montenegro",1995,-3284.743,NA,2.9227,2398.2694,5068181,5436380,4173074,4441454,7567.12236469393,0.22625
"Serbia and Montenegro",1996,-3284.743,NA,4.7331,3474.0185,5025453,5449760,4177167,4449283,8939.44196469393,-0.229166666666667
"Serbia and Montenegro",1997,-3284.743,NA,6.6118,4102.1283,4961804,5439805,4177472,4453660,9971.23996469393,-0.0294166666666666
"Serbia and Montenegro",1998,-3284.743,63.6205,8.9967,4133.7959,4885148,5414804,4169107,4450301,8430.31978176769,0.557583333333333
"Serbia and Montenegro",1999,-3284.743,46.2398,13.4244,3522.7052,4806957,5387007,4153212,4440256,7340.11516981896,0.898916666666667
"Serbia and Montenegro",2000,-3284.743,48.7888,25.6111,4566.9921,4735476,5365699,4138074,4430273,8015.71227678384,1.57433333333333
"Serbia and Montenegro",2001,-39752.0017,48.9181,35.6816,5377.6499,4673072,5353521,4127353,4423505,-27484.1189232162,0.927
"Serbia and Montenegro",2002,-39752.0017,49.0475,45.1005,6157.5753,4617570,5348517,4118623,4418382,-26604.2070232162,1.36966666666667
"Serbia and Montenegro",2003,-39752.0017,51.2925,55.2998,6220.8181,4567662,5349304,4109218,4410596,-26576.0302182323,0.772083333333333
"Serbia and Montenegro",2004,-39752.0017,65.1454,66.492,7211.8577,4523245,5350243,4097410,4398529,-25037.6172182323,0.63
"Serbia and Montenegro",2005,-39752.0017,46.5176,80.6414,7862.7844,4481055,5350319,4081244,4382576,-24868.077730181,-0.121666666666667
"Seychelles",1990,0,1.1771,0.6819,1.3102,35828,34796,35532,35525,2080.83735855944,0.26875
"Seychelles",1991,0,1.3186,0.8005,1.6802,36245,35255,35922,35831,2083.98015855944,0.40325
"Seychelles",1992,0,1.7583,0.7154,1.3102,36820,35892,36283,36134,2079.58105855944,0.187416666666667
"Seychelles",1993,0,1.9668,0.6394,1.3702,37476,36638,36613,36428,2082.39495855944,0.254916666666667
"Seychelles",1994,0,1.9781,1.2081,1.3202,38104,37387,36990,36855,2083.61935855944,0.468333333333333
"Seychelles",1995,0,1.927,1.2627,1.3502,38633,38070,37343,37392,2081.79525855944,0.4395
"Seychelles",1996,0,2.2269,1.6638,1.3502,39026,38649,37638,37912,2090.16865855944,0.130916666666667
"Seychelles",1997,0,2.2975,2.0154,1.3702,39308,39151,38199,38333,2092.75645855944,0.66725
"Seychelles",1998,0,2.4459,2.1062,1.3702,39546,39642,38912,38752,2095.23875855944,0.869416666666667
"Seychelles",1999,0,2.7745,2.7233,1.5102,39835,40216,39557,39276,2095.63625855944,0.350666666666667
"Seychelles",2000,0,5.0935,4.978,1.9202,40224,40927,40254,39806,1886.5072302019,0.404166666666667
"Seychelles",2001,0,5.6965,3.9108,2.0802,40750,41817,40938,40324,1887.5059302019,0.73975
"Seychelles",2002,0,6.505,3.8532,2.0302,41364,42839,41587,40847,1891.1688302019,0.528916666666667
"Seychelles",2003,0,4.8503,3.4322,0.8863,41990,43920,42258,41334,1892.4528302019,0.656583333333333
"Seychelles",2004,0,6.7368,4.0106,2.6103,42528,44956,42947,41767,1902.4944302019,0.313333333333333
"Seychelles",2005,0,5.4312,8.6585,2.1603,42890,45854,43652,42231,1882.5745302019,0.478416666666667
"Seychelles",2006,0,5.1923,11.6901,2.2603,43064,46595,44380,42712,1886.3379302019,0.582
"Seychelles",2007,0,5.7458,11.8001,2.2803,43077,47204,45127,43197,1892.9949302019,0.821583333333333
"Seychelles",2008,0,5.5404,11.114,1.9903,42968,47718,45931,43714,1887.9933302019,0.48075
"Seychelles",2009,0,5.0572,11.5137,2.4103,42814,48220,46779,44252,1893.5706302019,0.876833333333333
"Seychelles",2010,0,5.1261,12.0662,2.3803,42653,48752,47644,44765,1901.8226302019,0.9705
"Seychelles",2011,0,4.7905,11.5791,2.4203,42501,49333,48550,45276,1891.5414302019,0.989666666666667
"Seychelles",2012,0,4.6949,12.2354,2.7303,42340,49945,49489,45821,1892.1980302019,0.891
"Seychelles",2013,0,5.0089,13.2468,2.9903,42174,50591,50370,46344,1889.1208302019,0.734083333333333
"Seychelles",2014,0,4.3196,16.6149,3.1803,41993,51261,51154,46846,1890.8128302019,0.86175
"Seychelles",2015,0,4.9682,17.1738,2.8503,41809,51933,51887,47353,1890.9433302019,1.24475
"Seychelles",2016,0,5.3121,19.0491,2.9403,41619,52609,52632,47877,1899.8329302019,1.06475
"Seychelles",2017,0,6.3293,21.123,2.9103,41437,53300,53396,48414,1897.2152302019,1.16425
"Seychelles",2018,0,6.0553,21.0427,2.9503,41246,53989,54158,48943,1900.5839302019,0.928166666666667
"Seychelles",2019,0,6.5802,22.8085,3.1103,41038,54664,54919,49453,1895.2799302019,1.39708333333333
"Seychelles",2020,0,6.9047,23.0834,3.1703,40804,55308,55587,49943,1897.4234302019,1.43916666666667
"Sierra Leone",1990,-19.8413,3.0035,0.5545,21.014,2878355,1433891,2143994,2181394,6309.94739586446,0.56925
"Sierra Leone",1991,-19.8413,3.0389,0.6417,21.9163,2884897,1452342,2171107,2207063,6282.91809586446,0.538583333333333
"Sierra Leone",1992,-19.8413,3.0876,0.6224,20.718,2870792,1460540,2133932,2167635,6259.22819586446,0.321166666666667
"Sierra Leone",1993,-19.8413,2.8492,0.6847,20.7339,2844736,1462563,2131781,2163908,6316.29779586447,0.5075
"Sierra Leone",1994,-19.8413,2.7778,0.6599,20.657,2818979,1464642,2142031,2172921,6231.03169586446,0.45825
"Sierra Leone",1995,-19.8413,1.6831,0.6815,20.8859,2803055,1471764,2147008,2177142,6114.47029586446,0.525583333333333
"Sierra Leone",1996,-19.8413,1.683,0.7222,21.0213,2797796,1484554,2159117,2188253,5866.03589586446,0.598083333333333
"Sierra Leone",1997,-19.8413,1.6103,0.7131,21.2928,2802635,1502820,2188630,2216398,5967.53357624681,0.783416666666667
"Sierra Leone",1998,-19.8413,1.7481,0.5294,21.6019,2823586,1530060,2211204,2238771,6180.08547624681,0.87975
"Sierra Leone",1999,-19.8413,1.6335,0.409,22.2988,2867513,1570290,2222342,2252803,5891.44127624681,0.833125
"Sierra Leone",2000,-19.8413,2.1043,0.9489,21.9828,2938242,1626055,2275881,2308186,5797.57267624681,1.2965
"Sierra Leone",2001,-114.1296,2.4288,1.4288,23.3287,3039370,1699777,2412807,2444289,5748.72257624681,0.8155
"Sierra Leone",2002,-114.1296,2.3593,2.0311,25.0153,3167216,1790000,2554938,2585175,6039.66507624681,1.02627272727273
"Sierra Leone",2003,-114.1296,1.8043,2.6975,26.3587,3309412,1890137,2661461,2689447,6564.83537624681,0.820166666666667
"Sierra Leone",2004,-114.1296,1.3995,3.7007,29.5587,3448988,1990707,2754047,2779282,6900.39297624681,1.07608333333333
"Sierra Leone",2005,-114.1296,0.8184,5.1998,32.2125,3569351,2089028,2830690,2852644,6997.58497624681,1.20808333333333
"Sierra Leone",2006,-114.1296,0.7331,5.5616,33.731,3666929,2181763,2895765,2914008,7787.79297624681,1.06125
"Sierra Leone",2007,-114.1296,0.9326,7.0473,35.881,3748249,2267168,2962281,2976883,7093.49827624681,0.803333333333333
"Sierra Leone",2008,-114.1296,1.3479,9.5332,37.5309,3817768,2347604,3039735,3051126,6692.30087624681,1.259
"Sierra Leone",2009,-114.1296,1.2839,10.0529,38.667,3882977,2427283,3125747,3134095,6883.90797624681,0.877
"Sierra Leone",2010,-114.1296,1.6416,11.9214,39.8031,3949115,2509605,3215628,3221070,6757.74647624681,1.434
"Sierra Leone",2011,-114.2992,1.506,11.1045,40.3453,4016739,2594953,3304869,3307516,7033.47867624681,1.02425
"Sierra Leone",2012,-114.2992,3.153,12.4712,41.5231,4083903,2682200,3394323,3394265,7645.62017624681,0.636666666666667
"Sierra Leone",2013,-114.2992,3.9798,12.8166,43.301,4150771,2771308,3483704,3481154,7500.57617624681,1.038
"Sierra Leone",2014,-114.2992,4.9419,17.638,44.1817,4216939,2862223,3572787,3567901,7854.04178611174,1.00558333333333
"Sierra Leone",2015,-114.2992,6.946,17.0028,44.0596,4282234,2954791,3660930,3653843,8148.40158611174,1.03558333333333
"Sierra Leone",2016,-113.96,9.7433,18.5284,44.9374,4346912,3049278,3751483,3742430,7883.08218611174,1.29491666666667
"Sierra Leone",2017,-113.96,10.9084,19.3135,45.8153,4410710,3146502,3844264,3833302,7853.10878611174,1.68283333333333
"Sierra Leone",2018,-113.96,12.3329,20.1362,46.596,4473227,3246502,3936943,3924338,8358.68478611174,1.26225
"Sierra Leone",2019,-113.96,11.7538,18.651,48.9738,4534084,3349039,4030454,4016374,7277.60188611174,1.55958333333333
"Sierra Leone",2020,-113.96,12.7422,19.1299,50.1517,4592960,3453971,4124768,4109203,7273.64618611174,1.60608333333333
"Singapore",1990,-49.9055,934.3321,315.246,4154.6794,0,3012953,1515071,1507139,7991.81046687183,0.8595
"Singapore",1991,-49.9055,955.2544,305.8619,4990.5898,0,3096570,1566369,1554252,8886.86995965551,0.0167919603735603
"Singapore",1992,-49.9055,1069.793,272.6829,5672.1402,0,3189433,1623985,1604246,9626.95428600841,-0.5
"Singapore",1993,-49.9055,1166.0793,196.8826,6141.2953,0,3287588,1680740,1653391,10130.9309860084,0.423625
"Singapore",1994,-49.9055,1233.5717,228.5606,3237.3357,0,3385350,1736811,1701803,6955.22483418058,0.714222222222222
"Singapore",1995,-49.9055,1277.2249,249.8955,3752.0087,0,3478779,1793617,1750258,7692.96861378547,0.49
"Singapore",1996,-49.9055,1671.9931,274.3529,4392.3014,0,3566133,1852454,1799449,8866.45953624271,0.338222222222222
"Singapore",1997,-49.9055,1655.4045,346.6224,5355.7418,0,3649135,1912002,1848648,9924.91639863284,0.9759
"Singapore",1998,-49.9055,1607.1504,256.2016,6872.2954,0,3731440,1969989,1896303,11310.5958723402,0.6798
"Singapore",1999,-49.9055,1695.2101,369.8939,6310.3191,0,3818462,2025197,1941284,10967.8040844978,0.377714285714286
"Singapore",2000,-49.9055,1837.4691,623.1302,11795.4536,0,3913960,2071258,1982345,17869.0677130485,0.334666666666667
"Singapore",2001,-54.2433,1859.4474,950.6749,13744.9057,0,4018779,2102327,2019011,20575.8693664874,0.47825
"Singapore",2002,-54.2433,1824.2258,1130.0822,6928.1233,0,4131208,2124389,2052405,12535.9219060533,0.80975
"Singapore",2003,-54.2433,1667.8593,1249.6847,7827.9404,0,4249295,2143316,2083097,13411.2305589175,0.791666666666667
"Singapore",2004,-54.2433,1571.594,1177.6953,8551.331,0,4370040,2159172,2111229,13985.6293833828,0.6354
"Singapore",2005,-54.2433,1301.2699,1387.172,8497.5642,0,4491042,2195992,2148646,13908.291341236,0.140333333333333
"Singapore",2006,-54.2433,1289.5869,2228.89,8898.29,0,4611901,2278580,2208003,15192.529334525,1.0008
"Singapore",2007,-54.2433,1292.823,2376.2606,9549.2458,0,4732528,2384412,2278843,15998.638224841,0.278
"Singapore",2008,-54.2433,1246.5848,2499.9373,8983.8595,0,4851109,2489445,2348957,15474.5160299845,0.260666666666667
"Singapore",2009,-54.2433,1248.9406,2001.9293,9007.7544,0,4965518,2592953,2417751,15020.417952973,0.935166666666667
"Singapore",2010,-54.2433,1295.017,2095.5131,11322.478,0,5074252,2683582,2480007,18175.8163426074,1.1035
"Singapore",2011,-111.3686,1296.0876,2103.1665,11215.2101,0,5176017,2750322,2531022,18170.165876923,0.713727272727273
"Singapore",2012,-111.3686,1257.076,2057.3862,10266.4509,0,5270958,2804774,2576230,16791.5292133996,0.816
"Singapore",2013,-111.3686,1248.3082,2401.7639,13244.0344,0,5360837,2857832,2620222,20982.3326204031,1.23366666666667
"Singapore",2014,-111.3686,1242.5238,2440.5028,14188.9479,0,5448342,2908462,2662039,22126.2820324388,1.29016666666667
"Singapore",2015,-111.3686,1274.0119,2494.8971,14646.9415,0,5535262,2951780,2698238,22675.1319047209,1.64583333333333
"Singapore",2016,-17.0128,1335.1508,2554.6606,13058.615,0,5622455,2984935,2726998,20900.9612383243,2.03383333333333
"Singapore",2017,-17.0128,1280.6325,2618.6316,14810.611,0,5708844,3012752,2751735,23155.8808032832,1.57027272727273
"Singapore",2018,-17.0128,1251.1433,2683.0607,14555.5246,0,5791901,3039193,2775343,22915.4736050404,1.36566666666667
"Singapore",2019,-17.0128,1305.5056,2752.7626,15821.6383,0,5868104,3066573,2799832,24297.9722050404,1.84708333333333
"Singapore",2020,-17.0128,1389.4966,2766.3911,16410.4719,0,5935053,3090012,2819857,24891.4606047209,1.61108333333333
"Slovakia",1993,-9917.0964,944.8367,1243.4231,3282.9021,2317552,3029662,2594120,2727739,2089.15523087801,0.273666666666667
"Slovakia",1994,-9917.0964,897.829,919.424,3799.5233,2327604,3035292,2601171,2737640,1787.32292846078,1.61091666666667
"Slovakia",1995,-9917.0964,891.9446,985.5266,3872.945,2336326,3039144,2605423,2744573,2188.95143087802,0.48
"Slovakia",1996,-9917.0964,1022.8378,971.1432,4044.9874,2343652,3041136,2608400,2749889,2463.95513087801,-0.562166666666667
"Slovakia",1997,-9917.0964,1108.2674,865.4431,4203.0407,2349716,3041488,2611063,2754767,2736.76998982465,0.13325
"Slovakia",1998,-9917.0964,1130.4158,847.2716,4600.2133,2354760,3040494,2612385,2758695,2650.75943087801,0.648166666666667
"Slovakia",1999,-9917.0964,1156.0191,828.2873,4516.8229,2359113,3038595,2612646,2761974,2150.45249340483,1.00575
"Slovakia",2000,-9917.0964,1059.479,696.35,4337.3043,2363059,3036152,2612237,2764452,1392.27073562888,1.81875
"Slovakia",2001,-8863.1525,1046.2603,552.618,4427.9237,2367176,3032830,2611577,2764878,2382.13179340483,0.69425
"Slovakia",2002,-8863.1525,1021.472,504.5229,4358.2571,2375345,3024809,2611128,2764077,2514.87189340483,1.56491666666667
"Slovakia",2003,-8863.1525,1045.6478,455.7401,4277.9166,2383336,3016550,2610845,2763530,2284.11319340483,0.866666666666667
"Slovakia",2004,-8863.1525,957.8105,496.6279,5081.8349,2391255,3008164,2611509,2763421,2906.52879340483,0.555083333333333
"Slovakia",2005,-8863.1525,915.1207,584.0731,4933.1807,2399162,2999801,2612698,2763544,3010.14670318148,0.29225
"Slovakia",2006,-8863.1525,868.6661,639.8432,5341.6312,2407098,2991443,2613646,2763589,3313.01167888956,0.889833333333333
"Slovakia",2007,-8863.1525,790.5948,681.7788,5462.1337,2415132,2983194,2614685,2763697,3060.96917888956,1.88783333333333
"Slovakia",2008,-8863.1525,830.2354,724.2217,5514.5871,2423516,2975340,2616751,2764885,3515.46654097914,1.72691666666667
"Slovakia",2009,-8863.1525,836.2511,796.0771,5511.0268,2432484,2968235,2621149,2767778,3043.94327888956,1.36
"Slovakia",2010,-8863.1525,867.3226,825.0398,6313.7087,2448958,2955336,2625824,2770600,3984.32607888956,0.425083333333333
"Slovakia",2011,-7765.333,790.0709,694.4194,6728.565,2465827,2944020,2629893,2772787,5036.34467888956,1.24
"Slovakia",2012,-7765.333,747.4284,648.5231,6483.5273,2476704,2940366,2634273,2775010,4624.27007888956,1.2935
"Slovakia",2013,-7765.333,746.1284,740.625,6402.8733,2487967,2937163,2637802,2776937,4610.87957888956,1.20758333333333
"Slovakia",2014,-7765.333,676.64,607.3395,6277.2089,2499107,2933734,2640838,2778731,4479.27224097914,2.4185
"Slovakia",2015,-7765.333,699.1607,646.358,6855.0289,2508148,2931170,2644274,2780171,4760.8289378362,2.2075
"Slovakia",2016,-1097.3057,687.5673,608.4092,6648.5715,2514920,2929298,2648896,2782308,11362.6941409791,1.6385
"Slovakia",2017,-1097.3057,723.4424,676.7588,7061.6749,2519468,2928194,2654060,2785356,11692.4150788896,1.43283333333333
"Slovakia",2018,-1097.3057,713.1078,610.3089,6904.7754,2521863,2927953,2658705,2788041,11648.4777041689,2.49833333333333
"Slovakia",2019,-1097.3057,695.9686,583.2515,6511.4356,2522243,2928744,2663062,2790862,11165.8992409791,2.57566666666667
"Slovakia",2020,-1097.3057,722.2945,536.1756,6174.2002,2520712,2930688,2664671,2792010,10699.5031409791,2.05691666666667
"Slovenia",1992,-9507.003,306.1741,230.9013,3440.6593,991865,1013647,961512,1029828,-3591.54790298864,1.30366666666667
"Slovenia",1993,-9507.003,332.924,173.3888,3016.2902,988992,1011776,962622,1029063,-3880.34300298865,0.666916666666667
"Slovenia",1994,-9507.003,300.1949,152.9642,3102.1903,985915,1009692,963453,1027995,-3867.59010298864,1.88491666666667
"Slovenia",1995,-9507.003,305.9809,132.3092,2088.1541,983347,1008125,964247,1026859,-4581.67270298864,0.650916666666667
"Slovenia",1996,-9507.003,285.7904,249.2515,2116.8555,981596,1007393,964959,1025707,-4455.54580298865,-0.249583333333333
"Slovenia",1997,-9507.003,318.6048,237.6,1933.2781,980562,1007393,965442,1024387,-4393.39020298864,0.749
"Slovenia",1998,-9507.003,327.6313,259.2281,1887.2616,980048,1007928,965600,1022679,-4450.88300298865,1.04241666666667
"Slovenia",1999,-9507.003,268.7239,277.8959,1796.7963,979693,1008625,965510,1020751,-4531.30510298865,1.04283333333333
"Slovenia",2000,-9507.003,288.6872,201.1196,1809.574,979257,1009242,965383,1018956,-4529.99510298865,2.02183333333333
"Slovenia",2001,-11895.4935,303.5023,273.8504,1814.207,978660,1009689,965188,1017299,-6708.14700298864,1.22325
"Slovenia",2002,-11895.4935,324.9331,289.197,1749.228,977096,1011168,966788,1016979,-6758.79900298865,1.80983333333333
"Slovenia",2003,-11895.4935,325.6614,214.5878,1885.5608,972957,1016008,970939,1018472,-6671.37080298865,1.44041666666667
"Slovenia",2004,-11895.4935,301.0224,229.0643,2030.2681,969669,1021761,976011,1020710,-6640.07320298864,0.716333333333333
"Slovenia",2005,-11895.4935,301.808,212.4355,2134.4787,967539,1028742,981600,1023179,-6540.82830298865,0.353416666666667
"Slovenia",2006,-11895.4935,306.6685,210.1488,2147.2449,966665,1037126,987623,1025947,-6434.39670298864,1.1385
"Slovenia",2007,-11895.4935,312.3719,200.5639,2184.8968,966833,1046706,994019,1029210,-6384.73660298865,1.89466666666667
"Slovenia",2008,-11895.4935,288.2038,246.1128,2152.5916,967551,1056987,1001032,1033002,-6189.39140298864,1.723
"Slovenia",2009,-11895.4935,278.0382,245.9778,1866.1662,968180,1067244,1008592,1036986,-6719.58560298864,1.58508333333333
"Slovenia",2010,-11895.4935,284.6693,264.3054,1860.1279,968215,1076953,1016312,1040976,-6653.68140298865,0.58425
"Slovenia",2011,-5092.0397,300.1423,276.7243,1891.2585,967513,1085923,1021534,1043919,2294.69629701135,1.65691666666667
"Slovenia",2012,-5092.0397,300.2655,268.0323,1963.9982,966153,1094237,1023999,1045355,2309.62939701135,1.75566666666667
"Slovenia",2013,-5092.0397,285.2796,284.4636,2085.7837,964206,1101913,1025989,1046386,2366.41279701136,1.42875
"Slovenia",2014,-5092.0397,215.0497,240.6034,2156.8624,961764,1109081,1027745,1047171,2318.44319701135,2.43008333333333
"Slovenia",2015,-5092.0397,244.8278,269.8294,2132.128,958942,1115846,1032237,1048625,2388.21799701135,2.18108333333333
"Slovenia",2016,-965.2655,247.605,289.5881,2141.2806,955396,1122466,1039261,1050759,5423.83049701135,1.84025
"Slovenia",2017,-965.2655,250.7864,280.9292,2186.5625,951104,1128872,1045880,1052512,5468.36409701135,1.77066666666667
"Slovenia",2018,-965.2655,240.0108,269.3753,2168.9465,946127,1135133,1052097,1053828,5443.14079701135,2.41708333333333
"Slovenia",2019,-965.2655,228.9523,245.9955,2161.3969,940556,1141344,1058072,1054830,5357.81699701136,2.48741666666667
"Slovenia",2020,-965.2655,221.9579,228.7197,2081.5114,934472,1147583,1062997,1054644,5148.84649701135,2.14658333333333
"Solomon Islands",1990,3682.7816,2.0065,11.1964,7.0028,269191,42649,168581,155589,9965.76750062514,0.4465
"Solomon Islands",1991,3682.7816,1.9808,11.5478,7.2205,276266,44487,173479,160474,9956.32413503285,0.382818181818182
"Solomon Islands",1992,3682.7816,1.7842,11.8936,7.4208,283545,46408,178484,165431,9958.37633503285,0.455416666666667
"Solomon Islands",1993,3682.7816,1.7257,6.8056,7.6212,291042,48414,183612,170474,9955.27293503285,0.0631
"Solomon Islands",1994,3682.7816,1.8204,7.3046,7.8242,298720,50505,188881,175624,9957.15703503285,0.0676666666666667
"Solomon Islands",1995,3682.7816,1.7149,7.9177,8.0671,306547,52678,194296,180893,9958.95353503285,0.657333333333333
"Solomon Islands",1996,3682.7816,1.8875,8.7142,8.3228,314532,54937,199819,186250,9961.42743503285,0.363333333333333
"Solomon Islands",1997,3682.7816,1.9179,9.5507,8.5684,322667,57280,205403,191647,10508.5779335224,0.31025
"Solomon Islands",1998,3682.7816,1.9503,3.9335,8.7767,330934,59709,211057,197088,10921.2718868691,0.644636363636364
"Solomon Islands",1999,3682.7816,2.5371,4.8665,9.0251,339314,62224,216738,202492,10921.454863215,0.187833333333333
"Solomon Islands",2000,3682.7816,1.8898,9.6936,9.276,347363,65246,222168,207810,10928.048763215,0.506714285714286
"Solomon Islands",2001,1502.9863,1.9538,13.5883,9.467,355185,68668,227319,213076,8711.18886321498,0.640758198869949
"Solomon Islands",2002,1502.9863,1.9995,17.5757,9.6679,363021,72241,232444,218316,8717.84416321498,-0.0385
"Solomon Islands",2003,1502.9863,1.7155,21.9622,9.9289,370814,75955,237617,223600,8724.96866321498,0.624111111111111
"Solomon Islands",2004,1502.9863,2.0403,26.023,10.2225,378516,79808,242852,228933,8733.87496321498,0.840181818181818
"Solomon Islands",2005,1502.9863,1.8635,33.4841,10.4934,386096,83789,248157,234329,8743.66956321498,0.7379
"Solomon Islands",2006,1502.9863,1.8697,35.0702,10.767,393518,87904,253589,239841,8747.29106321498,0.500818181818182
"Solomon Islands",2007,1502.9863,2.0528,36.4554,11.01,400788,92152,259158,245462,8750.53396321498,0.925416666666667
"Solomon Islands",2008,1502.9863,1.8439,38.1857,11.2395,407930,96547,264829,251172,8727.41178076204,0.318333333333333
"Solomon Islands",2009,1502.9863,1.6639,39.5133,11.2625,414986,101093,270736,257098,8730.75318076204,0.287
"Solomon Islands",2010,1502.9863,1.2406,39.5423,11.3155,421980,105810,277024,263369,8732.39948076204,0.7765
"Solomon Islands",2011,-18009.7474,1.6039,39.3769,11.395,428948,110666,283714,270007,-11360.8247774139,0.7293
"Solomon Islands",2012,-18009.7474,1.1826,41.8091,11.478,435874,115657,290777,276985,-11357.4300774139,0.8627
"Solomon Islands",2013,-18009.7474,1.9127,43.8653,11.5675,442735,120778,298140,284224,-11350.5297774139,0.808
"Solomon Islands",2014,-18009.7474,1.9682,49.0891,11.6305,449490,126014,305726,291650,-11348.9852774139,0.756333333333333
"Solomon Islands",2015,-18009.7474,1.7268,55.557,11.77,456121,131361,313454,299207,-10934.3924882118,0.662181818181818
"Solomon Islands",2016,45199.8485,1.98,65.4251,11.873,462611,136808,321267,306834,52548.5799010947,1.614
"Solomon Islands",2017,45199.8485,1.9089,75.0892,12.196,468983,142360,329135,314498,52558.7924010947,1.08301078963083
"Solomon Islands",2018,45199.8485,1.9008,86.4142,12.3655,475260,148021,337049,322200,52571.7817010947,1.01341011705274
"Solomon Islands",2019,45199.8485,1.9468,97.2327,12.3885,481459,153795,345031,329962,52584.4313010947,1.12757142857143
"Solomon Islands",2020,45199.8485,1.9379,108.7173,12.528,487611,159686,353241,337950,52596.4877010947,1.12209090909091
"Somalia",1990,0,NA,1e-04,42.3217,5203412,2193935,3492296,3506800,27984.4436086126,0.0523333333333333
"Somalia",1991,0,NA,4e-04,29.5221,5218628,2237308,3355648,3377053,27961.918597309,0.297166666666667
"Somalia",1992,0,0.2895,9e-04,34.7228,5215131,2273413,3201070,3227072,24007.6756762468,0.551166666666667
"Somalia",1993,0,0.5793,0.0035,34.4257,5210375,2309436,3297332,3323397,26868.3351293405,0.134916666666667
"Somalia",1994,0,0.8688,0.0079,34.1307,5227852,2356102,3468198,3491631,27656.3195723395,0.4225
"Somalia",1995,0,1.1586,0.0165,34.0403,5283649,2421245,3595262,3615669,27801.8653257165,0.558083333333333
"Somalia",1996,0,1.4481,0.063,24.091,5383769,2508620,3727494,3744956,27912.7145979421,0.592
"Somalia",1997,0,1.7378,0.1152,24.4481,5521517,2615958,3860050,3874262,28019.3762097518,0.351916666666667
"Somalia",1998,0,2.0273,0.1773,25.116,5684137,2738235,4023019,4033843,27895.6330097518,0.665
"Somalia",1999,0,2.3171,0.2772,26.0247,5853196,2867035,4188542,4195938,27844.2624802518,0.314166666666667
"Somalia",2000,0,2.6066,0.5463,27.1161,6015423,2996056,4358791,4362674,27888.6278802518,0.573416666666667
"Somalia",2001,0,2.8964,0.6426,28.1209,6167501,3123322,4535229,4535518,28016.3016802518,0.81525
"Somalia",2002,0,2.8964,0.7569,29.2451,6313307,3250860,4707222,4703881,28098.9841802518,0.818083333333333
"Somalia",2003,0,2.8964,0.8874,29.2868,6417677,3418720,4882566,4875714,28184.6681802518,0.949583333333333
"Somalia",2004,0,2.8964,1.089,31.5052,6521864,3594364,5063740,5053614,28232.9448802518,0.522333333333333
"Somalia",2005,0,2.8964,1.206,32.4326,6629975,3779950,5240348,5226944,28369.1604802518,1.08633333333333
"Somalia",2006,0,2.8964,1.359,33.4986,6741849,3976468,5400747,5384226,27903.0908802518,0.833583333333333
"Somalia",2007,0,3.3792,1.503,34.8549,7240839,3797757,5568675,5549417,27474.4913802518,0.910833333333333
"Somalia",2008,0,3.3792,1.647,35.6114,7275093,4094183,5733318,5711552,27449.0948802518,0.7435
"Somalia",2009,0,3.3792,1.791,36.168,7300523,4407467,5877311,5852726,27429.7768802518,1.38733333333333
"Somalia",2010,0,3.3792,1.935,36.7245,7315117,4738106,6026604,6000046,27477.0765802518,1.03816666666667
"Somalia",2011,0,3.3792,2.052,37.2516,7318788,5085937,6122342,6094496,27484.8953802518,0.919166666666667
"Somalia",2012,0,3.3792,2.196,37.6082,7459376,5304400,6234944,6205382,27582.7121802518,1.15358333333333
"Somalia",2013,0,3.3792,2.34,38.3647,7601384,5530965,6441979,6410507,27764.0024802518,0.92325
"Somalia",2014,0,3.1926,2.475,38.5118,7745889,5767236,6671284,6637951,27846.5345802518,1.17158333333333
"Somalia",2015,0,3.2098,2.619,38.5684,7893535,6014594,6899404,6864502,27905.4325802518,1.56727272727273
"Somalia",2016,0,3.176,2.754,38.9152,8044409,6273587,7164565,7128282,27855.9672041268,1.23808333333333
"Somalia",2017,0,3.176,2.898,39.272,8198119,6544404,7450912,7413310,27857.6489041268,1.507
"Somalia",2018,0,3.176,3.042,39.6288,8354510,6827415,7725140,7685953,27908.1331041268,0.773
"Somalia",2019,0,3.176,3.177,40.9751,8513289,7122882,8011375,7969926,28115.1983041268,1.52633333333333
"Somalia",2020,0,3.176,3.321,41.5316,8674136,7431038,8290471,8246544,28203.6573041268,1.78908333333333
"South Africa",1990,-651.8633,5008.4873,3368.9093,11545.2605,18015156,19545369,19422611,20454959,63484.5477465374,0.308666666666667
"South Africa",1991,-651.8633,5081.6025,3287.7587,10957.4654,18237267,20200588,19938864,20972094,62959.5468456292,0.359333333333333
"South Africa",1992,-651.8633,5139.0433,2732.0025,12373.1494,18484173,20876052,20288796,21471959,63304.0114509242,0.871666666666667
"South Africa",1993,-651.8633,4994.6016,3507.7157,12703.7936,18731071,21569090,20519374,22006067,63724.7218461028,0.787666666666667
"South Africa",1994,-651.8633,4973.1909,3444.9624,14264.6096,18959144,22259757,20745186,22522796,69015.3619559675,0.22425
"South Africa",1995,-651.8633,5101.9564,3537.2153,15061.7187,19156146,22932019,20960968,23025116,71013.9676559675,0.497666666666667
"South Africa",1996,-651.8633,5767.8955,3790.1051,16982.5205,19318317,23580203,21154148,23507455,74707.9623391658,-0.0629166666666667
"South Africa",1997,-651.8633,6066.467,4036.0287,17782.4476,19449786,24207238,21405714,23879335,76679.1260391657,0.28325
"South Africa",1998,-651.8633,6146.7588,3679.3885,17618.6627,19554678,24817434,21703485,24148681,80127.3826391658,0.769666666666667
"South Africa",1999,-651.8633,5704.1913,3786.2466,17350.4753,19640794,25417981,21977029,24387653,77923.5093391658,1.16041666666667
"South Africa",2000,-651.8633,5569.1747,4378.1299,16196.4404,19713179,26015136,22221377,24591889,74545.5978559675,0.226666666666667
"South Africa",2001,-638.5166,6852.7251,4075.4142,15472.673,19774867,26610139,22447806,24781908,74217.1475559675,0.480416666666667
"South Africa",2002,-638.5166,6303.9512,4236.7137,17127.8734,19799101,27227072,22681781,24979734,77430.8356391658,0.516083333333333
"South Africa",2003,-638.5166,7286.5321,4794.9815,18506.3922,19800023,27848704,22925383,25178665,80740.1094391658,0.774833333333333
"South Africa",2004,-638.5166,8130.2791,5206.8999,19151.5856,19784966,28462429,23176582,25379489,84033.8254391658,0.951416666666667
"South Africa",2005,-638.5166,8137.0118,5476.8234,19633.0135,19754866,29065720,23433293,25583854,85259.5650391658,0.8885
"South Africa",2006,-638.5166,8682.0774,5807.9013,19950.0667,19707664,29656918,23696246,25795511,84865.1219391658,0.434166666666667
"South Africa",2007,-638.5166,9411.0006,6037.5575,21160.8395,19647368,30239813,23972107,26023987,88686.8236430405,0.663916666666667
"South Africa",2008,-638.5166,10254.5447,6623.84,18866.6871,19583275,30828854,24278088,26287724,89495.9761391658,0.687833333333333
"South Africa",2009,-638.5166,9440.6414,6569.0336,17529.165,19528590,31442228,24599914,26570865,87669.1083391658,0.591916666666667
"South Africa",2010,-638.5166,8861.2135,6619.231,19486.738,19489852,32094811,24927507,26857414,90048.7797391658,1.07575
"South Africa",2011,-758.212,8701.8607,6598.1553,19405.4385,19470335,32793181,25278908,27164417,88642.2023391658,0.437
"South Africa",2012,-758.212,9368.8976,7100.0365,18896.994,19465377,33532836,25651390,27493643,90801.9472391658,0.545916666666667
"South Africa",2013,-758.212,9394.9827,7316.5875,19801.0195,19467489,34299907,26036121,27837495,92729.1085391658,0.620916666666667
"South Africa",2014,-758.212,9803.5645,7636.3832,20624.7749,19463910,35075661,26500685,28228865,95059.4425430405,0.869083333333333
"South Africa",2015,-758.212,9093.9202,7264.1386,20914.2404,19446876,35844349,27155417,28721087,92696.6326430405,1.46675
"South Africa",2016,-500.136,9424.7821,10580.2627,20604.1158,19414491,36600982,27418165,29004108,93196.2943430405,1.50983333333333
"South Africa",2017,-500.136,9016.2643,8589.2632,21420.4613,19369002,37348154,27465269,29175940,93715.3252430405,0.972833333333333
"South Africa",2018,-500.136,11350.739,9076.8522,21215.6568,19311652,38086769,27822349,29517286,98657.0147430405,1.12175
"South Africa",2019,-500.136,10148.8705,8221.7333,21602.6198,19244858,38820239,28207948,29879107,97585.4822430405,1.69591666666667
"South Africa",2020,-500.136,9856.2941,8363.8347,21403.5652,19170340,39550889,28580784,30221143,96423.8150430405,0.937833333333333
"South Sudan",2012,-331.125,57.5076,590.9126,41.9297,8847540,1970718,5287401,5414203,43287.5786432856,1.31191666666667
"South Sudan",2013,-331.125,62.6159,617.8796,42.1305,9119185,2058305,5491442,5614589,42882.7050432856,1.26275
"South Sudan",2014,-331.125,64.5713,681.4324,42.4313,9383162,2147809,5545556,5667728,43062.3943432856,0.813083333333333
"South Sudan",2015,-331.125,91.122,766.8346,42.5318,9642116,2240020,5536196,5658104,42701.9028843118,1.16383333333333
"South Sudan",2016,2062.3309,68.386,870.7824,42.5323,9895674,2335056,5472936,5593169,47330.3005205037,1.54666666666667
"South Sudan",2017,2062.3309,62.9327,950.4455,42.6326,10142827,2432887,5269584,5388641,44392.356651777,1.25408333333333
"South Sudan",2018,2062.3309,68.3094,1073.9537,42.4331,10384989,2534064,5139223,5256106,47839.0205213484,1.09941666666667
"South Sudan",2019,2062.3309,67.2636,1181.9019,44.0352,10623927,2639257,5167140,5280526,39046.383043675,0.999333333333333
"South Sudan",2020,2062.3309,69.6268,1296.1166,44.436,10860946,2749061,5248072,5358155,50403.8676768983,0.779916666666667
"Spain",1990,-43068.9652,2473.6109,3822.6883,30549.3985,9688522,29617580,19043134,19846755,44948.7327,1.09966666666667
"Spain",1991,-43068.9652,2675.3361,3926.4259,30095.2519,9642918,29760282,19089811,19907251,46108.0154,0.335166666666667
"Spain",1992,-43068.9652,2911.8651,4192.2291,28481.7758,9637807,29877704,19191232,20011018,46652.7573,0.333333333333333
"Spain",1993,-43068.9652,2741.164,2698.296,26747.1985,9635304,30003331,19300093,20120452,43090.2182,-0.0515
"Spain",1994,-43068.9652,2893.2839,2848.8583,29068.8071,9633307,30131255,19401551,20222174,47709.1642,1.081
"Spain",1995,-43068.9652,2906.2794,2173.953,30928.0053,9631181,30259317,19496042,20318531,50828.3586,1.50033333333333
"Spain",1996,-43068.9652,2732.2795,2062.4746,31355.2089,9627169,30382155,19585531,20410942,50735.453,0.64325
"Spain",1997,-43068.9652,2981.3807,2607.0826,32315.759,9623946,30507614,19676146,20503904,56547.9953,1.55441666666667
"Spain",1998,-43068.9652,3124.0168,2850.6853,34979.8325,9629839,30662803,19766973,20595383,62431.4884,1.0475
"Spain",1999,-43068.9652,3730.1448,3617.5402,34576.308,9656031,30883692,19856535,20685697,65893.8501,0.874833333333333
"Spain",2000,-43068.9652,3683.8652,4215.0972,35417.767,9709605,31194106,19956091,20785560,71719.7297,0.943083333333333
"Spain",2001,-19600.3244,3667.8393,4365.6298,35904.8916,9792190,31599913,20067588,20898861,95934.1682,1.14525
"Spain",2002,-19600.3244,3778.1323,5067.5669,35989.6629,9852597,32132923,20337862,21139793,101065.482,1.11008333333333
"Spain",2003,-19600.3244,3874.4548,5092.7882,37741.5047,9904876,32748530,20741397,21488873,107235.6463,1.46241666666667
"Spain",2004,-19600.3244,3951.2635,5696.8513,38870.9623,9961494,33390174,21136303,21823363,110096.4093,0.96425
"Spain",2005,-19600.3244,4316.6251,6438.9464,40737.0707,10014136,34028496,21532304,22153070,104853.773,0.842
"Spain",2006,-19600.3244,4408.8231,6985.623,40763.285,10062286,34663246,21922422,22500410,103157.0326,1.58208333333333
"Spain",2007,-19600.3244,4565.9024,7526.1135,41987.5241,10104737,35289121,22356720,22889061,108003.2201,0.834833333333333
"Spain",2008,-19600.3244,4201.931,7412.4599,40094.1932,10130511,35867295,22735774,23230764,100708.567,0.815333333333333
"Spain",2009,-19600.3244,4024.4778,6949.9598,35504.2741,10127186,36348886,22929514,23438258,92006.9235,1.45966666666667
"Spain",2010,-19600.3244,3714.9688,6538.1087,36973.5369,10086595,36702035,23012168,23560604,91080.5722,0.865166666666667
"Spain",2011,-8784.7989,3881.4063,7129.0408,34258.3596,10004441,36904697,23067975,23661258,100618.8756,1.67258333333333
"Spain",2012,-8784.7989,3991.4093,7050.758,32528.5868,9886091,36971313,23051083,23704999,99660.6069,1.04525
"Spain",2013,-8784.7989,3333.4521,6296.6052,30993.1223,9744548,36953005,22940611,23662847,96500.7551,0.835916666666667
"Spain",2014,-8784.7989,3359.5243,6153.7583,32403.7668,9599224,36922603,22845295,23619256,98044.2582,1.617
"Spain",2015,-8784.7989,3638.3429,4822.81,28565.1467,9464206,36933458,22811354,23619988,90574.9379,1.741
"Spain",2016,-15139.749,3317.9196,4457.9443,28448.7133,9343737,37003839,22816404,23656911,84243.7033,1.6065
"Spain",2017,-15139.749,3640.3955,4434.7422,27980.5747,9233918,37120403,22854449,23729720,84421.3646,1.92983333333333
"Spain",2018,-15139.749,3561.7121,3720.6466,27589.4966,9130380,37267072,22943218,23848825,82320.6619,1.28591666666667
"Spain",2019,-15139.749,3021.3912,3307.6625,25006.1203,9025938,37415111,23102938,24028434,78085.5196,1.5685
"Spain",2020,-15139.749,3005.2276,2778.1705,22695.2512,8915682,37543537,23212737,24151070,67650.3522,1.97783333333333
"Sri Lanka",1990,-7.9435,58.3906,147.9812,215.3833,14117614,3212099,8680922,8523172,12081.5551403909,0.547916666666667
"Sri Lanka",1991,-7.9435,66.5593,150.9349,215.4018,14291350,3248283,8775140,8641456,11911.8720403909,0.48675
"Sri Lanka",1992,-7.9435,96.9161,152.5419,386.4178,14457887,3282750,8867266,8757191,12177.5387403909,0.20825
"Sri Lanka",1993,-7.9435,100.8171,90.878,329.431,14613828,3314748,8957306,8868306,12226.8064403909,0.237333333333333
"Sri Lanka",1994,-7.9435,111.0101,95.7196,430.4443,14755018,3343330,9039920,8971824,12673.5685403909,0.354166666666667
"Sri Lanka",1995,-7.9435,139.3293,99.3563,418.4575,14879136,3367985,9110921,9066651,12739.9514403909,0.552
"Sri Lanka",1996,-7.9435,172.1059,22.0358,431.4681,14983912,3388208,9170494,9152012,12125.4122531112,0.37825
"Sri Lanka",1997,-7.9435,193.494,29.1658,446.476,15071902,3404603,9220665,9228458,12148.2665403909,0.649083333333333
"Sri Lanka",1998,-7.9435,236.9641,27.67,410.484,15151613,3419088,9263025,9297772,12256.3441403909,1.127
"Sri Lanka",1999,-7.9435,256.105,40.5845,451.4919,15234784,3434319,9305256,9365155,12740.7834531112,0.332333333333333
"Sri Lanka",2000,-7.9435,299.9424,126.996,465.4999,15329767,3452171,9346333,9430039,12793.3359411503,0.4875
"Sri Lanka",2001,-30.8531,288.5783,140.3704,503.5105,15439700,3473354,9400695,9519579,10359.7760531112,0.711583333333333
"Sri Lanka",2002,-30.8531,325.3448,171.554,466.5211,15562028,3497272,9472882,9637824,10718.1029182695,0.831916666666667
"Sri Lanka",2003,-30.8531,354.0025,201.3411,523.5344,15692371,3522936,9546233,9756948,11217.5051877628,0.807916666666667
"Sri Lanka",2004,-30.8531,356.6083,233.9553,615.5476,15823764,3548774,9617730,9872701,10723.6254336511,0.625083333333333
"Sri Lanka",2005,-30.8531,381.0014,264.3512,654.5582,15950938,3573620,9688144,9985722,11398.1102336511,0.711583333333333
"Sri Lanka",2006,-30.8531,343.4148,248.0098,688.5715,16072910,3597241,9764340,10106367,11303.1535531112,0.512
"Sri Lanka",2007,-30.8531,382.101,278.4073,727.582,16190874,3619915,9844210,10234445,11141.8963819698,0.476333333333333
"Sri Lanka",2008,-30.8531,403.7578,276.7802,796.5927,16304311,3641521,9922130,10363512,12007.5104819698,0.458083333333333
"Sri Lanka",2009,-30.8531,382.9065,287.5187,793.6033,16413045,3662041,9993388,10489088,11816.6969336511,0.8275
"Sri Lanka",2010,-30.8531,401.2381,268.244,732.6138,16516926,3681427,10059778,10608780,12291.3500923611,1.03808333333333
"Sri Lanka",2011,-1348.6692,493.0324,326.3329,820.6218,16615442,3699575,10131202,10728540,10909.8542254033,0.760833333333333
"Sri Lanka",2012,-1348.6692,580.0112,374.8143,850.6297,16708167,3716388,10192526,10824621,11034.7211254033,0.99925
"Sri Lanka",2013,-1348.6692,490.0192,311.5287,809.6404,16791684,3735549,10237951,10893806,11279.4556964496,0.828166666666667
"Sri Lanka",2014,-1348.6692,587.9444,422.7829,791.6457,16866370,3757194,10280468,10958989,10488.4204964496,1.012
"Sri Lanka",2015,-1348.6692,657.3661,447.3169,943.6536,16932569,3781471,10318912,11017785,12009.2644964496,1.07041666666667
"Sri Lanka",2016,-36.0784,816.7085,547.7085,1101.6616,16990083,3808409,10353683,11071811,13616.9916014523,1.34466666666667
"Sri Lanka",2017,-36.0784,936.3858,614.0261,1151.6669,17038849,3838068,10385204,11121609,12704.4605320111,1.09308333333333
"Sri Lanka",2018,-36.0784,965.2877,586.0368,1151.6722,17079399,3870642,10413935,11166774,13467.9270320111,0.840916666666667
"Sri Lanka",2019,-36.0784,1062.5908,675.0636,1581.688,17112476,3906383,10440860,11208805,13827.5079320111,1.30516666666667
"Sri Lanka",2020,-36.0784,1117.6317,707.7267,1581.6987,17138554,3945488,10466187,11248892,14205.7687478186,1.24616666666667
"Sudan",2012,-74.096,627.1987,668.9901,1490.1068,23988926,12001266,17593602,17566190,57895.5303168672,1.01008333333333
"Sudan",2013,-74.096,541.785,673.231,1530.1094,24502709,12347209,18005088,17985615,58302.4947168672,1.13775
"Sudan",2014,-74.096,696.8503,744.5727,1500.1124,25024231,12713682,18506560,18496684,58292.7995168672,1.07083333333333
"Sudan",2015,-74.096,961.9152,839.0894,1590.1155,25548489,13099314,19086685,19084493,58798.1452168672,1.19975
"Sudan",2016,0,1114.472,960.0101,1710.1187,26074189,13504639,19686813,19690357,59860.8203657947,1.44583333333333
"Sudan",2017,0,1158.8347,1066.5675,1720.1222,26602042,13931288,20335703,20344125,59607.9439657947,1.27025
"Sudan",2018,0,1211.428,1183.3223,1720.1256,27131309,14380217,20993202,21005857,60137.8637657947,1.03125
"Sudan",2019,0,1259.8099,1300.8071,1710.1259,27661508,14852586,21607642,21624451,60122.4600657947,0.912416666666667
"Sudan",2020,0,1240.294,1415.9266,1710.1285,28191779,15349424,22209433,22231053,60981.0279657947,0.5825
"Sudan (former)",1990,5.2906,28.7279,26.9537,189.5756,19386031,6530040,13032600,12809102,77629.2135006165,0.698333333333333
"Sudan (former)",1991,5.2906,35.9101,27.4437,190.9778,19561304,7037699,13277704,13043192,78557.1460006165,0.0565833333333333
"Sudan (former)",1992,5.2906,28.7279,27.9338,226.2795,19716536,7584754,13485150,13251879,80889.9566006165,-0.0420833333333333
"Sudan (former)",1993,5.2906,23.9401,28.4238,228.6815,19928813,8098039,13687656,13493767,82496.8040487963,0.455833333333333
"Sudan (former)",1994,5.2906,38.3042,31.8543,196.484,20411039,8368584,14003710,13842784,84637.1025006165,0.12875
"Sudan (former)",1995,5.2906,47.8802,31.8543,292.1861,20927135,8635370,14367741,14224904,85581.0586006165,0.630916666666667
"Sudan (former)",1996,5.2906,62.244,31.3641,293.8885,21480809,8896495,14703506,14593646,91777.7678345426,0.5655
"Sudan (former)",1997,5.2906,67.0321,30.8742,255.8909,22070130,9154327,15060182,14983601,101066.468634543,0.45875
"Sudan (former)",1998,5.2906,79.0022,33.6486,225.7936,22689858,9413607,15378420,15350160,112954.16734336,0.773
"Sudan (former)",1999,5.2906,79.0022,128.5552,243.3962,23331953,9680953,15737804,15746503,117233.929618275,0.523083333333333
"Sudan (former)",2000,5.2906,79.0022,131.8197,217.1989,23990226,9960965,16197750,16215463,110081.715518275,0.411166666666667
"Sudan (former)",2001,491.9288,131.6702,101.7597,241.8017,24663935,10255512,16657888,16683797,86051.4474182745,0.388
"Sudan (former)",2002,491.9288,201.0964,114.3353,255.6046,25354007,10562834,17111007,17145410,91550.8196601478,0.9915
"Sudan (former)",2003,491.9288,225.0365,122.9907,291.8077,26058518,10879068,17568652,17612692,93903.0602182746,0.926166666666667
"Sudan (former)",2004,491.9288,277.7045,131.6458,318.5107,26775364,11198632,18044762,18103905,95224.6274054707,0.99025
"Sudan (former)",2005,491.9288,411.7688,140.301,341.0137,27503139,11517652,18562772,18640460,99685.1434982671,1.308
"Sudan (former)",2006,491.9288,603.2892,147.9759,255.5169,28240213,11835003,19137178,19225307,91499.8757982671,0.740333333333333
"Sudan (former)",2007,491.9288,277.7045,142.4192,309.5199,28986551,12152775,19758871,19850115,99000.0154982671,0.492833333333333
"Sudan (former)",2008,491.9288,275.3105,140.83,285.423,29743916,12474716,20397292,20491838,97439.4107982671,0.84325
"Sudan (former)",2009,491.9288,327.9785,150.136,432.6264,30507004,12814282,21040240,21137142,98617.8622982671,1.43166666666667
"Sudan (former)",2010,491.9288,356.7067,156.4426,938.5296,31277063,13176092,21678613,21775739,93544.9445982671,1.56025
"Sudan (former)",2011,-405.221,512.317,177.8769,1341.733,32054105,13562066,22282633,22380041,95747.2392982671,0.783776129636634
"Suriname",1990,-89.0096,38.9151,17.2188,400.087,139739,267733,205650,207106,9344.18793136989,0.3525
"Suriname",1991,-89.0096,40.28,19.8752,393.7645,142087,273129,207218,208763,9459.31443136989,0.291333333333333
"Suriname",1992,-89.0096,40.6257,20.499,413.8614,144356,278407,208941,210579,9263.21263130778,0.618166666666667
"Suriname",1993,-89.0096,48.7657,14.6454,385.8728,146522,283517,210326,212049,8710.22806692865,0.321666666666667
"Suriname",1994,-89.0096,41.4929,15.335,350.4667,148584,288453,212373,214175,8685.10816692865,0.265666666666667
"Suriname",1995,-89.0096,41.7215,9.788,364.4483,150529,293195,216548,217941,8727.70896692865,0.93375
"Suriname",1996,-89.0096,46.357,10.8602,402.4238,152338,297698,221658,222177,8882.78216692865,0.885083333333333
"Suriname",1997,-89.0096,50.5397,11.7227,397.2291,154006,301948,226598,226288,8856.08586692865,0.726583333333333
"Suriname",1998,-89.0096,49.9522,12.3478,374.41,155559,306001,231434,230315,8904.01056692865,1.39508333333333
"Suriname",1999,-89.0096,44.0981,13.635,105.7,157050,309953,236184,234274,8516.10606692865,0.63625
"Suriname",2000,-89.0096,45.5766,14.4368,71.7763,158514,313876,240845,238153,8360.18316686199,0.544333333333333
"Suriname",2001,0,48.2993,18.9084,73.679,159960,317780,245436,241957,8876.67226692865,0.86475
"Suriname",2002,0,37.7013,20.8337,75.5842,161381,321663,249959,245707,8413.44627418761,0.949333333333333
"Suriname",2003,0,43.3072,29.9165,76.1895,162790,325542,254376,249404,8453.47557418761,1.12441666666667
"Suriname",2004,0,50.1045,36.8875,73.7922,164195,329435,257822,252750,8597.18887418761,1.21075
"Suriname",2005,0,63.9699,49.4083,72.3975,166238,332708,260410,255810,8358.58657195009,1.31183333333333
"Suriname",2006,0,52.1639,37.8615,72.4001,168365,335942,263086,258937,8516.13007418761,0.983
"Suriname",2007,0,46.7274,38.1415,71.7054,170511,339194,265833,262113,8221.51347195009,1.03766666666667
"Suriname",2008,0,46.6066,39.8502,71.4107,172681,342467,268623,265315,8418.25347418761,1.07608333333333
"Suriname",2009,0,50.9361,42.4506,64.2134,174867,345752,271450,268537,8473.70045875351,1.395
"Suriname",2010,0,56.499,46.1106,62.4187,177066,349037,274293,271788,8484.11907418761,1.51891666666667
"Suriname",2011,0,81.6707,64.1132,73.724,179273,352316,277111,275035,12600.8280719501,1.02291666666667
"Suriname",2012,0,100.3865,74.7301,89.1266,181489,355588,279884,278227,12946.6574741876,1.00075
"Suriname",2013,0,108.0922,77.2307,95.932,183704,358836,282602,281345,12854.9543741876,1.12516666666667
"Suriname",2014,0,130.0365,89.2791,72.1346,185806,362122,285276,284406,12978.8988741876,1.14941666666667
"Suriname",2015,0,155.4358,108.4647,72.1399,187781,365427,287993,287483,12987.8826741876,1.33716666666667
"Suriname",2016,0,134.8079,99.893,52.4452,189623,368745,290757,290695,13995.1286741876,1.77108333333333
"Suriname",2017,0,117.8157,99.8191,56.3479,191326,372076,293536,294024,14287.5133925501,1.43166666666667
"Suriname",2018,0,109.9931,104.177,56.2531,192884,375417,296341,297374,14137.9710323653,1.19933333333333
"Suriname",2019,0,114.5514,117.0945,56.1585,194302,378783,299437,300864,14424.3012346029,1.62733333333333
"Suriname",2020,0,117.7093,95.4236,56.0611,195577,382175,302656,304409,14401.3556346029,1.66741666666667
"Sweden",1990,-36230.909,79.0804,856.0596,6646.634,1447888,7119496,4222753,4325653,23228.6676899662,2.00258333333333
"Sweden",1991,-36230.909,125.3319,784.3112,8068.8412,1448639,7176498,4245559,4348612,24486.252471506,1.03625
"Sweden",1992,-36230.909,135.9876,775.5918,6086.8269,1445366,7241372,4268551,4371721,22300.434186609,1.39441666666667
"Sweden",1993,-36230.909,138.6362,432.3712,6005.174,1441783,7304993,4290189,4393216,21838.5593410387,0.515833333333333
"Sweden",1994,-36230.909,171.8565,493.983,6298.55,1436696,7361538,4310129,4413332,22559.739786609,0.5045
"Sweden",1995,-36230.909,148.5059,611.0911,6525.8245,1429406,7407014,4327369,4431126,22950.0355410387,0.690416666666667
"Sweden",1996,-36230.909,302.2868,790.9152,6533.7075,1425086,7434105,4340719,4444775,22916.7008410387,-0.0345
"Sweden",1997,-36230.909,177.3497,679.4282,6699.0593,1424155,7444698,4351962,4455907,22670.0796410387,1.22925
"Sweden",1998,-36230.909,187.3413,701.097,6695.0762,1421989,7448859,4362608,4466025,23285.2682011682,0.524916666666667
"Sweden",1999,-36230.909,175.426,802.5215,6576.2968,1419868,7453232,4373521,4475355,22913.9439275869,1.20425
"Sweden",2000,-36230.909,154.3159,704.5992,7063.1758,1418749,7462891,4386051,4484993,23100.8702314428,2.04166666666667
"Sweden",2001,-51833.485,159.4637,744.6541,7331.4324,1417317,7480476,4400933,4495815,9822.09931099025,0.770833333333333
"Sweden",2002,-51833.485,184.1784,790.8204,7576.518,1415408,7505286,4418086,4507926,11317.0428638545,1.40458333333333
"Sweden",2003,-51833.485,233.4831,854.2474,7694.8184,1414725,7536697,4438324,4523182,11832.104612782,1.32391666666667
"Sweden",2004,-51833.485,142.0873,697.81,8119.6189,1415350,7575289,4462202,4542060,11748.0194638545,1.27016666666667
"Sweden",2005,-51833.485,125.586,544.2842,14379.8247,1417334,7621289,4488565,4563173,20034.0896398721,1.6475
"Sweden",2006,-51833.485,132.5019,520.3883,15489.7455,1416324,7679940,4517923,4586796,21044.5062527763,1.92891666666667
"Sweden",2007,-51833.485,105.4733,495.3436,15204.2237,1412213,7751030,4551255,4613017,20934.7414631875,1.73008333333333
"Sweden",2008,-51833.485,105.8464,464.4831,13857.1266,1409010,7827880,4587725,4641545,18133.3470469303,1.83116666666667
"Sweden",2009,-51833.485,106.7092,441.1516,11773.2227,1406182,7907296,4627855,4673557,15552.4506452365,1.14633333333333
"Sweden",2010,-51833.485,151.3022,486.2173,12746.9997,1403234,7986934,4672279,4709450,17168.7354182084,-0.668333333333333
"Sweden",2011,-54856.0833,100.9169,424.8585,12305.9228,1391807,8074085,4719572,4747815,5165.52819869322,2.08475
"Sweden",2012,-54856.0833,74.7647,404.0773,11219.8602,1371997,8168910,4768734,4787252,3407.10041838595,0.732583333333333
"Sweden",2013,-54856.0833,76.5069,398.8212,10978.2994,1352261,8262986,4820433,4828499,3079.14241838595,1.45833333333333
"Sweden",2014,-54856.0833,63.3327,411.3309,11125.6075,1332551,8356825,4874993,4872515,3196.56738222708,2.49958333333333
"Sweden",2015,-54856.0833,62.2335,431.3392,11319.1026,1312954,8450611,4931371,4917977,3322.74074608458,2.29816666666667
"Sweden",2016,-44979.5867,70.2648,464.4613,11443.9664,1293399,8544134,4989007,4964310,9115.40438143078,1.76425
"Sweden",2017,-44979.5867,73.4524,463.7022,11278.9872,1273943,8636758,5047220,5010970,8930.42422875262,1.44033333333333
"Sweden",2018,-44979.5867,75.3251,459.8932,9872.7624,1254718,8727991,5105006,5057292,7010.90520184432,1.85008333333333
"Sweden",2019,-44979.5867,67.0433,451.6389,9399.4265,1235720,8817415,5163366,5104556,6926.88991271432,1.73133333333333
"Sweden",2020,-44979.5867,64.4671,445.1852,7002.1314,1216924,8904762,5219047,5149922,4348.96690588219,3.03983333333333
"Switzerland",1990,-2299.3872,280.7895,686.3812,5137.34,1740423,4934467,3277900,3433793,13517.8601830759,1.174
"Switzerland",1991,-2299.3872,272.1779,953.3914,4614.199,1761490,4979579,3319780,3475613,13140.4492320034,0.373833333333333
"Switzerland",1992,-2299.3872,290.6387,1077.551,4241.0388,1784574,5030802,3357346,3515833,12625.2510473094,1.10841666666667
"Switzerland",1993,-2299.3872,262.6605,805.9279,3837.2998,1808234,5083366,3388494,3547626,11976.4585699418,0.66675
"Switzerland",1994,-2299.3872,254.0809,753.9221,3921.6856,1830262,5131001,3415672,3575865,11970.2023601737,1.88558333333333
"Switzerland",1995,-2299.3872,289.3208,935.1983,3765.8542,1849103,5169422,3438093,3600204,11850.6278167849,0.789416666666667
"Switzerland",1996,-2299.3872,324.1441,1045.2236,3485.4388,1864158,5197015,3452800,3616892,11853.0461618011,-0.00824999999999999
"Switzerland",1997,-2299.3872,297.2712,1127.3316,3398.173,1876064,5215701,3461065,3625932,11884.4541041014,1.23258333333333
"Switzerland",1998,-2299.3872,335.5994,1313.0459,3569.8745,1886096,5229031,3471604,3636617,12321.5011618011,0.995583333333333
"Switzerland",1999,-2299.3872,329.7785,1494.3151,3758.9268,1896153,5242311,3489263,3652934,13525.8833249599,1.0085
"Switzerland",2000,-2299.3872,322.0834,1613.9254,4112.44,1907695,5259555,3509636,3672423,14273.8832554844,1.636
"Switzerland",2001,-3136.7981,329.6264,1702.8893,4357.2874,1917728,5284957,3530347,3694056,13914.6006554844,1.07675
"Switzerland",2002,-3136.7981,340.4014,1808.8613,4454.6074,1926831,5317083,3557095,3719385,13897.6039401784,1.59041666666667
"Switzerland",2003,-3136.7981,350.5503,1987.3255,4546.2284,1937708,5354185,3585774,3744955,14197.3965201502,1.72916666666667
"Switzerland",2004,-3136.7981,371.1777,2125.6642,4891.8626,1950516,5396731,3612548,3768604,14773.4145201502,0.91475
"Switzerland",2005,-3136.7981,413.7695,2214.8454,5062.7586,1965346,5444962,3638008,3790427,15239.4053449523,0.63975
"Switzerland",2006,-3136.7981,409.4441,2326.9254,5395.7285,1982272,5499135,3663326,3811684,15911.1741649805,1.41266666666667
"Switzerland",2007,-3136.7981,387.0253,2371.6557,5640.3725,2001241,5559117,3700599,3841305,16061.1981521131,1.62475
"Switzerland",2008,-3136.7981,407.9369,2468.6564,5814.8052,2021967,5624146,3754244,3884044,16510.8874721413,1.18633333333333
"Switzerland",2009,-3136.7981,404.0005,2413.9416,5858.6026,2044053,5693108,3805903,3928502,16561.6700521131,1.37725
"Switzerland",2010,-3136.7981,450.0868,2454.3911,6147.9737,2067084,5764887,3852318,3970117,17068.5220521131,0.300333333333333
"Switzerland",2011,-3023.7173,414.3634,2379.4601,6247.8776,2091187,5839234,3899375,4011607,16989.2773521131,2.02116666666667
"Switzerland",2012,-3023.7173,456.5768,2545.3535,6471.4074,2116141,5915529,3945041,4050697,17485.6237521131,1.37716666666667
"Switzerland",2013,-3023.7173,476.2182,2548.8149,6598.571,2140993,5991681,3995015,4093352,17856.9636521131,0.868
"Switzerland",2014,-3023.7173,425.8689,2442.9351,6756.5589,2164734,6064895,4047726,4140065,17822.6621521131,2.18983333333333
"Switzerland",2015,-3023.7173,450.4839,2469.8141,6695.3942,2186643,6133126,4097484,4184248,17697.2387521131,2.16741666666667
"Switzerland",2016,-3051.4225,482.6313,2359.6071,6522.1556,2206365,6195374,4147359,4225538,17352.4204521131,1.60325
"Switzerland",2017,-3051.4225,469.5536,2361.9279,6590.4434,2224037,6251968,4189958,4261730,17467.9403521131,1.76625
"Switzerland",2018,-3051.4225,447.0325,2271.9739,6444.6796,2238762,6305272,4221914,4292520,17154.9299521131,2.50466666666667
"Switzerland",2019,-3051.4225,444.2281,2056.6472,6114.8229,2251160,6357099,4253216,4322373,16628.5460158985,2.14766666666667
"Switzerland",2020,-3051.4225,436.7177,1928.7874,5879.4638,2261695,6408840,4286005,4352609,16092.4163158985,2.40175
"Syrian Arab Republic",1990,-672.1,613.5298,2016.289,2457.2,6356133,6090038,6294282,6114715,11407.5946295867,0.31725
"Syrian Arab Republic",1991,-672.1,612.1767,2081.0662,2185.65,6517936,6297283,6482015,6300266,11248.2003526101,0.241083333333333
"Syrian Arab Republic",1992,-672.1,743.8573,2143.8061,2460.7,6679588,6507497,6670047,6486359,11907.3668526101,-1.19916666666667
"Syrian Arab Republic",1993,-672.1,760.1067,1191.9256,2816.95,6842397,6721770,6861420,6675641,11107.7458526101,-0.242666666666667
"Syrian Arab Republic",1994,-672.1,881.7672,1251.6713,2883.45,7007839,6941858,7054827,6867800,11627.3002526101,0.931083333333333
"Syrian Arab Republic",1995,-672.1,950.8329,1316.2566,2764.3,7157828,7187664,7251008,7062441,11892.170083169,0.317833333333333
"Syrian Arab Republic",1996,-672.1,974.7765,252.7903,2846.7,7307834,7447452,7449878,7259001,11226.5672548783,0.695416666666667
"Syrian Arab Republic",1997,-672.1,1037.9451,296.9397,2936.95,7461061,7716395,7648408,7455588,12502.254622501,-0.258416666666667
"Syrian Arab Republic",1998,-672.1,1274.8785,237.8765,3053.55,7612375,7989835,7847538,7653005,13273.6887248057,1.24075
"Syrian Arab Republic",1999,-672.1,1370.9544,280.6747,3216.2,7755316,8260776,8048389,7852813,13525.6168171054,1.22116666666667
"Syrian Arab Republic",2000,-672.1,1396.0876,506.6822,2945.6,7885963,8524885,8251720,8055934,13495.977259881,0.600083333333333
"Syrian Arab Republic",2001,-672.1,1452.9774,699.4593,3192.1,7995447,8771452,8461998,8265950,14006.5775628214,1.19283333333333
"Syrian Arab Republic",2002,-672.1,1698.3867,886.6727,3102.45,8085687,9002214,8680305,8483717,14924.3555699236,0.688583333333333
"Syrian Arab Republic",2003,-672.1,1758.0141,1086.4558,3196.3,8176604,9238662,8904161,8707194,15572.7329864635,0.655833333333333
"Syrian Arab Republic",2004,-672.1,1697.6879,1291.1378,3087.5,8294901,9511737,9141476,8942531,15914.1977554137,0.511666666666667
"Syrian Arab Republic",2005,-672.1,2073.7631,1557.1339,3036.05,8455456,9839155,9393082,9190476,17178.2458253231,0.559166666666667
"Syrian Arab Republic",2006,-672.1,1851.6225,1643.4248,3687.85,8673211,10241766,9818867,9613142,18711.119517327,0.679083333333333
"Syrian Arab Republic",2007,-672.1,2364.4777,1691.8068,3750.25,8930863,10701943,10455630,10247376,21588.1775044601,0.9105
"Syrian Arab Republic",2008,-672.1,2392.3994,1731.0681,3909.4,9171916,11153527,10842593,10631467,21576.3633044601,1.03758333333333
"Syrian Arab Republic",2009,-672.1,2409.4401,1772.0292,3897.35,9321767,11503126,11020640,10806581,20433.2958044601,0.87375
"Syrian Arab Republic",2010,-672.1,2473.1475,1749.145,4457.95,9332362,11686472,11277036,11060526,20704.8106513659,2.45516666666667
"Syrian Arab Republic",2011,-675.9286,2472.0677,1738.3816,3212.65,9476439,11387554,11474102,11256631,19710.3734978825,0.417416666666667
"Syrian Arab Republic",2012,-675.9286,2035.5622,1693.8814,3414.1,9484477,10936224,11405754,11199824,18374.5809857437,1.18041666666667
"Syrian Arab Republic",2013,-675.9286,1318.1806,1653.3905,2650.25,9403582,10405559,10836931,10658890,15184.1691033567,1.125
"Syrian Arab Republic",2014,-675.9286,1193.6327,1775.7311,1873.4,9313499,9889591,10109590,9962642,14077.0501496933,1.57816666666667
"Syrian Arab Republic",2015,-675.9286,1268.5889,1950.0894,1894.85,8961409,9773578,9663595,9541583,14273.9598766495,1.1265
"Syrian Arab Republic",2016,-332.3314,1235.3322,2226.7147,2074.6,8692690,9737763,9533468,9430784,15145.377876444,1.65158333333333
"Syrian Arab Republic",2017,-332.3314,1221.6715,2494.9703,1944.3,8495489,9774379,9532365,9451008,14945.2204226596,1.48608333333333
"Syrian Arab Republic",2018,-332.3314,1425.6725,2842.7701,2579.3,8381170,9903237,9697361,9636103,15957.6613946808,2.31391666666667
"Syrian Arab Republic",2019,-332.3314,1422.1117,3129.291,2086.4,8357829,10141352,10073931,10024320,15721.6096614321,1.55566666666667
"Syrian Arab Republic",2020,-332.3314,1255.3178,3416.915,2053.75,8426159,10498283,10407665,10364931,15604.1912713419,1.89441666666667
"Tajikistan",1992,33.5716,60.9223,23.2562,5386.2057,3823062,1679914,2784423,2871785,8140.56487485139,-0.153416666666667
"Tajikistan",1993,33.5716,58.0591,11.5804,3418.0554,3917457,1676657,2813432,2904373,5974.63518635866,-0.274583333333333
"Tajikistan",1994,33.5716,53.9566,11.991,3040.4045,4008750,1671082,2855095,2948898,5023.0934,0.365666666666667
"Tajikistan",1995,33.5716,48.8441,12.3195,2690.8861,4100049,1664663,2912932,3003242,4623.5329,0.247666666666667
"Tajikistan",1996,33.5716,49.3841,13.9836,2050.7088,4191926,1657614,2974898,3060702,3981.8015,-0.17025
"Tajikistan",1997,33.5716,25.8149,15.8189,1864.5185,4284204,1650078,3014881,3102188,3847.2851,1.22933333333333
"Tajikistan",1998,33.5716,30.4853,7.8124,1576.9974,4378995,1642696,3030353,3126452,3559.3273,0.989
"Tajikistan",1999,33.5716,34.3306,10.4849,1560.265,4478560,1636326,3040596,3148968,3576.1344,0.87625
"Tajikistan",2000,33.5716,40.9324,13.7728,1576.7754,4568853,1647352,3079596,3193403,3602.9327,0.885416666666667
"Tajikistan",2001,-350.1227,37.8585,17.9715,1339.3558,4650260,1676865,3150466,3258343,2990.4302,1.43
"Tajikistan",2002,-350.1227,34.8727,21.7864,1048.2893,4738751,1708937,3221269,3320485,2739.2996,0.9785
"Tajikistan",2003,-350.1227,40.7862,27.6323,1126.8762,4833576,1743301,3291092,3381399,2918.7679,0.604166666666667
"Tajikistan",2004,-350.1227,54.5059,36.1204,1313.531,4933375,1779466,3360112,3441092,3237.9426,1.41216666666667
"Tajikistan",2005,-350.1227,54.772,40.3681,1340.7534,5037117,1817059,3429032,3500113,3372.4667,0.78475
"Tajikistan",2006,-350.1227,80.3501,46.1453,1490.6059,5144561,1855996,3498489,3558928,3658.1924,1.33025
"Tajikistan",2007,-350.1227,86.8576,45.6601,1498.3932,5256003,1896382,3569645,3618745,3721.9577,1.30725
"Tajikistan",2008,-350.1227,100.1438,49.5575,1318.9459,5371491,1938237,3643840,3680787,3726.4479,1.07083333333333
"Tajikistan",2009,-350.1227,111.6788,50.7294,1222.253,5491198,1981621,3722239,3746357,3835.7011,0.736833333333333
"Tajikistan",2010,-350.1227,119.1948,51.5832,1244.5487,5615102,2026528,3804994,3816785,3934.3497,1.40525
"Tajikistan",2011,-401.785,89.3288,14.8965,803.8483,5743046,2072903,3892015,3892805,3447.5938,1.14166666666667
"Tajikistan",2012,-401.785,87.4345,9.2056,719.0014,5872805,2122257,3982893,3973488,3476.7837,0.132916666666667
"Tajikistan",2013,-401.785,101.3569,10.5339,695.7639,6003406,2174403,4077789,4058822,3569.6543,1.26458333333333
"Tajikistan",2014,-401.785,118.1067,12.1676,921.5289,6133662,2229083,4176922,4149426,3927.3841,0.464666666666667
"Tajikistan",2015,-401.785,133.7722,13.5606,1081.294,6262550,2286101,4279505,4244558,4146.4928,1.3725
"Tajikistan",2016,-128.6548,167.3184,15.9107,1043.0564,6389516,2345435,4383379,4341940,4536.6443,1.788
"Tajikistan",2017,-128.6548,197.4735,20.9082,1864.8214,6514203,2407140,4486281,4439244,5455.7278,1.18275
"Tajikistan",2018,-128.6548,216.2716,32.055,2206.5838,6636026,2471185,4590127,4538006,5892.4789,1.697
"Tajikistan",2019,-128.6548,252.1337,34.0871,2328.3436,6754441,2537559,4696898,4640105,6157.4064,1.36016666666667
"Tajikistan",2020,-128.6548,250.0373,42.1475,2290.106,6868973,2606273,4801489,4741717,6141.5652,0.686916666666667
"Thailand",1990,-8642.8357,3747.3346,3171.7015,11993.9315,39934100,16648721,27614883,27613526,115477.9446,0.65375
"Thailand",1991,-8642.8357,4194.3567,3204.1685,11693.7841,40313875,16944526,28009783,28090082,118450.0599,0.73325
"Thailand",1992,-8642.8357,4596.1291,3122.0384,14016.7507,40623399,17214479,28386917,28552103,122192.8009,0.43325
"Thailand",1993,-8642.8357,5123.34,1955.5482,17344.2678,40894135,17470756,28753042,29023040,124187.0962,0.357166666666667
"Thailand",1994,-8642.8357,5480.8376,2103.3195,18498.1666,41169433,17732233,29115033,29494978,127510.8998,0.56025
"Thailand",1995,-8642.8357,6143.9296,2156.1359,20251.3675,41479759,18012031,29472127,29952707,130885.094,0.635583333333333
"Thailand",1996,-8642.8357,6780.1974,1961.0207,22342.6479,41835963,18315509,29818547,30392549,135157.7526,0.32625
"Thailand",1997,-8642.8357,7464.8329,1706.652,24314.1695,42226167,18637339,30156258,30832850,139747.4895,0.667916666666667
"Thailand",1998,-8642.8357,7358.2082,1293.0809,18441.0236,42628478,18968805,30485611,31259606,134234.9574,1.44058333333333
"Thailand",1999,-8642.8357,7339.1126,1328.2678,20968.371,43011057,19295594,30791112,31651539,136954.4624,0.2885
"Thailand",2000,-8642.8357,7760.1336,1229.4565,21356.2514,43198106,19759915,31072431,31994172,135558.5858,0.393
"Thailand",2001,-40250.0083,8286.9342,788.6917,23159.7328,42861156,20682166,31347349,32302543,94984.1075,0.687166666666667
"Thailand",2002,-40250.0083,8377.0144,599.3475,25704.4138,42458762,21614402,31620770,32601809,98792.8515,0.84475
"Thailand",2003,-40250.0083,8628.9868,650.5179,23740.3104,41999085,22555867,31884756,32892200,102901.9237,0.6995
"Thailand",2004,-40250.0083,9478.2629,695.5557,24593.4637,41491898,23510333,32138214,33172952,114763.8318,0.624166666666667
"Thailand",2005,-40250.0083,9344.2392,739.3393,27313.9937,40948938,24476532,32378837,33442524,110711.8554,0.99175
"Thailand",2006,-40250.0083,9671.9434,788.1298,28880.3975,40368169,25455995,32612264,33707262,110078.5498,0.8145
"Thailand",2007,-40250.0083,10449.7574,848.9869,29696.4068,39750794,26444821,32849413,33977340,124917.1836,0.70125
"Thailand",2008,-40250.0083,9391.9388,898.8319,26785.6161,39101036,27444724,33082657,34245582,114464.2021,0.345083333333333
"Thailand",2009,-40250.0083,9809.1388,836.0747,26509.6883,38428419,28453448,33307128,34506526,118409.4557,0.73575
"Thailand",2010,-40250.0083,10207.123,824.61,27158.9361,37733694,29475114,33511372,34759118,123067.4795,1.38791666666667
"Thailand",2011,-29753.9147,10895.4217,2667.9592,28368.932,37345660,30184470,33702397,35010449,160432.4955,0.294083333333333
"Thailand",2012,-29753.9147,12118.5993,3883.8097,29849.0947,37012171,30831808,33893784,35263239,169359.0361,1.20608333333333
"Thailand",2013,-29753.9147,11680.7688,4256.444,30085.57,36666051,31477014,34073118,35505484,165061.3773,0.941333333333333
"Thailand",2014,-29753.9147,11654.2146,14010.0443,31487.81,36300112,32116660,34231954,35728989,178899.1479,1.02233333333333
"Thailand",2015,-29753.9147,11422.8124,15310.6242,32089.49,35911920,32745680,34365474,35928923,174508.6586,1.5035
"Thailand",2016,291.4707,11775.6741,17257.9829,34788.65,35500674,33362840,34486044,36120993,194570.4093,1.58766666666667
"Thailand",2017,291.4707,11851.8169,19111.5412,34788.8,35071057,33966456,34594141,36304062,195444.6382,1.13566666666667
"Thailand",2018,291.4707,11944.1969,21475.7617,35513.08,34627095,34556078,34671370,36456433,194562.3657,1.10291666666667
"Thailand",2019,291.4707,12270.6764,23519.506,36235.14,34173268,35132892,34723388,36584375,199757.4632,1.72883333333333
"Thailand",2020,291.4707,13429.3147,26532.8902,36448.82,33712543,35698325,34769467,36706197,209536.6711,1.59858333333333
"Timor-Leste",1990,0,NA,42.0556,2.0916,595216,156717,394823,363283,7238.1846791416,-0.888666666666667
"Timor-Leste",1991,0,NA,43.537,2.1716,612169,164842,402972,369683,7229.50771463358,0.243
"Timor-Leste",1992,0,NA,44.9941,2.2617,631947,173488,407937,375769,7209.44206003358,0.916
"Timor-Leste",1993,0,0.0975,24.9645,2.3318,651324,182287,413163,382016,6198.70454148173,0.476166666666667
"Timor-Leste",1994,0,0.1852,27.2115,2.3818,666511,190173,418669,388445,6204.60294148173,0.633
"Timor-Leste",1995,0,0.2788,29.7227,2.4118,675077,196370,424292,394933,6225.55264148173,0.303636363636364
"Timor-Leste",1996,0,0.3728,32.6838,2.3919,675568,200348,429893,401376,6022.68313917755,0.446416666666667
"Timor-Leste",1997,0,0.4337,35.474,2.3318,669563,202431,435508,407833,6241.08784148173,0.322909090909091
"Timor-Leste",1998,0,0.5464,14.007,2.2118,661350,203844,441118,414291,5979.46813917755,1.11225
"Timor-Leste",1999,0,0.6126,19.2069,2.1418,656862,206407,446195,420454,6159.10034148173,0.1554
"Timor-Leste",2000,0,0.7039,34.2841,2.1018,660127,211480,451478,426881,6024.98083924421,0.0455
"Timor-Leste",2001,0,0.8168,47.8255,2.0919,672797,219734,458490,434512,6384.32594148173,0.486666666666667
"Timor-Leste",2002,0,0.9632,61.3107,2.142,693062,230763,466681,442957,6536.30752037229,0.5645
"Timor-Leste",2003,0,0.907,76.0632,2.282,717348,243504,475111,451611,6346.96731813477,0.4818
"Timor-Leste",2004,0,0.9264,92.905,2.5221,740448,256250,484748,461240,6479.31472037229,0.671727272727273
"Timor-Leste",2005,0,0.9858,112.9981,2.6422,759180,267304,496668,472646,6699.67292769097,1.14641666666667
"Timor-Leste",2006,0,1.0785,117.5207,2.8122,772061,276560,509709,484856,6952.4425019444,0.431666666666667
"Timor-Leste",2007,0,1.5466,118.4764,2.9523,780526,284447,522558,496805,6911.4899019444,0.548416666666667
"Timor-Leste",2008,0,2.3658,120.6627,3.0923,786501,291609,534882,508195,7065.8794463844,0.238416666666667
"Timor-Leste",2009,0,5.082,123.5027,3.1223,792930,299091,546602,518938,7045.4834463844,0.779833333333333
"Timor-Leste",2010,0,8.3286,122.1778,3.1324,801874,307717,558338,530149,6180.95153893342,0.893583333333333
"Timor-Leste",2011,0,9.2452,121.8144,3.1824,813805,317718,570298,542678,7113.96725759868,-0.0623333333333333
"Timor-Leste",2012,0,7.2388,124.2433,3.2825,827913,328847,582083,555592,7284.22908900272,0.2761
"Timor-Leste",2013,0,9.5522,129.792,3.4425,843513,340853,593490,568065,6998.01818669854,0.641083333333333
"Timor-Leste",2014,0,14.7805,142.0829,3.5326,859479,353335,604629,580201,7269.04498900272,0.582166666666667
"Timor-Leste",2015,0,19.895,157.8085,3.6526,875011,365966,614964,590849,7280.83078900272,0.789916666666667
"Timor-Leste",2016,0,26.796,182.9458,3.8427,889974,378697,624510,600053,7278.76928893605,1.84625
"Timor-Leste",2017,0,29.7794,209.2232,4.2528,904669,391642,634029,609206,7337.89668900272,1.10558333333333
"Timor-Leste",2018,0,29.7958,240.7853,4.4528,919214,404880,643523,618322,7374.24910712772,1.03575
"Timor-Leste",2019,0,32.3573,269.1883,4.2728,933843,418517,653013,627425,7485.97910712772,1.26366666666667
"Timor-Leste",2020,0,29.5602,300.1782,4.3929,948751,432649,662972,637023,7448.38210712772,1.87125
"Togo",1990,-195.0887,7.9567,53.125,420.0111,2704301,1082639,1925696,1950251,7810.09345268673,0.65775
"Togo",1991,-195.0887,7.0003,58.4045,419.0113,2756218,1126053,1982825,2007390,7783.20245268673,0.149166666666667
"Togo",1992,-195.0887,5.2771,55.7278,390.0116,2804160,1169167,2040975,2065244,7568.33552916303,0.111916666666667
"Togo",1993,-195.0887,4.8438,34.3961,399.0118,2851621,1213305,2027770,2050622,7564.65452916303,0.455
"Togo",1994,-195.0887,7.9853,39.6574,338.0121,2903101,1260541,2035479,2057133,7508.14122916303,0.403416666666667
"Togo",1995,-195.0887,4.9265,43.3024,419.0125,2961676,1312348,2129035,2150532,7530.48092916303,0.5965
"Togo",1996,-195.0887,5.3804,49.3329,433.0128,3028651,1369587,2212365,2233519,7147.44115671962,0.614583333333333
"Togo",1997,-195.0887,8.5517,57.2688,125.0132,3102729,1431822,2285950,2306599,7502.71355303803,0.557083333333333
"Togo",1998,-195.0887,9.6619,28.3232,397.0136,3180984,1498039,2354170,2374127,8318.47905303803,1.09808333333333
"Togo",1999,-195.0887,10.3646,38.8525,639.0141,3259303,1566401,2424508,2443433,8487.73325303804,0.513916666666667
"Togo",2000,-195.0887,14.5136,71.6355,344.0145,3334778,1635589,2495124,2512911,7774.98505303804,0.534083333333333
"Togo",2001,-201.7185,37.1936,110.4218,422.0149,3406691,1705079,2564478,2580948,5879.79475303803,0.731583333333333
"Togo",2002,-201.7185,11.5577,116.8308,516.0153,3476016,1775456,2633356,2648182,6202.98735303804,0.693916666666667
"Togo",2003,-201.7185,10.977,142.0404,768.0157,3544063,1847338,2703985,2717015,6566.41575303803,0.95775
"Togo",2004,-201.7185,19.3705,172.6483,774.0161,3612772,1921826,2777186,2788032,6384.33585303803,0.732666666666667
"Togo",2005,-201.7185,16.3633,207.1384,811.0166,3683622,1999646,2851642,2859955,7348.83195303803,0.954833333333333
"Togo",2006,-201.7185,23.2506,216.2251,708.017,3756669,2081123,2934396,2939845,6768.65285303804,0.87875
"Togo",2007,-201.7185,22.2984,219.4307,633.0175,3831357,2166028,3022581,3024956,6367.87235303803,0.8835
"Togo",2008,-201.7185,18.1236,222.8019,501.018,3907407,2254389,3111737,3110745,6446.46725303804,0.75175
"Togo",2009,-201.7185,19.9341,229.6009,576.0184,3984514,2345958,3201540,3197084,6789.57765303803,0.900833333333333
"Togo",2010,-201.7185,29.4229,228.4912,581.0189,4062203,2440749,3289956,3281899,6690.38125303803,1.17008333333333
"Togo",2011,-202.1677,21.876,226.6083,654.0195,4139026,2540256,3380347,3368325,7214.08245303804,0.839833333333333
"Togo",2012,-202.1677,27.4069,231.9223,637.02,4215435,2644047,3471351,3455284,4929.42291686717,0.628833333333333
"Togo",2013,-202.1677,49.8005,245.6146,504.0205,4291901,2751047,3563146,3543083,5044.36791686717,0.735166666666667
"Togo",2014,-202.1677,79.1498,280.9192,465.0211,4367759,2861156,3656155,3632229,4952.38171686717,0.915583333333333
"Togo",2015,-202.1677,50.8319,295.1931,844.0216,4442664,2974138,3750461,3722767,5690.50811686717,1.014
"Togo",2016,-328.9249,86.3672,351.5385,850.0222,4516059,3090315,3846363,3814990,5532.97891686717,1.29225
"Togo",2017,-328.9249,47.6295,372.7619,794.0227,4588034,3209660,3943847,3908948,5485.83001686717,1.18275
"Togo",2018,-328.9249,50.1543,432.5465,817.0233,4658578,3332348,4042391,4004288,5535.41091686717,1.11866666666667
"Togo",2019,-328.9249,45.6921,469.3635,873.0237,4727819,3458565,4142015,4101080,5646.41081686717,1.28625
"Togo",2020,-328.9249,49.362,514.1492,873.0242,4795827,3588464,4243063,4199517,6015.09501686717,1.16691666666667
"Tokelau",1990,0,NA,1259.02603591087,NA,1608,0,811,858,7251.25694598909,0.620833333333333
"Tokelau",1991,0,NA,1259.02603591087,NA,1578,0,808,850,7251.25694598909,0.987636363636364
"Tokelau",1992,0,NA,1259.02603591087,NA,1558,0,806,846,7282.33274962881,0.271349969195444
"Tokelau",1993,0,NA,1259.02603591087,NA,1535,0,804,841,7282.33274962881,0.269684537930172
"Tokelau",1994,0,NA,1259.02603591087,NA,1529,0,802,837,7251.25694598909,0.482515937566323
"Tokelau",1995,0,NA,1259.02603591087,NA,1517,0,801,832,7251.25694598909,0.481653983023238
"Tokelau",1996,0,NA,1259.02603591087,NA,1529,0,800,827,7282.33274962881,0.447660815513052
"Tokelau",1997,0,NA,1259.02603591087,NA,1547,0,803,825,7251.25694598909,0.521487293854598
"Tokelau",1998,0,NA,1259.02603591087,NA,1575,0,811,826,7251.25694598909,0.806342045528794
"Tokelau",1999,0,NA,1259.02603591087,NA,1574,0,818,831,7251.25694598909,0.788866593463288
"Tokelau",2000,0,NA,1259.02603591087,NA,1554,0,826,840,7251.25694598909,0.788866593463288
"Tokelau",2001,0,NA,1259.02603591087,NA,1503,0,833,847,7251.25694598909,0.79313399970074
"Tokelau",2002,0,NA,1259.02603591087,NA,1435,0,822,830,7251.25694598909,0.799921563360388
"Tokelau",2003,0,NA,1259.02603591087,NA,1351,0,793,792,7251.25694598909,0.799921563360388
"Tokelau",2004,0,NA,1259.02603591087,NA,1273,0,758,751,7251.25694598909,0.799921563360388
"Tokelau",2005,0,NA,1259.02603591087,NA,1208,0,723,707,7251.25694598909,0.799921563360388
"Tokelau",2006,0,NA,1259.02603591087,NA,1167,0,697,668,7251.25694598909,0.793894705636811
"Tokelau",2007,0,NA,1259.02603591087,NA,1141,0,688,655,7251.25694598909,0.79593357215461
"Tokelau",2008,0,NA,1259.02603591087,NA,1126,0,688,660,7251.25694598909,0.79593357215461
"Tokelau",2009,0,NA,1259.02603591087,NA,1126,0,692,664,7251.25694598909,0.79593357215461
"Tokelau",2010,0,NA,1259.02603591087,NA,1140,0,701,667,7251.25694598909,0.79593357215461
"Tokelau",2011,0,NA,1259.02603591087,NA,1151,0,709,673,7251.25694598909,0.79593357215461
"Tokelau",2012,0,NA,1259.02603591087,NA,1167,0,734,707,7251.25694598909,0.79593357215461
"Tokelau",2013,0,NA,1259.02603591087,NA,1187,0,760,743,7251.25694598909,0.79593357215461
"Tokelau",2014,0,NA,1259.02603591087,NA,1219,0,757,738,7251.25694598909,1.05480803889635
"Tokelau",2015,0,NA,1266.33701852898,NA,1252,0,742,713,7258.56792860719,1.10075120426518
"Tokelau",2016,0,NA,1266.33701852898,NA,1282,0,734,693,7258.56792860719,1.10171541255246
"Tokelau",2017,0,NA,1266.33701852898,NA,1300,0,762,724,7258.56792860719,1.09552041255246
"Tokelau",2018,0,NA,1266.33701852898,NA,1319,0,822,799,7258.56792860719,1.10475906318705
"Tokelau",2019,0,NA,1266.33701852898,NA,1340,0,879,874,7258.56792860719,1.11423932193613
"Tokelau",2020,0,NA,1266.33701852898,NA,1357,0,912,915,7258.56792860719,1.12469340939158
"Tonga",1990,0,0.3573,35.4069588765122,1.0141,73549,21604,49999,48727,2496.71370407692,0.4785
"Tonga",1991,0,0.3573,35.4069588765122,1.0261,73658,21675,50191,48818,2497.79940407692,0.405083333333333
"Tonga",1992,0,0.4237,35.4069588765122,1.0271,73753,21743,50370,48890,2495.57530407692,0.311
"Tonga",1993,0,0.3778,35.4069588765122,1.0288,73837,21807,50538,48954,2496.02120407692,0.02525
"Tonga",1994,0,0.4339,35.4069588765122,1.0777,73952,21881,50698,49033,2495.91310407692,0.226916666666667
"Tonga",1995,0,0.5308,35.4069588765122,1.0864,74109,21967,50852,49124,2492.11700407692,0.48525
"Tonga",1996,0,0.541,35.4069588765122,1.1324,74304,22065,50995,49200,2489.53200407692,0.276916666666667
"Tonga",1997,0,0.4798,35.4069588765122,1.1641,74549,22176,51228,49430,2492.19870407692,0.18475
"Tonga",1998,0,0.643,35.4069588765122,1.1557,74838,22297,51547,49797,2493.82670407692,0.218666666666667
"Tonga",1999,0,0.4033,35.4069588765122,1.1654,75161,22430,51849,50133,2494.01530407692,0.01925
"Tonga",2000,0,0.8809,0.1643,1.106,75511,22571,52142,50460,2455.66964520041,0.372333333333333
"Tonga",2001,0,1.0148,0.3264,1.0627,75890,22721,52427,50782,2456.11324520041,0.58125
"Tonga",2002,0,1.4986,0.5201,1.0483,76303,22881,52712,51093,2456.94224520041,0.756666666666667
"Tonga",2003,0,1.2935,0.6643,1.083,76740,23049,53013,51398,2458.83534520041,0.399333333333333
"Tonga",2004,0,1.2181,0.8379,1.1006,77185,23221,53323,51713,2457.70034520041,0.71975
"Tonga",2005,0,1.2136,1.0366,1.1249,77645,23396,53618,52015,2459.10424520041,0.75075
"Tonga",2006,0,1.4332,1.2084,1.1605,78113,23576,53893,52297,2461.95414520041,0.507
"Tonga",2007,0,1.599,1.3561,1.1182,78582,23775,54053,52584,2461.90094520041,0.789833333333333
"Tonga",2008,0,1.9489,1.5299,1.1155,79024,23981,54069,52863,2461.17584520041,0.349416666666667
"Tonga",2009,0,2.459,1.737,1.1111,79428,24176,54051,53093,2461.37634520041,0.270333333333333
"Tonga",2010,0,2.5467,1.5476,1.0888,79780,24357,54070,53313,2460.42794520041,0.937083333333333
"Tonga",2011,0,2.4955,1.5515,1.0855,80061,24516,54081,53530,2458.78114520041,0.612166666666667
"Tonga",2012,0,2.4644,1.5747,1.1011,80356,24595,53922,53580,2459.68834520041,0.674166666666667
"Tonga",2013,0,2.5327,1.5611,1.0971,80701,24627,53607,53482,2457.56424520041,0.815083333333333
"Tonga",2014,0,2.5999,1.5392,1.1128,81105,24677,53267,53359,2461.58514520041,0.711583333333333
"Tonga",2015,0,2.6776,1.6217,1.1551,81608,24756,52915,53207,2461.84754520041,0.795416666666667
"Tonga",2016,0,3.0465,1.7613,1.2167,82246,24876,52614,53093,2464.47394520041,1.28308333333333
"Tonga",2017,0,3.25,1.9045,1.252,82993,25027,52383,53032,2468.03394520041,1.03625
"Tonga",2018,0,3.1817,1.7955,1.2843,83793,25215,52169,52981,2469.03614520041,1.07183333333333
"Tonga",2019,0,3.2617,1.8903,1.2113,84613,25428,51994,52956,2475.32994520041,1.62916666666667
"Tonga",2020,0,3.4872,1.9179,1.22,85389,25648,52093,53161,2475.06454520041,1.34616666666667
"Trinidad and Tobago",1990,-25.1638,206.1959,129.5665,4115.9316,560557,661343,627298,639221,16726.5043940814,0.214166666666667
"Trinidad and Tobago",1991,-25.1638,223.149,132.5248,4409.1236,561973,667934,632165,644058,17036.2184875793,0.278916666666667
"Trinidad and Tobago",1992,-25.1638,246.6104,142.8605,4381.0836,563164,674323,636767,648735,16857.6861972364,0.26325
"Trinidad and Tobago",1993,-25.1638,221.5056,119.6825,4091.6436,564036,680371,640977,652997,16252.2105732763,0.5195
"Trinidad and Tobago",1994,-25.1638,212.7982,120.6389,5045.5237,564425,685893,644605,656789,17447.1892559506,0.342
"Trinidad and Tobago",1995,-25.1638,236.1297,123.4355,5104.9637,564243,690758,647736,660086,17504.4352280284,0.7745
"Trinidad and Tobago",1996,-25.1638,243.865,133.6071,5809.1237,563451,694913,650445,662989,18374.2805404835,0.53075
"Trinidad and Tobago",1997,-25.1638,249.4627,154.4795,5685.6037,562186,698492,652765,665406,18469.1587109077,0.6565
"Trinidad and Tobago",1998,-25.1638,283.4883,136.9021,10632.4437,560712,701830,654942,667630,23550.8611312785,1.21858333333333
"Trinidad and Tobago",1999,-25.1638,339.1039,155.7083,8219.9637,559397,705378,657138,669924,21398.2242495038,0.665583333333333
"Trinidad and Tobago",2000,-25.1638,359.2927,223.0075,8949.6037,559116,708868,659662,672541,22205.5041355297,0.500166666666667
"Trinidad and Tobago",2001,51.9824,365.0574,281.3139,10119.4837,563436,708944,662692,675875,23604.0416900121,0.7655
"Trinidad and Tobago",2002,51.9824,415.8571,343.522,10782.2837,568249,709588,666135,679829,24522.3856877632,0.579166666666667
"Trinidad and Tobago",2003,51.9824,413.9846,409.708,11483.4037,573423,710629,669640,683908,26272.9976877632,0.778583333333333
"Trinidad and Tobago",2004,51.9824,399.5934,465.8184,12620.0838,578746,711789,673168,688004,27821.5512900121,0.407833333333333
"Trinidad and Tobago",2005,51.9824,414.0423,553.1699,13502.4038,584051,712883,676790,692285,30139.5395877633,1.10425
"Trinidad and Tobago",2006,51.9824,441.5185,572.1133,16086.4038,589300,713844,680461,696458,33118.7115685451,0.769333333333333
"Trinidad and Tobago",2007,51.9824,466.4034,591.4453,15980.8038,594531,714729,684258,700602,32757.8488279324,0.566833333333333
"Trinidad and Tobago",2008,51.9824,465.0011,599.219,15366.8038,599788,715584,687991,704812,31689.6662279324,0.506916666666667
"Trinidad and Tobago",2009,51.9824,481.4421,624.79,16194.8038,605125,716493,691855,709337,34463.2246279324,0.623416666666667
"Trinidad and Tobago",2010,51.9824,472.7805,613.4754,16480.8039,610599,717501,696056,714240,35178.0081279324,1.20316666666667
"Trinidad and Tobago",2011,28.7095,460.3067,618.8214,15580.8039,616193,718595,700632,719388,33649.7821279324,0.588416666666667
"Trinidad and Tobago",2012,28.7095,441.0162,628.9952,14652.8039,621549,720039,705591,724786,31840.6869279324,0.678416666666667
"Trinidad and Tobago",2013,28.7095,474.8612,643.973,14464.0039,626536,721712,710542,730188,30601.9736279324,0.68375
"Trinidad and Tobago",2014,28.7095,465.3295,691.1513,14552.8039,631023,723470,715233,735428,30833.0875279324,0.7635
"Trinidad and Tobago",2015,28.7095,476.4102,752.8976,14855.604,634898,725194,719600,740577,31188.2464279324,0.826416666666667
"Trinidad and Tobago",2016,43.5082,437.6129,839.1267,13899.604,638115,726847,723726,745604,30406.9416382346,0.87425
"Trinidad and Tobago",2017,43.5082,420.9242,922.568,14619.204,640679,728446,728044,750563,31667.6747382346,1.15766666666667
"Trinidad and Tobago",2018,43.5082,384.6156,1029.8576,14327.604,642593,730005,743505,761204,30651.3818404835,0.697416666666667
"Trinidad and Tobago",2019,43.5082,396.8852,1135.1878,14750.004,643884,731559,751897,768058,32517.3332355297,1.26925
"Trinidad and Tobago",2020,43.5082,428.9574,1237.2473,14752.8041,644583,733146,749174,768972,35694.0313066957,1.37358333333333
"Tunisia",1990,-922.8176,779.4192,378.7056,2032.4724,3462236,4770561,4249761,4190262,8022.78065972451,1.074
"Tunisia",1991,-922.8176,869.6643,393.9565,2406.9552,3471797,4945887,4341420,4281433,8974.0129171242,-0.0360833333333333
"Tunisia",1992,-922.8176,940.8469,413.9559,2354.5264,3478938,5124287,4431494,4371046,9146.02104099101,0.139666666666667
"Tunisia",1993,-922.8176,1013.3005,327.9316,2405.63,3482192,5302696,4519033,4458141,9502.71824099101,0.63075
"Tunisia",1994,-922.8176,1036.3117,344.5096,2468.1013,3486058,5470538,4602318,4540824,9220.33922087817,1.34841666666667
"Tunisia",1995,-922.8176,1082.2961,352.6385,2753.33,3511211,5602764,4677045,4617057,9613.91772087817,0.774333333333333
"Tunisia",1996,-922.8176,1164.7036,376.8294,2572.6986,3529367,5726670,4743003,4687547,10270.8875845588,0.633333333333333
"Tunisia",1997,-922.8176,1171.0703,402.8569,2492.9666,3541385,5842767,4803859,4754088,9942.87366444601,1.17391666666667
"Tunisia",1998,-922.8176,1049.8247,183.7687,2552.3254,3547692,5951703,4860090,4817059,10144.864428562,0.824833333333333
"Tunisia",1999,-922.8176,1074.1085,127.6751,2706.2748,3549228,6054514,4911764,4876303,10221.4001857478,1.81225
"Tunisia",2000,-922.8176,1121.2722,229.718,3134.8332,3546812,6152385,4960458,4932858,10840.5705450844,1.18941666666667
"Tunisia",2001,-1319.6122,1208.7992,324.0388,3073.6444,3540690,6245011,5007338,4987785,10854.0726459172,1.81258333333333
"Tunisia",2002,-1319.6122,1287.2057,410.4555,3104.8596,3531202,6333124,5052798,5041762,11389.3143176932,1.39733333333333
"Tunisia",2003,-1319.6122,1296.1563,485.9204,3086.0292,3520132,6419546,5097802,5095996,11966.8636417995,1.54275
"Tunisia",2004,-1319.6122,1362.8998,576.6811,3343.3752,3511132,6506469,5141667,5150557,12359.0701266378,1.01783333333333
"Tunisia",2005,-1319.6122,1399.5377,682.1446,3333.3704,3511889,6590593,5185241,5203104,12718.9752266378,0.910416666666667
"Tunisia",2006,-1319.6122,1507.3924,746.2232,3475.8206,3515255,6680881,5229676,5253882,13095.4304692382,1.426
"Tunisia",2007,-1319.6122,1621.5914,796.0819,3532.0909,3521038,6777049,5274830,5305565,13440.5638910155,1.29283333333333
"Tunisia",2008,-1319.6122,1626.7088,748.0853,3808.5164,3528791,6878545,5321608,5358773,13640.2178711412,1.33216666666667
"Tunisia",2009,-1319.6122,1757.4205,780.017,3921.1066,3537891,6983943,5370385,5414120,14486.1336417995,1.13216666666667
"Tunisia",2010,-1319.6122,1796.3968,777.8001,4236.4019,3547627,7092304,5422169,5472893,14757.9789711412,1.65725
"Tunisia",2011,3860.4028,1877.2512,756.3947,3866.3971,3557963,7203504,5488657,5543870,19158.4429339648,0.985583333333333
"Tunisia",2012,3860.4028,1949.0264,793.8322,3856.3924,3568906,7317762,5557114,5617270,19693.9870339648,1.60741666666667
"Tunisia",2013,3860.4028,2060.3931,814.918,3786.3879,3580242,7434316,5615984,5684301,19923.6434273075,1.40958333333333
"Tunisia",2014,3860.4028,2124.8036,872.7803,4176.3831,3591431,7552477,5676121,5752827,20895.432710438,1.88316666666667
"Tunisia",2015,3860.4028,2222.9973,931.9593,4326.3784,3601278,7672383,5736224,5821555,21089.4978458294,1.22783333333333
"Tunisia",2016,-3801.4957,2164.8369,995.7533,4096.3736,3609591,7793657,5795610,5890057,13180.2279094869,1.97958333333333
"Tunisia",2017,-3801.4957,2314.5092,1094.7919,3676.3688,3616197,7915930,5853778,5957666,13379.2130302451,1.19966666666667
"Tunisia",2018,-3801.4957,2402.55,1201.7585,3576.3641,3620748,8038426,5909703,6023338,13495.0783092303,1.62833333333333
"Tunisia",2019,-3801.4957,2569.6591,1308.1002,3874.3096,3622883,8160285,5962724,6086590,14226.2579339648,1.46633333333333
"Tunisia",2020,-3801.4957,2530.0606,1350.887,3876.9548,3622337,8280799,6012828,6148895,14037.9377466569,1.89766666666667
"Turkmenistan",1992,0,92.1287,368.904,1026.5305,2148654,1751189,1924800,2001570,4655.74737232864,0.0101666666666666
"Turkmenistan",1993,0,163.9209,636.4682,1146.4074,2213197,1797592,1978325,2053374,5790.02016737741,-0.389583333333333
"Turkmenistan",1994,0,221.6196,1397.9233,963.6378,2274264,1840835,2029735,2103302,7004.52626634866,0.323666666666667
"Turkmenistan",1995,0,247.9334,1494.9921,748.5901,2322987,1884853,2077088,2149535,7110.29084709894,1.41275
"Turkmenistan",1996,0,182.5043,1148.0702,797.7245,2357284,1930060,2114779,2186314,6284.99824459555,0.225333333333333
"Turkmenistan",1997,0,152.5306,1358.9234,735.1629,2384819,1970295,2146464,2217209,5779.68976579467,1.20075
"Turkmenistan",1998,0,196.4636,1311.2881,856.4701,2406898,2006579,2180687,2250831,6367.83486579467,1.14791666666667
"Turkmenistan",1999,0,240.0696,1542.4809,852.9504,2425607,2040525,2215670,2285410,7359.48516829805,1.29425
"Turkmenistan",2000,0,274.1838,1021.5046,949.5023,2442622,2073509,2249823,2319309,7582.19066829805,1.28666666666667
"Turkmenistan",2001,-166.4557,288.1573,982.7012,867.2662,2458330,2105750,2282951,2352143,7310.65716829805,1.47775
"Turkmenistan",2002,-166.4557,288.2226,970.8733,1044.2326,2472713,2137289,2315065,2383903,7939.01736829805,1.28958333333333
"Turkmenistan",2003,-166.4557,289.5067,1203.8855,1075.2827,2486786,2168955,2345215,2413772,8706.18516829806,0.545083333333333
"Turkmenistan",2004,-166.4557,321.2392,1289.1519,1436.1759,2501652,2201746,2375657,2444135,9569.79496829805,1.57458333333333
"Turkmenistan",2005,-166.4557,349.3852,1309.4063,1190.4325,2517482,2237159,2408711,2477064,9775.12045828403,1.50825
"Turkmenistan",2006,-166.4557,373.239,1392.0911,2185.7419,2534518,2275587,2442930,2511099,11175.9705282522,1.36358333333333
"Turkmenistan",2007,-166.4557,402.3659,1873.2019,2008.6823,2552898,2317239,2478447,2546448,11377.022648532,1.18283333333333
"Turkmenistan",2008,-166.4557,445.333,1746.1258,2008.2086,2573093,2362669,2516289,2583794,12042.3416075517,0.771666666666667
"Turkmenistan",2009,-166.4557,440.0182,1794.7073,2053.7567,2595530,2412420,2557135,2623822,13130.2885792659,1.24916666666667
"Turkmenistan",2010,-166.4557,487.408,2043.5205,2141.333,2620378,2466832,2601133,2666836,14256.5879386593,1.934
"Turkmenistan",2011,0,517.7471,2152.9781,2431.333,2647803,2526258,2648113,2712698,14895.6404109932,0.705583333333333
"Turkmenistan",2012,0,531.1527,2130.8017,2623.9658,2677355,2590484,2697724,2760957,15867.1343759786,0.799583333333333
"Turkmenistan",2013,0,534.6569,1951.5719,2765.6269,2707779,2658498,2749149,2810945,15996.6728759786,1.806
"Turkmenistan",2014,0,552.8058,1862.7506,2827.2879,2737414,2728827,2801215,2861936,16241.0678741843,0.7605
"Turkmenistan",2015,0,617.7167,1872.0872,2978.949,2764990,2800294,2853236,2913195,16870.5249741843,1.57833333333333
"Turkmenistan",2016,0,628.9016,1886.2293,3060.61,2790057,2872487,2904744,2963818,17039.2773741843,1.951
"Turkmenistan",2017,0,617.775,1899.7574,3113.2429,2812629,2945446,2955061,3013322,17152.7350741843,1.55125
"Turkmenistan",2018,0,616.7152,1916.5618,3264.9039,2832499,3018967,3003587,3061479,17456.1604486715,1.71391666666667
"Turkmenistan",2019,0,613.8776,1931.3866,3423.665,2849593,3092968,3050231,3108189,17520.0590486715,1.91025
"Turkmenistan",2020,0,611.6159,1946.4391,3450.626,2863841,3167354,3096157,3154282,17496.9655486715,0.948416666666667
"Turks and Caicos Islands",1990,0,1.1686,0.837,0,2964,8588,6066,5642,6922.83954047919,0.537
"Turks and Caicos Islands",1991,0,1.3146,0.8891,0,2986,9220,6378,5951,6923.26344047919,0.1345
"Turks and Caicos Islands",1992,0,1.3146,0.948,0,3022,9946,6721,6293,7525.24804259047,0.6805
"Turks and Caicos Islands",1993,0,1.3146,0.5387,0,3060,10729,7066,6639,7694.94458038551,0.5025
"Turks and Caicos Islands",1994,0,1.4606,0.6006,0,3082,11515,7415,6987,7695.31728038551,1.0892
"Turks and Caicos Islands",1995,0,1.4606,0.7845,0.0191,3078,12254,7765,7337,6924.37004047919,1.1346
"Turks and Caicos Islands",1996,0,1.4606,0.9315,0.0203,3045,12921,8118,7687,6924.84844047919,0.471416666666667
"Turks and Caicos Islands",1997,0,1.753,1.1195,0.018,2993,13535,8476,8039,6925.54944047919,1.13466666666667
"Turks and Caicos Islands",1998,0,1.753,0.759,0.0194,2941,14174,8841,8399,6926.04374047919,1.3325
"Turks and Caicos Islands",1999,0,2.045,1.1517,0.0207,2912,14952,9220,8765,6927.42544047919,0.750583333333333
"Turks and Caicos Islands",2000,0,2.191,1.724,0.0601,2916,15957,9610,9134,6928.78674047919,0.726583333333333
"Turks and Caicos Islands",2001,0,2.3362,2.1254,0.0759,2955,17230,10041,9537,6840.06716850931,0.966363636363636
"Turks and Caicos Islands",2002,0,3.1141,2.5903,0.0988,3042,18700,10559,10039,6843.83076850931,0.944666666666667
"Turks and Caicos Islands",2003,0,3.2265,3.1228,0.1101,3135,20275,11129,10611,6844.64966850931,1.265
"Turks and Caicos Islands",2004,0,3.1891,3.7247,0.1111,3207,21821,11691,11177,6865.232635873,0.8375
"Turks and Caicos Islands",2005,0,3.7972,4.4562,0.1681,3241,23207,12249,11746,6868.898435873,0.92125
"Turks and Caicos Islands",2006,0,4.3828,4.7667,0.1821,3239,24403,12812,12316,6871.699535873,1.15141666666667
"Turks and Caicos Islands",2007,0,5.1251,4.9482,0.1981,3208,25432,13382,12886,6263.22829879323,1.237
"Turks and Caicos Islands",2008,0,5.481,5.1552,0.2061,3156,26325,13959,13463,6876.06243587299,0.629909090909091
"Turks and Caicos Islands",2009,0,5.7468,5.3274,0.2631,3094,27151,14534,14046,7471.54438447003,0.837416666666667
"Turks and Caicos Islands",2010,0,5.5708,5.3041,0.2541,3029,27965,15098,14627,6876.393635873,1.00341666666667
"Turks and Caicos Islands",2011,0,5.7544,5.4445,0.2271,2961,28770,15635,15181,6876.640735873,0.673416666666667
"Turks and Caicos Islands",2012,0,5.7767,5.7324,0.2011,2890,29541,16262,15819,6877.26393587299,0.873916666666667
"Turks and Caicos Islands",2013,0,5.9559,6.0117,0.2171,2820,30288,17020,16575,6878.590135873,1.33491666666667
"Turks and Caicos Islands",2014,0,6.4854,6.5893,0.2351,2749,30990,17718,17267,6880.94283587299,1.1551
"Turks and Caicos Islands",2015,0,6.6648,7.1931,0.2301,2680,31659,18491,18046,6881.923935873,1.5105
"Turks and Caicos Islands",2016,0,6.992,8.1373,0.2281,2612,32288,19341,18906,6883.799435873,0.834333333333333
"Turks and Caicos Islands",2017,0,7.5537,9.2701,0.3201,2546,32900,20137,19707,6275.25599879323,1.031125
"Turks and Caicos Islands",2018,0,7.5421,10.4054,0.3431,2482,33481,20953,20535,6277.39039879323,1.31371428571429
"Turks and Caicos Islands",2019,0,7.691,11.5107,0.3071,2421,34040,21739,21341,6278.03939879323,1.46641666666667
"Turks and Caicos Islands",2020,0,7.5444,12.6757,0.3171,2363,34590,22325,21952,6215.15901315379,1.47116666666667
"Tuvalu",1990,-0.2348,0.0737,0.1486,0.0595,5342,3661,4410,4773,3180.41652786595,0.226666666666667
"Tuvalu",1991,-0.2348,0.0739,0.1489,0.0599,5252,3801,4505,4848,3180.65692786595,0.542166666666667
"Tuvalu",1992,-0.2348,0.0752,0.1626,0.0602,5215,3894,4572,4894,3180.24822786595,0.219083333333333
"Tuvalu",1993,-0.2348,0.0732,0.1582,0.0606,5205,3951,4612,4905,3179.57812786595,-0.0126363636363636
"Tuvalu",1994,-0.2348,0.0719,0.1551,0.061,5187,4003,4648,4911,3179.16932786595,-0.217
"Tuvalu",1995,-0.2348,0.0723,0.1561,0.0612,5172,4058,4673,4912,3178.65832786595,0.377916666666667
"Tuvalu",1996,-0.2348,0.0867,0.1607,0.0613,5148,4108,4700,4910,3178.50772786595,0.397916666666667
"Tuvalu",1997,-0.2348,0.088,0.1847,0.0617,5122,4155,4723,4907,3178.78882786595,0.384181818181818
"Tuvalu",1998,-0.2348,0.0795,0.2174,0.0618,5100,4206,4737,4896,2959.56645878668,0.166909090909091
"Tuvalu",1999,-0.2348,0.11,0.2149,0.0622,5083,4262,4755,4885,3178.98002786595,0.404833333333333
"Tuvalu",2000,-0.2348,0.1189,0.2346,0.0628,5085,4335,4769,4869,3179.02252786595,0.51725
"Tuvalu",2001,-0.1981,0.1401,0.2332,0.0633,5096,4416,4777,4845,3179.27332786595,0.772636363636364
"Tuvalu",2002,-0.1981,0.1914,0.3067,0.0639,5122,4513,4787,4822,3179.66912786595,0.806833333333333
"Tuvalu",2003,-0.1981,0.1881,0.2939,0.0648,5112,4655,4833,4835,3179.59812786595,0.47575
"Tuvalu",2004,-0.1981,0.193,0.3306,0.0654,5078,4816,4914,4878,3179.67432786595,0.686083333333333
"Tuvalu",2005,-0.1981,0.2149,0.3408,0.0663,5044,4983,4991,4922,3179.71552786595,0.811083333333333
"Tuvalu",2006,-0.1981,0.2348,0.3288,0.0668,4995,5142,5066,4965,3179.72332786595,0.696166666666667
"Tuvalu",2007,-0.1981,0.2868,0.3344,0.0677,4943,5300,5143,5006,3180.05412786595,0.701
"Tuvalu",2008,-0.1981,0.2856,0.3468,0.068,4884,5456,5227,5045,3179.39802536595,0.389636363636364
"Tuvalu",2009,-0.1981,0.3489,0.3002,0.0687,4826,5615,5314,5093,3179.64802536595,0.726666666666667
"Tuvalu",2010,-0.1981,0.3665,0.3277,0.069,4760,5771,5404,5146,3179.29932069928,0.93325
"Tuvalu",2011,-0.1769,0.3023,0.3197,0.0695,4697,5931,5498,5202,3179.52942536595,0.741833333333333
"Tuvalu",2012,-0.1769,0.2944,0.3071,0.0701,4632,6093,5595,5260,3179.51722536595,0.636
"Tuvalu",2013,-0.1769,0.307,0.3,0.0755,4564,6255,5638,5280,3179.51552536595,0.654333333333333
"Tuvalu",2014,-0.1769,0.3065,0.2854,0.0809,4496,6412,5627,5272,3179.57502536595,0.691833333333333
"Tuvalu",2015,-0.1769,0.3459,0.3045,0.0864,4430,6571,5617,5261,3181.29662536595,0.7935
"Tuvalu",2016,-0.1997,0.3859,0.3764,0.0918,4367,6730,5609,5244,3182.81642069929,0.939818181818182
"Tuvalu",2017,-0.1997,0.3769,0.3693,0.0972,4306,6886,5598,5230,3184.48802069928,1.0085
"Tuvalu",2018,-0.1997,0.3721,0.3623,0.1027,4245,7042,5613,5252,3185.94286047706,0.9885
"Tuvalu",2019,-0.1997,0.3727,0.3625,0.0964,4191,7202,5654,5301,3187.58426047706,1.07433333333333
"Tuvalu",2020,-0.1997,0.3722,0.3589,0.0989,4138,7361,5702,5367,3189.20256047706,1.15016666666667
"Uganda",1990,-2016.667,0.4044,116.5474,67.6509,15507403,1931504,8574406,9012225,24891.6513743149,0.296833333333333
"Uganda",1991,-2016.667,0.5183,121.3274,78.2525,15974068,2066370,8861681,9310255,25114.7177743149,0.170583333333333
"Uganda",1992,-2016.667,0.4724,125.7707,79.2543,16453782,2199107,9172087,9629879,25244.1700743149,0.257916666666667
"Uganda",1993,-2016.667,0.4532,70.0201,80.8562,16936795,2338627,9498976,9963983,25341.3205743149,0.25375
"Uganda",1994,-2016.667,0.4637,77.5285,77.858,17422205,2485429,9826618,10298404,25286.5488743149,0.15675
"Uganda",1995,-2016.667,0.5635,109.443,97.3599,17910474,2639817,10100846,10579985,25565.729449128,0.495916666666667
"Uganda",1996,-2016.667,0.8261,133.2048,158.0617,18400077,2802041,10381224,10868349,26243.5859743149,0.2725
"Uganda",1997,-2016.667,0.8662,164.2253,165.0639,18893474,2972457,10690916,11186019,27582.2545336042,0.5155
"Uganda",1998,-2016.667,0.9135,133.5261,173.0657,19398646,3153143,11017324,11520334,28687.1536336042,0.436166666666667
"Uganda",1999,-2016.667,0.9289,198.6756,184.0678,19926621,3346374,11383926,11895320,28660.4145286483,-0.0218333333333333
"Uganda",2000,-2016.667,1.1609,286.568,191.07,20484903,3554371,11750782,12269915,27678.1269294171,0.32825
"Uganda",2001,-2016.872,1.1508,453.6107,214.0723,21076726,3778166,12118958,12644368,26596.9980336042,0.294166666666667
"Uganda",2002,-2016.872,1.2499,406.683,238.075,21699290,4018758,12507523,13037567,26732.1068336042,0.627
"Uganda",2003,-2016.872,1.5326,370.6944,241.0776,22348557,4276263,12911462,13443274,27839.5943146173,0.873
"Uganda",2004,-2016.872,1.7128,415.5731,261.0803,23017847,4550589,13308219,13837865,27515.1828475005,0.723083333333333
"Uganda",2005,-2016.872,2.5991,395.681,276.0832,23702764,4841176,13710476,14236112,29008.3052336042,1.39475
"Uganda",2006,-2016.872,7.6068,1495.287,267.0861,24401496,5149166,14125371,14647855,27988.8954108224,0.731333333333333
"Uganda",2007,-2016.872,8.9269,1660.4864,296.089,25115006,5475481,14555146,15074658,30273.5685880901,0.55875
"Uganda",2008,-2016.872,9.3708,1842.0304,327.0922,25842671,5821225,14997204,15512657,32750.8297811206,0.7845
"Uganda",2009,-2016.872,11.6032,2038.2921,349.0954,26585117,6186778,15450462,15962058,32505.6126754399,1.31316666666667
"Uganda",2010,-2016.872,12.8552,2219.1633,491.0988,27341361,6573772,15916868,16424860,33946.0384754399,1.36841666666667
"Uganda",2011,-2016.872,13.3849,2420.3736,557.1023,28110753,6982895,16395857,16899880,33034.870467202,1.13866666666667
"Uganda",2012,-2016.872,7.3701,2630.5939,609.1057,28891600,7415196,16886179,17387117,34494.133067202,1.09466666666667
"Uganda",2013,-2016.872,3.4506,2859.6051,552.1094,29683100,7870626,17387215,17886355,34357.009167202,1.06091666666667
"Uganda",2014,-2016.872,4.8913,3189.7314,598.1132,30482665,8350673,17920438,18416102,34999.514267202,1.1095
"Uganda",2015,-2016.872,3.5606,3467.9092,533.1171,31289039,8855831,18493558,18983798,35823.789067202,1.19333333333333
"Uganda",2016,-2016.872,6.3239,3788.5391,560.1208,32101656,9386309,19131236,19617063,36341.018467202,1.31291666666667
"Uganda",2017,-2016.872,6.5644,4344.8269,567.1248,32920646,9942312,19823359,20303726,37047.912867202,1.68466666666667
"Uganda",2018,-2016.872,9.3326,4686.397,523.1291,33745480,10525083,20521108,20994287,37329.602467202,1.12858333333333
"Uganda",2019,-2016.872,8.371,5240.2598,799.1309,34576219,11135655,21241606,21707475,38284.165567202,1.58283333333333
"Uganda",2020,-2016.872,8.5602,5711.7293,805.1346,35412691,11775012,21973090,22431520,39558.021567202,1.27066666666667
"Ukraine",1992,-59750.9587,24877.2466,1358.5695,40039.7039,17052692,34364740,23989004,27796149,105728.5594,0.443166666666667
"Ukraine",1993,-59750.9587,21064.0865,1329.7283,31485.6076,16999696,34317940,24002430,27775987,85978.3458,-0.442666666666667
"Ukraine",1994,-59750.9587,20435.5932,1085.868,26103.7004,16924161,34225376,23874539,27612833,73663.8515,0.89375
"Ukraine",1995,-59750.9587,21515.1337,1229.5011,22347.1239,16823731,34081946,23679060,27382205,68552.0485,0.828833333333333
"Ukraine",1996,-59750.9587,16999.5451,860.0872,22225.1022,16697277,33885179,23467536,27148569,54189.1109,-0.303083333333333
"Ukraine",1997,-59750.9587,15385.3857,786.9602,23291.5746,16548086,33641228,23255023,26914331,51257.638,-0.259
"Ukraine",1998,-59750.9587,14959.3719,835.508,22899.8141,16383511,33365070,23055043,26690831,48424.747,0.582666666666667
"Ukraine",1999,-59750.9587,12385.5531,293.9515,23438.8266,16213678,33077114,22851980,26468140,42796.3344,1.5995
"Ukraine",2000,-59750.9587,11596.9689,480.737,25468.3347,16046507,32793567,22636105,26243651,42505.9358,1.49991666666667
"Ukraine",2001,-37353.0153,11946.4553,649.8396,26452.1287,15884189,32518696,22403764,26010770,65230.207,1.1505
"Ukraine",2002,-37353.0153,9881.3263,769.948,27608.4745,15697688,32281904,22185184,25791354,68448.913,1.44925
"Ukraine",2003,-37353.0153,10835.152,1070.3611,29551.188,15498315,32082244,22003120,25602524,73119.5425,0.38075
"Ukraine",2004,-37353.0153,10584.1195,1093.0696,30289.8872,15299601,31916365,21832361,25429600,65465.5056,0.978416666666667
"Ukraine",2005,-37353.0153,11290.464,1398.6735,31950.1159,15103966,31788197,21654474,25258136,68839.0785,0.985
"Ukraine",2006,-37353.0153,12351.0619,1717.8461,33265.3907,14931773,31684616,21492873,25099683,72437.3363,0.427083333333333
"Ukraine",2007,-37353.0153,11238.9191,1918.6845,35752.5007,14775381,31610974,21353444,24959625,74140.3265,2.13908333333333
"Ukraine",2008,-37353.0153,12734.7671,2120.4622,33005.839,14629477,31556953,21229808,24833128,70129.8379,1.6815
"Ukraine",2009,-37353.0153,11745.1538,1707.2407,21443.9907,14487124,31506900,21138444,24725440,59367.2684,1.504
"Ukraine",2010,-37353.0153,12493.2737,1931.369,26053.5076,14380838,31411663,21064180,24618839,66382.2083,1.642
"Ukraine",2011,-24900.2233,12843.5378,2370.312,28412.5618,14270405,31305902,20999034,24517100,86396.716,0.895916666666667
"Ukraine",2012,-24900.2233,12635.8094,2364.0897,27086.1749,14157020,31192313,20966229,24439998,85536.2379,1.48483333333333
"Ukraine",2013,-24900.2233,12585.7946,2695.7937,24540.0178,14042196,31073589,20939538,24367561,93797.9323,1.78583333333333
"Ukraine",2014,-24900.2233,10756.2683,2160.577,21418.2283,13928187,30955239,20883558,24264517,81109.8845,1.673
"Ukraine",2015,-24900.2233,8482.5527,1761.2801,20474.556,13816730,30840974,20821814,24160750,71821.2696,2.31491666666667
"Ukraine",2016,-24177.538,8688.5693,2203.9509,20764.7371,13707753,30730872,20761571,24071998,74305.6641,1.75691666666667
"Ukraine",2017,-24177.538,8150.9429,1910.6666,20017.9856,13600408,30622539,20687143,23970114,67366.8885,1.86166666666667
"Ukraine",2018,-24177.538,8210.9983,1687.2455,20765.8699,13487744,30521470,20595320,23851634,68206.5558,1.88758333333333
"Ukraine",2019,-24177.538,6900.6451,1762.4017,26063.8615,13369270,30425950,20480667,23730427,76068.4618,2.62016666666667
"Ukraine",2020,-24177.538,6708.5283,2309.8344,30046.8349,13244602,30334632,20332123,23577544,81965.4748,2.89391666666667
"United Arab Emirates",1990,NA,666.2148,939.3316,2812.4613,389683,1470491,1271462,628689,8398.27593785491,0.3585
"United Arab Emirates",1991,NA,672.8838,960.55,3059.8654,415553,1554473,1346225,662159,8813.5737905914,-0.305
"United Arab Emirates",1992,NA,723.0411,1065.6748,3095.2339,443197,1643442,1420821,695410,8763.31442907939,-0.696333333333333
"United Arab Emirates",1993,NA,1067.1276,1141.7911,3103.1109,472077,1735328,1494992,728293,9567.51425963827,-0.0243333333333333
"United Arab Emirates",1994,NA,1175.8414,1226.8053,3410.7055,501442,1827244,1568420,760604,9966.3865380383,0.279
"United Arab Emirates",1995,NA,1221.7402,1135.3739,4177.9361,530935,1917885,1641639,792350,10831.5396380383,-0.156166666666667
"United Arab Emirates",1996,NA,1333.8843,1000.775,4345.6493,552950,2018070,1739745,832990,10640.3670884093,0.2735
"United Arab Emirates",1997,NA,1435.0721,1012.9311,4669.0167,568664,2131346,1862993,883126,11344.9146082135,-0.287083333333333
"United Arab Emirates",1998,NA,1508.8639,1400.7527,5469.6068,585290,2252855,1987116,934014,13469.279360993,1.14216666666667
"United Arab Emirates",1999,NA,1652.0133,1536.1726,5979.4845,603305,2384857,2111979,985583,14460.090160993,1.14541666666667
"United Arab Emirates",2000,NA,1828.5158,1681.6972,5879.3434,623527,2531398,2237588,1037745,15029.408960993,0.648166666666667
"United Arab Emirates",2001,NA,2215.0525,1825.4414,6129.4674,643432,2682600,2363814,1090383,16147.4206882689,0.810916666666667
"United Arab Emirates",2002,NA,2540.038,1971.6839,6695.9413,664034,2843198,2490318,1143337,17979.2326736343,0.950166666666667
"United Arab Emirates",2003,NA,2904.5945,2202.4043,7459.8289,693304,3048628,2616985,1196457,20211.9959289774,1.04458333333333
"United Arab Emirates",2004,NA,1682.4691,2658.3653,8128.0634,741096,3346835,2743771,1249569,20285.0487289774,0.983416666666667
"United Arab Emirates",2005,NA,1680.4275,2619.9903,8813.2297,812302,3767260,2955416,1325578,21195.5359951947,0.871666666666667
"United Arab Emirates",2006,NA,1845.5749,2731.4658,10407.0995,909617,4332415,3428088,1470867,23188.3896951947,0.945916666666667
"United Arab Emirates",2007,NA,1831.5641,1967.4992,12031.5685,1026131,5017936,4181088,1691536,24102.0464951947,1.01558333333333
"United Arab Emirates",2008,NA,2649.3808,2681.256,14376.3023,1145328,5748950,5044718,1943966,28638.3960217161,0.629416666666667
"United Arab Emirates",2009,NA,2665.7656,2362.956,13932.6977,1246392,6420001,5818211,2174433,28019.1283908731,1.05708333333333
"United Arab Emirates",2010,NA,2521.9883,2336.3673,14484.7368,1316091,6954593,6174991,2306780,28755.8719100962,1.46591666666667
"United Arab Emirates",2011,NA,2097.0954,2246.7659,14589.9838,1350919,7321556,6210600,2364604,28855.042486806,1.0115
"United Arab Emirates",2012,NA,2562.7502,2536.6058,14417.1398,1357387,7543066,6244376,2420594,28957.3700988157,1.24625
"United Arab Emirates",2013,NA,2413.0238,2508.8648,15537.3177,1344955,7661308,6276725,2475122,32204.0453312675,0.668916666666667
"United Arab Emirates",2014,NA,2501.7249,2693.0134,18656.4875,1326639,7744228,6307775,2528177,36654.9468312675,0.93475
"United Arab Emirates",2015,NA,2719.8395,3004.1137,18877.3356,1311419,7842883,6337454,2579445,37356.3938312675,1.53333333333333
"United Arab Emirates",2016,NA,2790.4628,3046.3392,17796.5054,1300961,7968651,6365662,2628601,36023.1467868059,1.163
"United Arab Emirates",2017,NA,2838.5546,3142.5031,18218.3252,1292709,8107436,6392484,2675811,36322.2198312675,1.51391666666667
"United Arab Emirates",2018,NA,2746.7604,3150.5756,17839.1733,1285972,8255643,6418331,2721838,36005.6474312675,1.59158333333333
"United Arab Emirates",2019,NA,2279.6675,3169.6975,19211.2691,1279098,8402990,6443813,2767844,36764.8999811251,1.21041666666667
"United Arab Emirates",2020,NA,2617.353,3121.5228,19844.389,1271026,8542144,6475368,2811921,37290.0804864539,1.18291666666667
"United Kingdom of Great Britain and Northern Ireland",1990,-15141.1333,25614.3102,10007.2686,53287.0833,12500044,44683287,27798722,29411720,166798.194965779,1.02475
"United Kingdom of Great Britain and Northern Ireland",1991,-15141.1333,26831.3722,10209.6693,54131.8325,12550595,44788852,27871224,29488230,168571.504265779,0.266
"United Kingdom of Great Britain and Northern Ireland",1992,-15141.1333,26661.9778,10431.7138,49212.43,12549775,44944763,27945575,29563665,164061.999865779,0.415916666666667
"United Kingdom of Great Britain and Northern Ireland",1993,-15141.1333,25083.9201,7464.7697,44734.6743,12549115,45101358,28015997,29631466,152769.852609269,0.0358333333333333
"United Kingdom of Great Britain and Northern Ireland",1994,-15141.1333,23893.2953,7880.9923,49340.9086,12549237,45261534,28088096,29697804,155595.447209269,0.52975
"United Kingdom of Great Britain and Northern Ireland",1995,-15141.1333,22904.4694,7865.338,47899.5214,12550805,45427516,28164075,29766289,152618.257809269,0.826916666666667
"United Kingdom of Great Britain and Northern Ireland",1996,-15141.1333,24303.5857,8152.7692,47521.7259,12554541,45602204,28244141,29834446,154857.544509269,-0.0738333333333333
"United Kingdom of Great Britain and Northern Ireland",1997,-15141.1333,22174.8129,8072.2891,47315.1395,12560706,45785967,28338462,29911735,151052.845809269,1.11341666666667
"United Kingdom of Great Britain and Northern Ireland",1998,-15141.1333,22831.3945,8168.6235,49385.565,12568457,45976481,28442821,29995500,157243.081909269,0.832833333333333
"United Kingdom of Great Britain and Northern Ireland",1999,-15141.1333,22145.1765,8232.7861,39415.3314,12576795,46169933,28553554,30081649,141165.802609269,1.02575
"United Kingdom of Great Britain and Northern Ireland",2000,-15141.1333,23127.296,8720.536,35648.5777,12585414,46365434,28674538,30175505,137381.678765779,0.806583333333333
"United Kingdom of Great Britain and Northern Ireland",2001,-13564.8333,23503.7013,9245.12,35039.6132,12568459,46580884,28809410,30282606,138281.421465779,0.508833333333333
"United Kingdom of Great Britain and Northern Ireland",2002,-13564.8333,22700.0298,8949.2501,35943.9187,12435493,46913460,28956939,30398751,138725.416865779,1.14016666666667
"United Kingdom of Great Britain and Northern Ireland",2003,-13564.8333,23311.5406,9286.2249,37242.796,12309693,47270529,29122047,30527752,139486.162265779,1.15475
"United Kingdom of Great Britain and Northern Ireland",2004,-13564.8333,23354.1609,9861.4262,37305.9741,12198913,47685215,29313408,30682443,140641.896565779,1.09158333333333
"United Kingdom of Great Britain and Northern Ireland",2005,-13564.8333,22742.3273,10326.7133,37073.4296,12108499,48178255,29525278,30858464,149948.140965779,1.06516666666667
"United Kingdom of Great Britain and Northern Ireland",2006,-13564.8333,22760.5523,10599.0483,37970.4642,12039836,48762965,29752816,31050884,151533.843765779,1.3555
"United Kingdom of Great Britain and Northern Ireland",2007,-13564.8333,21681.9738,10712.4848,39619.2206,11988805,49425855,29998911,31261766,140426.367965779,1.24333333333333
"United Kingdom of Great Britain and Northern Ireland",2008,-13564.8333,20597.894,11229.0656,38355.2297,11945543,50130678,30258873,31483278,137813.882565779,0.736083333333333
"United Kingdom of Great Britain and Northern Ireland",2009,-13564.8333,18774.1828,10582.7485,36081.8825,11898094,50824513,30527585,31715793,129806.971565779,0.866916666666667
"United Kingdom of Great Britain and Northern Ireland",2010,-13564.8333,19702.1575,11132.7806,37430.398,11837146,51469697,30802755,31957283,133619.993565779,-0.287
"United Kingdom of Great Britain and Northern Ireland",2011,-11939.4,17653.8393,10816.2142,37689.7289,11760347,52051535,31082938,32203425,132623.725365779,1.295
"United Kingdom of Great Britain and Northern Ireland",2012,-11939.4,19346.6458,11794.8626,37929.5762,11669597,52580733,31362781,32445946,135975.624765779,0.511083333333333
"United Kingdom of Great Britain and Northern Ireland",2013,-11939.4,18310.1833,11619.5342,38810.3826,11569344,53071766,31629550,32672747,135269.297065779,0.506666666666667
"United Kingdom of Great Britain and Northern Ireland",2014,-11939.4,15666.9952,10578.069,39602.4426,11465340,53550346,31883658,32889846,131611.959365779,1.60233333333333
"United Kingdom of Great Britain and Northern Ireland",2015,-11939.4,14231.2956,9883.1539,39933.6826,11361769,54035311,32128081,33096283,128820.789865779,0.884666666666667
"United Kingdom of Great Britain and Northern Ireland",2016,-13596,12629.927,9170.9221,39975.8535,11259199,54529375,32362414,33292789,124770.662565779,1.0165
"United Kingdom of Great Britain and Northern Ireland",2017,-13596,11588.7212,8608.7175,40103.1935,11156164,55025421,32584428,33480376,123322.616965779,1.2915
"United Kingdom of Great Britain and Northern Ireland",2018,-13596,11266.1998,8192.0388,40285.038,11052278,55521226,32784781,33648212,122474.457509269,1.13283333333333
"United Kingdom of Great Britain and Northern Ireland",2019,-13596,10512.115,7650.5984,39519.678,10946740,56012276,32972061,33806598,120237.186109269,1.17208333333333
"United Kingdom of Great Britain and Northern Ireland",2020,-13596,10572.8533,7075.8256,36955.4516,10839028,56495180,33122378,33937096,112759.154309269,1.31983333333333
"United Republic of Tanzania",1990,0,8.0824,169.3604,442.945,20651764,4807840,12959424,13246588,87324.3848502919,0.215583333333333
"United Republic of Tanzania",1991,0,9.0207,176.2169,450.45,21260528,5054485,13289463,13601442,88091.762250292,0.33625
"United Republic of Tanzania",1992,0,10.7476,182.8571,457.485,21902079,5317540,13620921,13959802,88453.3582502919,0.307916666666667
"United Republic of Tanzania",1993,0,12.8548,102.0731,465.255,22556881,5592447,14071279,14397738,89114.7999502919,0.144833333333333
"United Republic of Tanzania",1994,0,16.6142,113.0833,381.29,23197440,5873175,14665108,14933216,89403.229550292,0.336333333333333
"United Republic of Tanzania",1995,0,20.5716,159.3586,504.06,23805808,6154968,15155265,15404806,91205.8239502919,0.3745
"United Republic of Tanzania",1996,0,16.0446,193.079,562.565,24375746,6436108,15413954,15726779,81585.2973502919,0.21
"United Republic of Tanzania",1997,0,25.1074,236.6452,527.07,24916971,6718280,15711433,16074413,81212.1813502919,0.516666666666667
"United Republic of Tanzania",1998,0,5.3794,191.2676,597.31,25445493,7006220,16126609,16499889,85544.0462406102,0.613583333333333
"United Republic of Tanzania",1999,0,9.3294,282.9105,625.815,25985081,7306459,16558330,16941443,82930.6003532743,-0.32325
"United Republic of Tanzania",2000,0,17.4507,405.9421,632.585,26553317,7624725,17040809,17422895,79920.1898306979,0.55875
"United Republic of Tanzania",2001,0,8.0562,639.57,665.62,27154582,7962437,17511199,17903270,87787.1332362234,0.469666666666667
"United Republic of Tanzania",2002,0,7.4532,571.1512,738.92,27785622,8320186,17969988,18383543,93852.3341872791,0.637583333333333
"United Republic of Tanzania",2003,0,7.2842,520.8135,809.485,28377799,8771273,18446378,18887539,104165.144263252,1.05775
"United Republic of Tanzania",2004,0,43.6091,596.5077,855.315,28984506,9265478,18943000,19417879,103004.739201729,0.872333333333333
"United Republic of Tanzania",2005,0,37.5354,577.0596,966.41,29619018,9791527,19465727,19973779,109040.96230865,1.12491666666667
"United Republic of Tanzania",2006,0,43.3453,2077.2783,904.035,30282031,10352917,20010132,20551919,102525.743554367,0.672416666666667
"United Republic of Tanzania",2007,0,54.5914,2265.609,986.925,30972693,10951022,20570092,21146405,103325.441326593,0.79475
"United Republic of Tanzania",2008,0,53.3409,2489.7237,1039.08,31684102,11586042,21125684,21745199,105823.663741707,0.523833333333333
"United Republic of Tanzania",2009,0,43.0059,2717.0947,1118.5,32408679,12255552,21632887,22325047,107902.762941707,0.85825
"United Republic of Tanzania",2010,0,58.0266,2951.7357,1266.185,33138622,12959969,22176064,22934464,109330.903029997,1.00066666666667
"United Republic of Tanzania",2011,0,77.9274,3212.3018,1304.135,33871494,13699408,22811421,23604611,108165.757177036,0.70775
"United Republic of Tanzania",2012,0,110.6397,3495.6985,1382.085,34606978,14476019,23483484,24302653,109772.883479091,0.8565
"United Republic of Tanzania",2013,0,138.331,3796.5026,1330.3,35346511,15290084,24210106,25043537,107445.654779091,0.914083333333333
"United Republic of Tanzania",2014,0,123.4187,4197.2703,1498.25,36092092,16142777,24985511,25829040,107916.397054576,0.92625
"United Republic of Tanzania",2015,0,138.5568,4528.4718,1638.85,36844744,17035213,25860541,26682282,114369.675254576,1.07808333333333
"United Republic of Tanzania",2016,0,149.5394,4909.5819,2006.8,37603765,17968436,26813222,27588579,125244.094454576,1.03875
"United Republic of Tanzania",2017,0,164.9714,5659.9585,2067.4,38367191,18942828,27762906,28504126,126293.949454576,1.453
"United Republic of Tanzania",2018,0,167.693,6113.9924,2195.35,39132847,19958545,28679332,29411111,123219.619894512,1.03716666666667
"United Republic of Tanzania",2019,0,184.3931,6699.6519,2970.65,39898166,21015391,29563439,30309141,126317.875412077,1.37975
"United Republic of Tanzania",2020,0,187.3797,7338.3075,2978.6,40661266,22113353,30475454,31229064,130976.847984498,1.10125
"United States of America",1990,-520573.1593,101693.496,44731.2562,314656.626,62373717,190156233,121451448,126632284,463050.9394,0.733583333333333
"United States of America",1991,-520573.1593,104758.0308,44971.2784,312837.4278,61957131,193017688,123229931,128330258,473285.7816,0.706333333333333
"United States of America",1992,-520573.1593,106718.8184,45871.0346,320444.4469,61539241,195915032,125081499,130093840,486026.3425,0.253
"United States of America",1993,-520573.1593,112357.2062,47135.865,325588.2941,61136396,198883790,126914111,131865642,484238.6197,0.1535
"United States of America",1994,-520573.1593,112217.6944,48405.7943,338012.7498,60759735,201981831,128685441,133588147,509412.4984,0.47025
"United States of America",1995,-520573.1593,114696.9035,50504.8429,350527.3675,60418447,205240402,130409307,135251249,585772.1597,0.550166666666667
"United States of America",1996,-520573.1593,121142.5146,53081.5917,356008.6224,60116332,208687092,132102704,136881644,609332.1452,-0.022
"United States of America",1997,-520573.1593,128087.6298,59266.073,368921.9137,59846913,212289638,133841089,138554350,653002.8676,0.400833333333333
"United States of America",1998,-520573.1593,128467.242,60434.8503,386111.1599,59579370,215963233,135608335,140226682,660943.0991,1.33575
"United States of America",1999,-520573.1593,129149.7997,62130.389,396966.7424,59280892,219581385,137352055,141829526,664919.931,0.72175
"United States of America",2000,-520573.1593,132175.0807,64978.8731,411027.7612,59054865,222927913,139026949,143371604,698457.1614,0.854583333333333
"United States of America",2001,-442325.7227,136593.2212,69850.3092,392502.7795,59153827,225698564,140590133,144880360,712728.4706,0.960666666666667
"United States of America",2002,-442325.7227,127344.9261,66598.7706,408020.0257,59200835,228306012,142009475,146340777,694269.1111,1.01116666666667
"United States of America",2003,-442325.7227,126022.5938,68635.9093,417974.4262,59214430,230813194,143359093,147750727,705720.6123,0.926833333333333
"United States of America",2004,-442325.7227,122426.3978,70785.5887,445165.1724,59219920,233319404,144773307,149174579,748872.5904,0.884583333333333
"United States of America",2005,-442325.7227,125154.43,73913.5537,461169.9186,59237094,235892407,146223494,150619177,771587.6422,1.107
"United States of America",2006,-442325.7227,117433.7145,74966.3325,478023.674,59269355,238558001,147672726,152080372,789521.1643,1.13416666666667
"United States of America",2007,-442325.7227,119415.7487,81037.8512,497050.7749,59309491,241285684,149147060,153596338,816589.5596,1.01541666666667
"United States of America",2008,-442325.7227,116142.4414,84070.491,496872.5574,59345012,244029055,150592791,155102120,814591.4952,0.15025
"United States of America",2009,-442325.7227,109185.2986,85109.5874,499434.6311,59361054,246715308,151968684,156543351,788864.5324,0.354916666666667
"United States of America",2010,-442325.7227,109592.6549,89222.0773,546420.0236,59344315,249297076,153272866,157909979,846792.662,0.693166666666667
"United States of America",2011,-459348.34,104666.0947,90144.8329,554787.6511,59275426,251775947,154669482,159207127,817013.4985,0.73925
"United States of America",2012,-459348.34,95256.447,88722.2066,548942.9598,59160759,254174664,156181261,160470060,787941.581,1.38933333333333
"United States of America",2013,-459348.34,101231.3334,92370.3917,550123.6507,59009166,256527510,157662345,161712821,811637.2343,0.500083333333333
"United States of America",2014,-459348.34,102899.6201,94151.4949,564052.9511,58833036,258885743,159103717,162930247,835536.3811,0.761416666666667
"United States of America",2015,-459348.34,95512.8879,91897.6192,569232.2148,58641351,261287811,160493394,164114383,831861.8713,1.56041666666667
"United States of America",2016,-331408.0367,91080.3891,90418.9514,568686.3602,58436293,263743312,161895324,165314874,1024283.8942,2.00083333333333
"United States of America",2017,-331408.0367,88102.4958,87886.8002,576485.924,58215947,266243516,163282016,166509214,1023927.0998,1.57233333333333
"United States of America",2018,-331408.0367,94024.7859,87771.8703,575492.8148,57980034,268786714,164538320,167601717,1034912.8681,1.24316666666667
"United States of America",2019,-331408.0367,89168.2493,85864.7359,579469.2698,57727196,271365914,165698830,168620840,1022096.1658,1.05391666666667
"United States of America",2020,-331408.0367,88647.5223,82012.6489,582960.6973,57456395,273975139,166504407,169437597,1023694.4316,1.32208333333333
"United States Virgin Islands",1990,0,NA,7.1823,NA,12777,90979,48919,51767,8632.35008041252,0.435416666666667
"United States Virgin Islands",1991,0,NA,7.2715,NA,12194,91895,49043,51925,8632.46948041252,0.37775
"United States Virgin Islands",1992,0,NA,7.3476,NA,11674,93120,49230,52304,8632.57788041252,0.327083333333333
"United States Virgin Islands",1993,0,NA,3.9525,NA,11197,94526,49448,52696,8629.21378041252,0.584333333333333
"United States Virgin Islands",1994,0,NA,4.1855,NA,10735,95911,49610,53031,8629.47328041252,0.673416666666667
"United States Virgin Islands",1995,0,NA,5.2147,NA,10270,97122,49910,53543,8630.52028041252,0.647
"United States Virgin Islands",1996,0,NA,5.9474,NA,9804,98127,50379,54252,8631.26298041252,0.222333333333333
"United States Virgin Islands",1997,0,NA,6.9056,NA,9343,98968,50834,54951,8632.23048041252,0.67025
"United States Virgin Islands",1998,0,NA,4.5192,NA,8890,99666,51248,55620,8629.85058041252,1.0575
"United States Virgin Islands",1999,0,NA,6.5588,NA,8447,100234,51602,56225,8631.89238041252,0.466333333333333
"United States Virgin Islands",2000,0,NA,9.2853,NA,8060,100662,51669,56516,8634.62038041252,0.25725
"United States Virgin Islands",2001,-58.8593,NA,10.692,NA,7810,100880,51546,56460,8564.97978041252,0.633166666666667
"United States Virgin Islands",2002,-58.8593,NA,12.0994,NA,7560,100997,51444,56282,8626.85688041252,0.790333333333333
"United States Virgin Islands",2003,-58.8593,NA,13.5493,NA,7312,101040,51272,56017,8652.61038041252,0.851166666666667
"United States Virgin Islands",2004,-58.8593,NA,15.1263,NA,7068,101018,51050,55694,8670.70988041252,0.53525
"United States Virgin Islands",2005,-58.8593,NA,17.1494,NA,6830,100963,50954,55527,8684.16078041252,0.792083333333333
"United States Virgin Islands",2006,-58.8593,NA,17.5737,NA,6598,100874,50989,55525,8692.16528041252,0.826083333333333
"United States Virgin Islands",2007,-58.8593,NA,17.6438,NA,6372,100769,50993,55513,8697.48748041252,0.933166666666667
"United States Virgin Islands",2008,-58.8593,NA,17.9107,NA,6153,100645,50973,55509,8700.89458041252,0.398416666666667
"United States Virgin Islands",2009,-58.8593,NA,18.0852,NA,5942,100527,50928,55539,8703.23798041252,0.733583333333333
"United States Virgin Islands",2010,-58.8593,NA,17.5988,NA,5738,100411,50737,55404,8704.29018041252,0.911833333333333
"United States Virgin Islands",2011,-42.3705,NA,17.6677,NA,5545,100298,50398,55081,8709.54448041252,0.488916666666667
"United States Virgin Islands",2012,-42.3705,NA,18.2046,NA,5363,100194,50020,54752,8710.63958041252,0.65975
"United States Virgin Islands",2013,-42.3705,NA,18.7,NA,5192,100119,49629,54429,8711.28298041252,0.762416666666667
"United States Virgin Islands",2014,-42.3705,NA,20.0976,NA,5031,100079,49241,54142,8712.67758041252,0.86425
"United States Virgin Islands",2015,-42.3705,NA,21.5344,NA,4882,100095,48874,53929,8714.24458041252,1.13491666666667
"United States Virgin Islands",2016,-165.4599,NA,23.9315,NA,4743,100170,48532,53783,8593.71838041252,1.1465
"United States Virgin Islands",2017,-165.4599,NA,26.7945,NA,4612,100289,48190,53661,8596.65708041252,0.971333333333333
"United States Virgin Islands",2018,-165.4599,NA,29.5587,NA,4490,100424,47830,53535,8599.56028041252,0.687416666666667
"United States Virgin Islands",2019,-165.4599,NA,32.1473,NA,4372,100537,47446,53380,8602.34468041252,0.965666666666667
"United States Virgin Islands",2020,-165.4599,NA,34.7977,NA,4259,100599,47122,53321,8605.14178041252,1.23741666666667
"Uruguay",1990,-13373.492,119.182,33.0907,265.1532,342930,2767059,1521058,1595955,-3941.4069270925,0.313666666666667
"Uruguay",1991,-13373.492,134.589,38.6399,265.203,334996,2797054,1528920,1606454,-3421.65212709249,0.481583333333333
"Uruguay",1992,-13373.492,148.8924,41.8777,266.2956,327257,2827598,1536776,1616956,-2956.88702709249,0.0864166666666666
"Uruguay",1993,-13373.492,148.1734,41.0666,265.7019,319721,2858434,1544448,1627299,-2727.69412709249,0.244833333333333
"Uruguay",1994,-13373.492,144.8862,27.8908,368.5367,312311,2889296,1552203,1637742,-2937.60954395966,0.667
"Uruguay",1995,-13373.492,156.5274,39.6012,317.8559,305001,2919803,1560015,1648285,-2879.80984395966,0.203583333333333
"Uruguay",1996,-13373.492,179.8046,53.7303,356.1411,297690,2950345,1567812,1658822,-2595.47534395966,0.468
"Uruguay",1997,-13373.492,172.1327,51.7923,403.1042,289586,2981424,1575662,1669407,-2678.08804395966,0.954
"Uruguay",1998,-13373.492,170.277,17.2478,451.9498,281484,3010654,1583085,1679598,-2709.52634395966,0.115916666666667
"Uruguay",1999,-13373.492,232.0042,70.3722,421.0162,273241,3036077,1589828,1689136,-2384.98894395966,0.148916666666667
"Uruguay",2000,-13373.492,203.0651,32.9033,389.3963,264771,3056474,1594941,1697283,-2836.19524395966,0.285666666666667
"Uruguay",2001,-10111.31,176.6566,24.7133,529.3832,256090,3071013,1597570,1703369,200.13325604034,1.16733333333333
"Uruguay",2002,-10111.31,170.2674,34.8853,516.4423,247270,3080503,1598457,1707985,351.259256040339,0.631333333333333
"Uruguay",2003,-10111.31,156.3756,33.8496,543.173,238529,3087108,1598485,1711718,478.554856040339,0.229083333333333
"Uruguay",2004,-10111.31,184.9945,85.5648,372.8465,230105,3093991,1598595,1715206,619.986,0.6105
"Uruguay",2005,-10111.31,176.4903,79.7385,391.7426,222183,3103429,1599620,1718045,734.7484,0.707666666666667
"Uruguay",2006,-10111.31,236.7764,150.7865,395.2462,214756,3116287,1601733,1720550,1262.5031,0.769083333333333
"Uruguay",2007,-10111.31,207.4932,136.5279,412.8259,207762,3131979,1604827,1723823,1010.5479,0.0249166666666666
"Uruguay",2008,-10111.31,267.5951,285.0122,407.9458,201110,3149714,1608578,1727547,1773.2747,0.773666666666667
"Uruguay",2009,-10111.31,266.5752,231.7602,590.2903,194722,3168033,1612678,1731478,1729.8272,0.414333333333333
"Uruguay",2010,-10111.31,216.4814,91.1057,490.8292,188495,3185920,1617051,1735600,1030.5322,0.404583333333333
"Uruguay",2011,-7033.18,265.1906,140.3609,574.8388,182426,3203198,1621715,1739923,4831.3275,0.27375
"Uruguay",2012,-7033.18,307.1937,175.427,562.8218,178688,3218089,1626686,1744447,5163.3333,1.0085
"Uruguay",2013,-7033.18,268.973,90.2007,593.6354,175741,3232264,1631988,1749192,4660.2266,0.266666666666667
"Uruguay",2014,-7033.18,225.493,112.9144,639.4755,172847,3246699,1637581,1754081,4699.7074,0.9475
"Uruguay",2015,-7033.18,227.8477,129.1382,679.9105,170019,3261533,1643631,1759187,4552.4224,1.074
"Uruguay",2016,-1905.2,245.2485,128.6875,632.3455,167249,3276757,1649718,1764048,9597.1228,0.343
"Uruguay",2017,-1905.2,227.2858,136.8198,709.9879,164541,3292209,1654653,1767547,9661.0637,1.6015
"Uruguay",2018,-1905.2,238.2786,146.667,751.7167,161889,3307662,1657819,1769223,9454.9303,1.02125
"Uruguay",2019,-1905.2,235.6148,152.8181,767.4173,159283,3322873,1659147,1769262,9478.2814,0.843916666666667
"Uruguay",2020,-1905.2,252.8503,160.1404,748.9522,156716,3337671,1660166,1768921,9156.7472,0.874083333333333
"USSR",1990,-605722.9991,34663.9211,32941.5722,227179.7275,99158922,188910774,136777703,153126995,524473.945541004,1.15825
"USSR",1991,-605722.9991,35697.0974,30413.4889,230242.7413,99725999,189602194,137641632,153853429,520480.833614626,0.609
"Uzbekistan",1992,-793.5631,1156.535,351.444,6450.204,12371162,9072291,10819157,10768981,34829.6573660098,0.273333333333333
"Uzbekistan",1993,-793.5631,1348.0197,313.2596,5813.5927,12549208,9382482,11072185,11013733,34539.7286449152,-0.56275
"Uzbekistan",1994,-793.5631,1158.0126,269.3949,4995.0813,12714951,9692207,11312008,11252725,31735.6122737637,0.17275
"Uzbekistan",1995,-793.5631,6943.2453,877.3822,4636.4785,12865004,9998260,11541749,11484456,37638.7791910387,1.376
"Uzbekistan",1996,-793.5631,9646.2868,616.5497,4696.5245,12998880,10300031,11758919,11707006,39638.2892876731,-0.0929166666666667
"Uzbekistan",1997,-793.5631,9903.5128,1014.9596,4812.3124,13118106,10597384,11960747,11916542,38857.3758922992,1.32225
"Uzbekistan",1998,-793.5631,10958.2072,1117.6063,4740.5688,13222179,10890231,12145954,12110821,40214.4472922992,0.76625
"Uzbekistan",1999,-793.5631,11179.1739,1131.9787,4475.0577,13311598,11178171,12312950,12289758,40145.8395922992,1.37725
"Uzbekistan",2000,-793.5631,11142.6412,1142.9882,4620.2953,13387219,11461701,12466991,12458564,40000.2580646284,1.42866666666667
"Uzbekistan",2001,-11605.2426,11274.5231,1147.3279,4559.1701,13449101,11739426,12622003,12626442,28852.5159646284,1.49325
"Uzbekistan",2002,-11605.2426,11828.8122,1194.6361,4847.4183,13498784,12013092,12782290,12796739,29897.7624646284,1.36791666666667
"Uzbekistan",2003,-11605.2426,11258.67,1131.0676,5234.1909,13542816,12287843,12940978,12964926,30159.8600696189,0.664083333333333
"Uzbekistan",2004,-11605.2426,11025.3819,1128.1285,5856.849,13589132,12571194,13100882,13134040,30771.1615477536,1.97091666666667
"Uzbekistan",2005,-11605.2426,10545.4021,1077.0678,6045.8631,13643936,12868248,13267121,13306302,28853.2776638757,1.55308333333333
"Uzbekistan",2006,-11605.2426,11033.0176,1129.4918,6452.8469,13708459,13181804,13443166,13483653,31688.350410787,1.31491666666667
"Uzbekistan",2007,-11605.2426,11052.9195,1118.1614,6919.377,13781409,13510966,13634936,13674680,31563.695310787,1.44841666666667
"Uzbekistan",2008,-11605.2426,11489.8252,1161.3345,7304.8498,13860930,13854895,13844798,13882013,32923.069010787,0.833583333333333
"Uzbekistan",2009,-11605.2426,9542.5553,1024.8359,7467.4938,13944661,14210645,14067701,14100140,31759.4532026044,1.24866666666667
"Uzbekistan",2010,-11605.2426,9373.8903,1060.9502,8419.7039,14029623,14576671,14294237,14319989,32665.271210787,1.86033333333333
"Uzbekistan",2011,-5669.3927,10647.8928,1277.5634,10793.7965,14199705,14868519,14519754,14537703,46136.6969704244,0.677916666666667
"Uzbekistan",2012,-5669.3927,11229.2575,1401.2445,11873.0762,14460143,15080676,14746547,14756504,48990.6151059121,0.684333333333333
"Uzbekistan",2013,-5669.3927,10109.5816,1295.1155,9567.9507,14724547,15295187,14979967,14983259,45398.5441177148,1.85825
"Uzbekistan",2014,-5669.3927,9020.7078,1509.1847,9661.169,14990427,15509191,15224359,15222184,45916.9005374196,0.196083333333333
"Uzbekistan",2015,-5669.3927,7797.6312,1593.1013,10534.6698,15255556,15720465,15479001,15470417,45678.5116122953,1.684
"Uzbekistan",2016,-3365.4919,7391.3753,1821.3511,10817.8881,15518905,15927890,15733839,15719736,46550.7119615871,2.20325
"Uzbekistan",2017,-3365.4919,7601.7804,1809.7538,11491.651,15779684,16130957,15980735,15964947,41914.6381921491,1.58575
"Uzbekistan",2018,-3365.4919,7483.1108,1418.4668,11824.8693,16027774,16337222,16232355,16217221,44211.7909641291,1.18208333333333
"Uzbekistan",2019,-3365.4919,7493.849,1361.1319,13103.4359,16261493,16545875,16495318,16481630,45327.9212872212,2.11741666666667
"Uzbekistan",2020,-3365.4919,8845.8474,1526.772,13382.724,16479496,16756329,16771540,16755117,47176.7416088502,1.14025
"Vanuatu",1990,NA,1.2049,5.6953,2.9197,119191,27443,77382,73501,2977.60026302176,0.356833333333333
"Vanuatu",1991,NA,1.2759,5.9026,2.9936,122133,28645,79257,75421,2982.65466302176,0.0323333333333333
"Vanuatu",1992,NA,1.3586,6.1212,3.0174,125304,29939,81188,77389,2988.99436302176,0.0783333333333333
"Vanuatu",1993,NA,1.3915,3.748,3.1013,128531,31283,83157,79391,2993.83156302176,-0.3375
"Vanuatu",1994,NA,1.4106,3.9997,3.1851,131584,32624,85148,81412,2994.88106302176,-0.169083333333333
"Vanuatu",1995,NA,1.5332,4.361,3.2763,134312,33923,87159,83452,2995.30426302176,0.523416666666667
"Vanuatu",1996,NA,1.6325,4.7682,3.3575,136644,35157,89203,85511,2999.83706302176,0.512166666666667
"Vanuatu",1997,NA,1.656,5.1285,3.4334,138658,36341,91277,87594,3003.48666302176,0.248583333333333
"Vanuatu",1998,NA,1.7277,2.5925,3.4893,140552,37526,93377,89711,3001.09356302176,0.793272727272727
"Vanuatu",1999,NA,1.9392,3.2997,3.5579,142570,38775,95543,91889,3001.45256302176,0.723454545454545
"Vanuatu",2000,NA,2.1039,5.3641,3.689,144954,40109,97832,94242,2994.14516302176,0.757
"Vanuatu",2001,NA,2.0919,7.0575,3.7503,147736,41554,100260,96774,2990.18866302176,0.5063
"Vanuatu",2002,NA,2.198,8.8017,3.7968,150829,43127,102763,99363,2990.80456302176,0.332272727272727
"Vanuatu",2003,NA,2.0728,10.5892,3.8933,154156,44808,105288,101971,3612.58207187092,0.415666666666667
"Vanuatu",2004,NA,2.1475,12.7765,3.9724,157581,46562,107823,104599,5016.98698553657,0.449083333333333
"Vanuatu",2005,NA,2.2696,15.5772,4.0589,161008,48362,110376,107257,7761.22033581417,0.565166666666667
"Vanuatu",2006,NA,2.3336,16.429,4.138,164428,50206,112974,109949,7556.00308999659,0.35675
"Vanuatu",2007,NA,2.5763,16.8493,4.2772,167853,52100,115641,112704,3048.97816302176,0.9275
"Vanuatu",2008,NA,2.8716,17.6711,4.3364,171291,54049,118398,115554,3049.39606302176,0.743833333333333
"Vanuatu",2009,NA,3.1036,18.3599,4.3655,174737,56048,121208,118481,3044.92126302176,0.3655
"Vanuatu",2010,NA,3.217,18.3489,4.3846,178493,57802,124029,121424,3050.26036302176,0.928166666666667
"Vanuatu",2011,NA,3.1675,18.8044,4.4438,182465,59406,126894,124400,3055.72796302176,0.659166666666667
"Vanuatu",2012,NA,3.1228,19.6279,4.4656,186453,61032,129845,127469,3057.15866302176,0.433166666666667
"Vanuatu",2013,NA,3.0905,20.6126,4.4848,190463,62679,132896,130637,3059.30046302176,0.710166666666667
"Vanuatu",2014,NA,2.9818,22.879,4.5465,194498,64352,136042,133885,3071.71286302176,0.574333333333333
"Vanuatu",2015,NA,2.9855,25.8836,4.5983,198555,66048,139253,137185,3263.89796525928,0.595833333333333
"Vanuatu",2016,NA,3.4101,30.4229,4.6875,202634,67768,142613,140606,3031.28516302176,1.156
"Vanuatu",2017,NA,3.5608,34.398,4.8193,206733,69511,146105,144135,3866.59097410844,1.08108333333333
"Vanuatu",2018,NA,3.5329,39.5637,4.8911,210816,71301,149615,147683,3047.97376302176,0.626583333333333
"Vanuatu",2019,NA,3.5657,44.4501,4.8876,214878,73139,153149,151256,3039.93266302176,0.941166666666667
"Vanuatu",2020,NA,3.4618,49.4742,4.9467,218909,75025,156782,154903,3050.88316302176,1.20683333333333
"Venezuela (Bolivarian Republic of)",1990,1148.2689,2720.754,1335.9427,10616.0069,3121559,16740397,9900476,9850103,177388.815228136,0.412
"Venezuela (Bolivarian Republic of)",1991,1148.2689,1898.4843,1291.3875,10757.6891,3118051,17214028,10139923,10086291,177589.336228136,0.405916666666667
"Venezuela (Bolivarian Republic of)",1992,1148.2689,2522.3296,1298.1879,10478.7153,3117393,17681682,10378792,10321668,178272.283591456,0.446583333333333
"Venezuela (Bolivarian Republic of)",1993,1148.2689,2600.1782,1181.2558,10548.5383,3114687,18148756,10616013,10556087,178848.176991456,0.559583333333333
"Venezuela (Bolivarian Republic of)",1994,1148.2689,2300.3251,1208.2671,10401.8475,3109908,18616444,10850830,10790003,179096.056403578,0.331416666666667
"Venezuela (Bolivarian Republic of)",1995,1148.2689,2406.8779,966.6667,11546.0673,3103368,19085299,11084141,11023144,180441.798691456,0.796416666666667
"Venezuela (Bolivarian Republic of)",1996,1148.2689,2588.7665,1029.7323,11408.8744,3095006,19555096,11316984,11255127,180905.302991456,0.4935
"Venezuela (Bolivarian Republic of)",1997,1148.2689,2679.6961,1107.5713,11803.9067,3085137,20025041,11550159,11487401,182036.981491456,0.66425
"Venezuela (Bolivarian Republic of)",1998,1148.2689,3270.0337,1213.9508,11190.5047,3073619,20495835,11783049,11720770,186915.74941951,1.01633333333333
"Venezuela (Bolivarian Republic of)",1999,1148.2689,3233.7206,1239.9444,10709.9741,3060723,20967966,12013718,11953242,182674.43441951,0.317583333333333
"Venezuela (Bolivarian Republic of)",2000,1148.2689,3180.7777,1526.6424,10789.662,3046475,21441865,12241951,12185778,184516.273637544,0.289416666666667
"Venezuela (Bolivarian Republic of)",2001,1479.3847,3420.3049,2003.6708,11835.4025,3031240,21917236,12463799,12416404,127889.157117601,0.683666666666667
"Venezuela (Bolivarian Republic of)",2002,1479.3847,3585.9324,2316.0747,10822.7362,3080534,22328166,12684667,12646261,126688.600224208,0.840583333333333
"Venezuela (Bolivarian Republic of)",2003,1479.3847,3112.401,2398.4287,11384.3287,3129553,22738970,12905924,12876104,130433.743774288,0.921833333333333
"Venezuela (Bolivarian Republic of)",2004,1479.3847,3370.1531,2763.0357,11579.8414,3178200,23149025,13123521,13103406,128646.708631558,0.66725
"Venezuela (Bolivarian Republic of)",2005,1479.3847,3586.7159,2651.5044,11615.7307,3226428,23557733,13339531,13329254,131816.47650165,0.890666666666667
"Venezuela (Bolivarian Republic of)",2006,1479.3847,3448.2394,2983.0428,14700.6247,3274191,23964977,13550091,13551989,135734.08720165,0.714916666666667
"Venezuela (Bolivarian Republic of)",2007,1479.3847,3598.6693,4033.814,13814.0282,3321466,24370499,13754221,13770877,137002.204554279,0.727833333333333
"Venezuela (Bolivarian Republic of)",2008,1479.3847,3570.725,3320.1115,14062.7544,3368145,24773556,13949599,13984235,137153.918920959,0.50375
"Venezuela (Bolivarian Republic of)",2009,1479.3847,3633.7529,3419.9298,14018.7201,3414135,25173188,14136940,14190951,135922.849529655,0.92125
"Venezuela (Bolivarian Republic of)",2010,1479.3847,3798.985,3475.024,13532.8011,3459313,25568720,14321888,14393135,137517.631452842,1.15975
"Venezuela (Bolivarian Republic of)",2011,2137.5754,3806.6218,3432.6827,13409.4386,3503631,25959660,14504605,14591553,157049.295483408,0.59
"Venezuela (Bolivarian Republic of)",2012,2137.5754,4443.2917,3675.6161,13659.4114,3550466,26342614,14683454,14786972,160258.114635697,0.550583333333333
"Venezuela (Bolivarian Republic of)",2013,2137.5754,4723.7413,3770.9309,13957.1168,3597718,26720130,14859050,14978971,160697.604335697,0.909583333333333
"Venezuela (Bolivarian Republic of)",2014,2137.5754,5202.0505,4133.2992,13354.5573,3644375,27094003,15028756,15164502,160739.594429655,0.909666666666667
"Venezuela (Bolivarian Republic of)",2015,2137.5754,4780.5384,4149.8401,13351.7177,3690499,27464635,15188587,15341129,156667.895796433,1.09683333333333
"Venezuela (Bolivarian Republic of)",2016,957.7691,4727.2603,4213.3304,11767.4782,3736094,27832085,15283987,15457477,90600.8285155556,1.06658333333333
"Venezuela (Bolivarian Republic of)",2017,957.7691,3895.6429,4314.8562,11705.4637,3778814,28198251,15183770,15379664,88128.2136407733,0.72925
"Venezuela (Bolivarian Republic of)",2018,957.7691,3521.9526,4333.8547,11802.6241,3818502,28562719,14804135,15021517,88038.9289407734,0.83075
"Venezuela (Bolivarian Republic of)",2019,957.7691,2440.5392,4122.3201,11861.512,3854999,28924869,14365872,14605811,87548.8877069018,1.31158333333333
"Venezuela (Bolivarian Republic of)",2020,957.7691,2081.3607,4064.8804,11889.2325,3888173,29284219,14113760,14376694,87274.8412032011,1.29183333333333
"Viet Nam",1990,-77761.8027,422.8378,4018.0277,1310.2623,54392182,13817423,32660517,34252096,-18137.552160767,0.474916666666667
"Viet Nam",1991,-77761.8027,401.6187,4102.8802,1510.226,55298504,14372398,33377857,34980963,-17009.7129877594,0.608333333333333
"Viet Nam",1992,-77761.8027,380.1205,4179.586,1970.2194,56188636,14941812,34086353,35702394,-15193.0811355195,0.0953333333333333
"Viet Nam",1993,-77761.8027,469.0453,2354.8999,2060.2439,57041624,15518803,34771767,36404639,-15662.9682219837,0.22375
"Viet Nam",1994,-77761.8027,607.6659,2459.0295,2280.291,57828504,16096578,35423993,37077094,-13837.9941335517,0.482666666666667
"Viet Nam",1995,-77761.8027,908.1938,2588.3338,2750.304,58530406,16668571,36045251,37713859,-10319.2210111036,0.218166666666667
"Viet Nam",1996,-77761.8027,1166.7747,2767.1074,3060.3165,59140514,17232205,36634171,38312278,-7818.50439573954,0.0273333333333333
"Viet Nam",1997,-77761.8027,1680.759,2837.5515,3660.3289,59666524,17786811,37187435,38871168,-5595.49049853996,0.452833333333333
"Viet Nam",1998,-77761.8027,2136.6588,687.4766,4350.3411,60117397,18335500,37722224,39406200,-3168.62617098675,1.26691666666667
"Viet Nam",1999,-77761.8027,2130.6444,746.9721,4650.3531,60482574,18908800,38212637,39911077,-2022.53192721159,0.515
"Viet Nam",2000,-77761.8027,2502.6371,1149.513,5830.365,60716972,19568590,38652066,40349076,230.589673490319,0.378083333333333
"Viet Nam",2001,12887.9223,2804.8134,1493.4555,6830.3769,60905689,20234230,39078656,40739120,88580.5632,0.60625
"Viet Nam",2002,12887.9223,3440.6029,1780.4273,8530.3889,61048895,20907601,39510889,41131420,95590.1884,0.8295
"Viet Nam",2003,12887.9223,3334.0745,2043.7165,9670.4006,61156846,21590816,39947965,41527860,96242.3155,0.923166666666667
"Viet Nam",2004,12887.9223,4478.8072,2427.3074,10900.4122,61239621,22288057,40386478,41924749,103624.4901,0.402916666666667
"Viet Nam",2005,12887.9223,4987.1449,2825.9728,13200.4239,61308288,23000555,40824111,42317983,107804.2652,0.776416666666667
"Viet Nam",2006,12887.9223,5401.5665,2915.0866,12900.4361,61363160,23731457,41252012,42699789,104769.2564,0.989583333333333
"Viet Nam",2007,12887.9223,5679.5021,2988.2434,14800.4478,61408016,24481574,41680018,43082251,108957.2946,0.580416666666667
"Viet Nam",2008,12887.9223,5980.0603,3067.5914,16100.4597,61451799,25256002,42119105,43478136,111116.2417,0.0538333333333333
"Viet Nam",2009,12887.9223,6503.3948,3141.5188,20000.4714,61504167,26061240,42576401,43906522,117112.8834,0.791583333333333
"Viet Nam",2010,12887.9223,7808.271,3251.1429,24500.4844,61561816,26910696,43048310,44362702,128422.0795,1.06325
"Viet Nam",2011,-31218.381,7545.2287,3230.0341,29200.4947,61639703,27796941,43525217,44823899,91958.5269,0.00675000000000001
"Viet Nam",2012,-31218.381,7673.3634,3311.2249,30400.5083,61731739,28720142,44010133,45291192,93874.0046,0.902833333333333
"Viet Nam",2013,-31218.381,8409.8988,3251.7954,33200.5216,61825502,29672223,44502820,45764918,104676.4846,0.637666666666667
"Viet Nam",2014,-31218.381,9449.2455,3615.906,36000.5321,61898224,30646691,44995810,46239694,109054.8175,0.645
"Viet Nam",2015,-31218.381,11130.2198,4080.7098,37000.5457,61936198,31635369,45481510,46709887,112902.9484,1.35566666666667
"Viet Nam",2016,-17342.2622,14682.2489,4750.1554,39900.5562,61933285,32635787,45954943,47171586,134403.7814,1.21891666666667
"Viet Nam",2017,-17342.2622,13727.3183,5123.3875,46000.5693,61898302,33642498,46412679,47620370,139359.2959,0.986
"Viet Nam",2018,-17342.2622,15908.9799,5971.9433,53100.5826,61832185,34658961,46856269,48058062,153069.2374,0.938666666666667
"Viet Nam",2019,-17342.2622,20175.5719,7228.4205,56600.5926,61742331,35686730,47288433,48488283,163450.0955,1.76608333333333
"Viet Nam",2020,-17342.2622,20662.1607,7784.4144,57000.6059,61632897,36727248,47726158,48922527,171383.6291,1.42808333333333
"Wallis and Futuna Islands",1990,-4.7947,NA,37.8386307227124,NA,13878,0,6699,6755,10270.8345052034,0.257083333333333
"Wallis and Futuna Islands",1991,-4.7947,NA,37.8386307227124,NA,13912,0,6761,6837,10270.8651052034,0.0983333333333333
"Wallis and Futuna Islands",1992,-4.7947,NA,37.8386307227124,NA,13955,0,6824,6924,10270.9295052034,-0.0353333333333333
"Wallis and Futuna Islands",1993,-4.7947,NA,37.8386307227124,NA,14014,0,6890,7011,10270.9970052034,-0.290583333333333
"Wallis and Futuna Islands",1994,-4.7947,NA,37.8386307227124,NA,14075,0,6952,7095,10270.9444052034,-0.1645
"Wallis and Futuna Islands",1995,-4.7947,NA,37.8386307227124,NA,14142,0,7014,7165,10872.8351073146,0.423666666666667
"Wallis and Futuna Islands",1996,-4.7947,NA,37.8386307227124,NA,14211,0,7071,7221,10270.9921052034,0.265333333333333
"Wallis and Futuna Islands",1997,-4.7947,NA,37.8386307227124,NA,14280,0,7122,7268,10271.1683052034,0.169333333333333
"Wallis and Futuna Islands",1998,-4.7947,NA,37.8386307227124,NA,14354,0,7181,7309,10272.1140052034,0.387083333333333
"Wallis and Futuna Islands",1999,-4.7947,NA,37.8386307227124,NA,14428,0,7247,7353,10271.2997052034,0.1665
"Wallis and Futuna Islands",2000,-4.7947,NA,37.8386307227124,NA,14500,0,7322,7401,11042.9108451097,0.489416666666667
"Wallis and Futuna Islands",2001,-4.7538,NA,37.8386307227124,NA,14563,0,7402,7450,11042.9394451097,0.699
"Wallis and Futuna Islands",2002,-4.7538,NA,37.8386307227124,NA,14622,0,7487,7500,11269.3050171451,0.82475
"Wallis and Futuna Islands",2003,-4.7538,NA,37.8386307227124,NA,14651,0,7524,7507,11269.2069171451,0.476083333333333
"Wallis and Futuna Islands",2004,-4.7538,NA,37.8386307227124,NA,14643,0,7431,7423,11042.8578451097,0.708666666666667
"Wallis and Futuna Islands",2005,-4.7538,NA,37.8386307227124,NA,14568,0,7263,7290,11042.8358451097,0.84
"Wallis and Futuna Islands",2006,-4.7538,NA,37.8386307227124,NA,14434,0,7101,7159,11025.2452775271,0.533583333333333
"Wallis and Futuna Islands",2007,-4.7538,NA,44.3894236950661,NA,14229,0,6939,7026,10964.2048636816,0.851833333333333
"Wallis and Futuna Islands",2008,-4.7538,NA,44.3894236950661,NA,13984,0,6771,6894,11740.6800669208,0.373833333333333
"Wallis and Futuna Islands",2009,-4.7538,NA,44.3894236950661,NA,13706,0,6614,6777,11723.1192409692,0.303916666666667
"Wallis and Futuna Islands",2010,-4.7538,NA,44.3894236950661,NA,13428,0,6468,6673,11049.334938082,0.977666666666667
"Wallis and Futuna Islands",2011,-5.0253,NA,44.3894236950661,NA,13129,0,6324,6576,11314.5732018098,0.74525
"Wallis and Futuna Islands",2012,-5.0253,NA,44.3894236950661,NA,12836,0,6185,6486,11314.3920018098,0.702416666666667
"Wallis and Futuna Islands",2013,-5.0253,NA,44.3894236950661,NA,12551,0,6058,6407,11740.4008669208,0.77675
"Wallis and Futuna Islands",2014,-5.0253,NA,44.3894236950661,NA,12285,0,5968,6340,11722.7033409692,0.686083333333333
"Wallis and Futuna Islands",2015,-5.0253,NA,44.3894236950661,NA,12066,0,5902,6281,11722.7208409692,0.75625
"Wallis and Futuna Islands",2016,0,NA,44.3894236950661,NA,11899,0,5837,6223,11722.070234747,1.26866666666667
"Wallis and Futuna Islands",2017,0,NA,44.3894236950661,NA,11773,0,5769,6167,11721.8755363026,1.02525
"Wallis and Futuna Islands",2018,0,NA,44.3894236950661,NA,11683,0,5703,6112,11721.8937363026,0.947416666666667
"Wallis and Futuna Islands",2019,0,NA,44.3894236950661,NA,11617,0,5648,6066,11722.087434747,1.40825
"Wallis and Futuna Islands",2020,0,NA,44.3894236950661,NA,11551,0,5614,6040,11739.7015606986,1.23233333333333
"Western Sahara",1990,-607.889,NA,1266.33701852898,NA,34569,182689,89136,89393,12256.9698426491,1.1855
"Western Sahara",1991,-607.889,NA,1259.02603591087,NA,34933,189450,92021,92271,12718.705734507,0.609416666666667
"Western Sahara",1992,-607.889,NA,1259.02603591087,NA,35294,196433,94766,95010,12745.4453424691,0.448333333333333
"Western Sahara",1993,-607.889,NA,1259.02603591087,NA,35661,203668,97441,97686,12747.2887050584,0.35725
"Western Sahara",1994,-607.889,NA,1259.02603591087,NA,36039,211218,100192,100263,12720.5490970964,0.979083333333333
"Western Sahara",1995,-607.889,NA,1266.33701852898,NA,37010,218624,104747,103633,12727.8600797145,1.437
"Western Sahara",1996,-607.889,NA,1266.33701852898,NA,38103,226005,111564,108206,12727.8600797145,1.24625
"Western Sahara",1997,-607.889,NA,1266.33701852898,NA,39225,233615,118965,113132,12727.8600797145,1.59633333333333
"Western Sahara",1998,-607.889,NA,1266.33701852898,NA,40554,242529,126438,118154,12727.8600797145,1.26858333333333
"Western Sahara",1999,-607.889,NA,1259.02603591087,NA,42329,254183,134002,123288,12720.5490970964,0.974583333333333
"Western Sahara",2000,-607.889,NA,1259.02603591087,NA,44684,269434,141778,128597,12720.5490970964,0.922
"Western Sahara",2001,-356.0556,NA,1266.33701852898,NA,47722,288929,149749,134065,12871.8828712464,1.42841666666667
"Western Sahara",2002,-356.0556,NA,1266.33701852898,NA,51308,311919,157788,139620,12871.8828712464,1.2035
"Western Sahara",2003,-356.0556,NA,1266.33701852898,NA,55060,336107,165904,145275,12871.8828712464,1.3555
"Western Sahara",2004,-356.0556,NA,1266.33701852898,NA,58460,358337,174097,151022,12871.8828712464,1.40466666666667
"Western Sahara",2005,-356.0556,NA,1266.33701852898,NA,61150,376365,182349,156838,12871.8828712464,1.37308333333333
"Western Sahara",2006,-356.0556,NA,1266.33701852898,NA,63001,389349,190841,162817,12871.8828712464,1.28733333333333
"Western Sahara",2007,-356.0556,NA,1259.02603591087,NA,64146,398061,199486,168946,12864.5718886283,0.908083333333333
"Western Sahara",2008,-356.0556,NA,1266.33701852898,NA,64808,403825,207992,175081,12871.8828712464,1.24225
"Western Sahara",2009,-356.0556,NA,1266.33701852898,NA,65325,408719,216595,181311,12871.8828712464,1.19658333333333
"Western Sahara",2010,-356.0556,NA,1266.33701852898,NA,65949,414325,225546,187750,12874.3174638613,1.92091666666667
"Western Sahara",2011,-146.234,NA,1266.33701852898,NA,66725,420924,234863,194425,13054.6853638613,1.44525
"Western Sahara",2012,-146.234,NA,1266.33701852898,NA,67596,428176,244580,201368,13059.8518196913,1.32658333333333
"Western Sahara",2013,-146.234,NA,1266.33701852898,NA,68591,436264,254415,208341,13059.8518196913,1.477
"Western Sahara",2014,-146.234,NA,1266.33701852898,NA,69720,445271,263248,214762,13059.8518196913,1.3015
"Western Sahara",2015,-146.234,NA,1266.33701852898,NA,70987,455229,271110,220714,13062.2733344827,1.713
"Western Sahara",2016,-104.5657,NA,1266.33701852898,NA,72391,466364,278840,226615,13101.2110082429,1.689
"Western Sahara",2017,-104.5657,NA,1266.33701852898,NA,73931,478697,286418,232440,13124.5080387776,2.08966666666667
"Western Sahara",2018,-104.5657,NA,1259.02603591087,NA,75548,491873,293827,238176,13119.6197015586,1.0335
"Western Sahara",2019,-104.5657,NA,1266.33701852898,NA,77150,505328,301060,243815,13137.2778584057,1.43233333333333
"Western Sahara",2020,-104.5657,NA,1266.33701852898,NA,78676,518663,307187,248862,13153.1189326277,2.068
"Yemen",1990,0,283.7424,1849.8164,851.65,9533350,2523689,6705257,6669864,7161.4830969742,0.404833333333333
"Yemen",1991,0,341.5764,1948.9713,883.5,9940801,2720813,6971041,6924810,8407.62103032955,0.059
"Yemen",1992,0,534.8704,2053.6914,888,10386280,2939303,7245593,7188177,9535.95482519235,0.036
"Yemen",1993,0,610.1203,1139.8564,916.15,10844350,3172889,7528738,7459309,8163.2408430705,-0.1254
"Yemen",1994,0,688.673,1216.1277,941.65,11280294,3412392,7817072,7736100,8493.60794140003,-0.188285714285714
"Yemen",1995,0,747.2837,1293.6935,1080.5,11680404,3640249,8097967,8005372,8938.18742867969,0.101666666666667
"Yemen",1996,0,804.2172,169.0828,1078.35,12036452,3852997,8359588,8254738,8188.17606841275,0.62175
"Yemen",1997,0,901.9383,220.851,1179.55,12348958,4059996,8612819,8495862,8810.10708482619,0.444285714285714
"Yemen",1998,0,917.7939,267.6561,1183.1,12630973,4265237,8868676,8739457,9426.90171182965,1.543
"Yemen",1999,0,809.3678,285.2994,1297.65,12902958,4475140,9128106,8986445,9876.87784273657,0.909981765235386
"Yemen",2000,0,909.0644,521.7275,1293.85,13179604,4695121,9391539,9237162,10610.7346501867,0.909981765235386
"Yemen",2001,0,994.9838,718.1388,1338.4,13463940,4926195,9655431,9488026,11583.5345265282,0.92159337436349
"Yemen",2002,0,1145.8744,901.896,1374.6,13751457,5167722,9920754,9739899,12370.8716796522,0.925601637487487
"Yemen",2003,0,1224.539,1099.4467,1380.45,14042142,5419944,10191642,9997157,13349.16083877,0.925601637487487
"Yemen",2004,0,1221.9861,1316.8175,1401.65,14334252,5682816,10470934,10262472,13985.0521781597,0.925601637487487
"Yemen",2005,0,1221.9142,1591.119,1414.85,14627103,5955824,10771739,10548931,14569.7071398688,0.925601637487487
"Yemen",2006,0,1286.0489,1659.6592,1428.7,14920358,6240176,11101550,10864747,15025.5307455944,0.927739534992663
"Yemen",2007,0,1353.11,1727.3333,1563.55,15215074,6536531,11446120,11195418,15847.7405988415,0.940412821770488
"Yemen",2008,0,1399.5862,1745.6761,1722.4,15511106,6845285,11797215,11531790,16560.503742495,0.943547867701178
"Yemen",2009,0,1368.58,1831.3716,1759.25,15808153,7166776,12154813,11874775,14903.68282971,0.940974062124129
"Yemen",2010,0,1370.8912,1800.5084,1660.75,16105593,7501186,12518994,12224951,14675.2368168041,0.93842052472041
"Yemen",2011,0,1102.1007,1766.4189,2114.6,16403293,7848913,12891995,12583615,14700.7647921822,0.93842052472041
"Yemen",2012,0,1214.9232,1791.7821,2001.1,16700108,8209861,13273109,12950282,14532.1041321147,0.93842052472041
"Yemen",2013,0,1405.7184,1877.204,2237.6,16993264,8583058,13660800,13323201,16007.4150759809,0.940974062124129
"Yemen",2014,0,1519.7069,2048.2316,2214.1,17279298,8967029,14052916,13700388,16336.8001987781,1.13820647600512
"Yemen",2015,0,1225.5589,2182.3818,2009.25,17555636,9360571,14439156,14077389,14423.5257485558,1.30796276880987
"Yemen",2016,0,1108.6603,2495.8496,1641.75,17821118,9763095,14820156,14453847,14056.1924102507,1.28295920293379
"Yemen",2017,0,1143.2951,2804.6107,1850.25,18075808,10174612,15202496,14831892,14617.8010485558,1.28295920293379
"Yemen",2018,0,1157.5039,3200.6853,1862.75,18320024,10595260,15578957,15211556,15030.2866485558,1.31371807737412
"Yemen",2019,0,1354.3286,3544.5023,1896.95,18554546,11025440,15953578,15593113,16095.7574145018,1.32012608947243
"Yemen",2020,0,1316.0689,3888.3887,1922.45,18779891,11465414,16320979,15963067,16313.1684145018,1.32012608947243
"Yugoslav SFR",1990,-10843.0573,28.7042,1164.05146321013,18538.7091,11929250,11445927,10758632,11248553,28161.4006997038,0.8975
"Yugoslav SFR",1991,-10843.0573,22.9634,1164.05146321013,14842.9848,11824752,11526722,10733004,11229798,24271.1478323091,-0.322416666666667
"Zambia",1990,0,2.8131,18.1081,760.2002,4863969,3163284,3713668,3972733,72721.5042177935,0.765333333333333
"Zambia",1991,0,6.0906,17.1072,726.1505,5027157,3212575,3803803,4076662,72454.9367516993,0.0486666666666667
"Zambia",1992,0,6.3225,19.7119,523.6011,5196992,3255283,3893512,4180826,72278.4108516993,0.629916666666667
"Zambia",1993,0,6.8457,16.8608,693.9049,5371241,3297927,3984327,4286591,72434.3678516993,-0.135583333333333
"Zambia",1994,0,5.2842,14.8199,715.8089,5553666,3342443,4078851,4395365,74475.3698562569,0.3885
"Zambia",1995,0,5.8047,17.3232,655.9164,5746834,3390243,4177093,4507042,72530.1799177935,0.728583333333333
"Zambia",1996,0,5.9309,12.4355,700.4289,5952393,3441911,4279880,4622140,52553.3840255926,0.484454545454545
"Zambia",1997,0,6.0891,13.4142,800.9881,6169590,3496988,4390939,4742217,51744.0523315761,0.371416666666667
"Zambia",1998,0,6.2426,2.9422,636.4959,6396424,3553800,4506907,4865523,53798.3676636437,0.80025
"Zambia",1999,0,6.1117,3.5648,683.759,6629385,3610329,4628537,4992702,50824.2355516993,0.111916666666667
"Zambia",2000,0,6.5012,4.2685,639.9231,6866093,3665128,4762771,5128364,44562.7884516993,-0.133916666666667
"Zambia",2001,0,6.5708,4.99,538.5137,7035435,3788690,4915581,5276383,59866.0454689267,0.356166666666667
"Zambia",2002,0,6.861,5.7025,530.6603,7175419,3944990,5076940,5431354,62972.0159255926,0.741583333333333
"Zambia",2003,0,7.2442,6.4524,593.6235,7315663,4106321,5244889,5593084,72757.5352516993,0.863833333333333
"Zambia",2004,0,7.3757,7.1331,622.9542,7457838,4273908,5423615,5764425,74055.4191516993,0.5545
"Zambia",2005,0,7.6698,7.9101,642.0504,7603597,4448559,5617219,5947650,78073.1581255926,0.933083333333333
"Zambia",2006,0,7.488,8.3676,538.349,7752680,4630766,5827393,6144175,69944.3170516993,0.666166666666667
"Zambia",2007,0,7.9658,8.2108,518.165,7905217,4820757,6050324,6351748,74763.4891516993,0.7795
"Zambia",2008,0,7.9986,10.4813,480.3861,8062650,5019867,6283615,6569350,79798.2888516993,0.370333333333333
"Zambia",2009,0,8.5693,10.5477,733.7414,8227067,5229350,6523386,6794701,72490.8293516993,0.336583333333333
"Zambia",2010,0,9.2077,11.9144,819.5516,8399366,5450667,6765898,7026189,82821.6757516993,1.22416666666667
"Zambia",2011,0,8.3912,13.2974,845.2084,8580164,5684592,7005106,7260708,96206.2758516993,1.05808333333333
"Zambia",2012,0,8.847,14.1809,1012.9109,8767868,5932069,7245485,7499172,97764.4328516993,0.815
"Zambia",2013,0,8.8298,20.6891,1118.6134,8960891,6192319,7491633,7743342,98618.9580516993,0.878583333333333
"Zambia",2014,0,15.6136,15.3509,1163.3158,9156664,6464310,7744381,7993413,99308.5360516993,0.961083333333333
"Zambia",2015,0,16.901,15.6673,1152.0183,9353351,6747236,8000338,8247891,110025.028451699,1.46625
"Zambia",2016,0,24.312,19.7099,1244.7208,9550308,7041082,8260471,8507289,106393.870151699,1.30008333333333
"Zambia",2017,0,60.9657,28.0465,1337.7703,9747709,7346421,8525934,8772120,106048.711046632,0.1035
"Zambia",2018,0,80.4523,35.049,1561.4786,9945501,7663677,8794716,9041177,101153.495546632,0.6995
"Zambia",2019,0,73.1923,28.0314,1430.9272,10143883,7993486,9066397,9314079,101804.316346632,0.964583333333333
"Zambia",2020,0,69.9292,32.5606,1440.9758,10342892,8336381,9338613,9589102,95970.9041466321,0.714416666666667
"Zimbabwe",1990,-269.3677,233.2252,272.3571,869.465,7231195,2951918,4866042,5247850,21985.237141842,0.584583333333333
"Zimbabwe",1991,-269.3677,155.1479,326.6773,957.042,7337506,3105537,4989641,5388173,21614.3166701575,0.0749166666666667
"Zimbabwe",1992,-269.3677,169.2136,340.6681,983.563,7424652,3258216,5102026,5539475,23112.1295047477,1.07533333333333
"Zimbabwe",1993,-269.3677,168.6388,306.7333,896.864,7531513,3374243,5153386,5641532,20463.359541842,0.267
"Zimbabwe",1994,-269.3677,184.0329,336.3131,1034.416,7633502,3483446,5170029,5688565,21025.079241842,-0.044
"Zimbabwe",1995,-269.3677,162.3915,225.1093,1052.108,7728195,3592151,5228886,5765155,21120.7346546959,0.591083333333333
"Zimbabwe",1996,-269.3677,168.9277,246.696,1090.972,7817179,3701083,5316578,5861593,22437.5902419525,-0.174083333333333
"Zimbabwe",1997,-269.3677,164.575,266.6222,1121.64,7900229,3809768,5404409,5957992,22268.4908419525,0.05625
"Zimbabwe",1998,-269.3677,199.1753,181.1367,1082.252,7975688,3917584,5492694,6055671,23661.7869996617,0.644666666666667
"Zimbabwe",1999,-269.3677,186.8144,177.3128,1051.935,8041349,4023188,5570832,6145623,23197.1408419525,0.112833333333333
"Zimbabwe",2000,-269.3677,176.7901,195.3671,1061.898,8096262,4125989,5621605,6213071,21956.8429901324,-0.463333333333333
"Zimbabwe",2001,262.6108,205.1566,239.5543,954.301,8140630,4225535,5653006,6257972,22547.6920784906,0.0279166666666666
"Zimbabwe",2002,262.6108,183.5852,241.2575,915.928,8177189,4323336,5684128,6300516,23195.1488728229,0.532666666666667
"Zimbabwe",2003,262.6108,144.7971,231.7438,765.415,8277834,4356063,5722449,6353380,21599.0588785966,0.384083333333333
"Zimbabwe",2004,262.6108,171.5165,285.5514,716.614,8395569,4381942,5755027,6405855,21276.9429901324,-0.0581666666666667
"Zimbabwe",2005,262.6108,190.0249,337.5336,772.753,8526166,4413866,5773926,6450827,21811.9944901324,0.817333333333333
"Zimbabwe",2006,262.6108,164.6672,372.8211,699.525,8671680,4452587,5818877,6511613,22428.6811901324,-0.0741666666666666
"Zimbabwe",2007,262.6108,134.385,371.0141,578.017,8831989,4497920,5872489,6578079,23321.2164901324,-0.0736666666666667
"Zimbabwe",2008,262.6108,104.5569,343.2723,542.909,9008248,4550221,5911975,6638373,23718.2011263208,0.209583333333333
"Zimbabwe",2009,262.6108,105.9238,372.2491,533.9324,9200909,4609690,5965793,6714016,24897.4401263208,-0.194083333333333
"Zimbabwe",2010,262.6108,141.1969,340.6886,709.796,9410211,4676106,6034165,6805605,23601.3954529604,0.911916666666667
"Zimbabwe",2011,648.0808,179.8443,328.7726,843.898,9636932,4749717,6114111,6911674,23470.6316047805,0.191166666666667
"Zimbabwe",2012,648.0808,170.867,322.0831,947.933,9880721,4830105,6223803,7041528,22903.2323047805,0.337
"Zimbabwe",2013,648.0808,203.6878,335.2805,869.915,10138667,4915839,6363142,7192279,22245.4973047805,0.0896666666666667
"Zimbabwe",2014,648.0808,193.8033,345.8029,978.023,10402274,5009401,6508226,7347527,21653.8106781409,0.0963333333333333
"Zimbabwe",2015,648.0808,201.9746,374.0871,918.826,10667966,5109485,6652836,7502101,23932.0676990068,1.15341666666667
"Zimbabwe",2016,76500.2982,251.2681,443.0872,858.982,10934468,5215894,6796658,7656047,98491.0263471866,1.12025
"Zimbabwe",2017,76500.2982,203.1236,445.3881,889.425,11201138,5328766,6940631,7810471,97159.3115529604,0.0465
"Zimbabwe",2018,76500.2982,211.1539,492.8599,966.265,11465748,5447513,7086002,7966181,97668.3082047805,0.516333333333333
"Zimbabwe",2019,76500.2982,228.6381,542.5922,945.942,11725970,5571525,7231989,8122618,98988.0627990068,0.985666666666667
"Zimbabwe",2020,76500.2982,213.9211,568.0445,940.42,11980005,5700460,7385220,8284447,96505.2218529604,0.189
