"iso","umd_tree_cover_loss__year","umd_tree_cover_loss__ha","gfw_gross_emissions_co2e_all_gases__Mg"
"AFG",2001,88.09271247269964841,28128.763691580095110
"AGO",2001,101218.50455395614343543,39501381.162055034554343
"AIA",2001,3.87846070809678815,877.67554269109545
"ALA",2001,396.973630529133903205,76462.998403659003771
"ALB",2001,3728.669851045809279651,1409577.059956001364821
"AND",2001,1.65421294770616338,657.563688753204176
"ARG",2001,147801.679656721060400853,32672792.902997089941915
"ARM",2001,131.840612264474828539,41270.783113931214008
"ATG",2001,24.07418943832681721,7871.476749385018089
"AUS",2001,218813.577584284417678484,29133359.4297370435406535
"AUT",2001,6938.994706640183978945,2812159.597412166310090
"AZE",2001,553.299356121382307642,165245.7796846683421009
"BDI",2001,1417.24695708633753476,507450.712882868958139
"BEL",2001,971.48819527628469686,426332.390003430007674
"BEN",2001,3748.18907676814687784,1171921.3090675506248051
"BES",2001,3.03185725290093320,306.418044681925052
"BFA",2001,58.87265978878418091,288718.9093672514335964
"BGD",2001,4587.27991190893606246,2583730.202075934563188
"BGR",2001,8202.263664499612698691,2109801.252200662362169
"BHS",2001,432.99941970350678894,90476.55960641698768486
"BIH",2001,1496.051935720911604305,497522.230353136784100
"BLR",2001,18358.917114100802768199,5010060.9330400258354700
"BLZ",2001,8238.35983276668240630,3517190.658457424670016
"BMU",2001,0.1958197936338976,91.00248299029627
"BOL",2001,140210.22188202144973910,63976172.82864973916577298
"BRA",2001,2746284.63835414792834732,1224917286.3394010674581015
"BRB",2001,12.36746156416883661,3777.978732683253189
"BRN",2001,1244.45382286781200860,827171.3258207410952249
"BTN",2001,297.59088423505535813,171809.698617208744450
"BWA",2001,130.98388147723632665,26307.3221168678827074
"CAF",2001,31282.51371666455412471,15129615.614926400035309
"CAN",2001,1358153.550795879791676158,419333396.3556009314222699
"CHE",2001,1164.740312393400681583,545321.530244738008502
"CHL",2001,72711.244483407187937505,21334447.682536019114253
"CHN",2001,230308.120576525431155588,90153834.5526601843218074
"CIV",2001,122694.83622771548859157,48961184.9918365947077552
"CMR",2001,39203.71676148145325048,20597781.677748853831193
"COD",2001,455531.83548280052117616,271931843.7598476718572475
"COG",2001,27030.84964334349832204,14872657.068474211090665
"COL",2001,229960.99067727582136330,118702129.797032874314952
"COM",2001,36.97369320812445996,19329.040794981826579
"CPV",2001,14.27290158865885487,0.0
"CRI",2001,15483.27237924707255215,7442511.75715826584875796
"CUB",2001,18942.90877802538722597,5955248.46146346328510774
"CUW",2001,0.90278852551215289,191.143885763038801
"CYM",2001,20.68161219993164712,5186.726336429527168
"CYP",2001,78.62890207442059989,13267.827476113161597
"CZE",2001,3451.145834548678557334,1315394.391120381316722
"DEU",2001,15286.527525617976768630,6233635.0957149544868295
"DMA",2001,22.79275551081271854,13545.923654013365935
"DNK",2001,4329.295853187874559998,1067351.170479890872894
"DOM",2001,11247.53863011736235667,4384405.201377673695575
"DZA",2001,3468.200756658119720964,572900.276982448203559
"ECU",2001,45079.70282993931412579,26110684.510715233490212
"EGY",2001,147.76494268109266816,45730.721063554112429
"ERI",2001,2.52952433260253928,1234.70371822306966
"ESP",2001,32811.053519209298709974,9694113.1427071087714325
"EST",2001,16872.515160612042068388,3755611.4591469342127879
"ETH",2001,11947.24724356116872160,5554968.384192261098226
"FIN",2001,151003.372858062419904566,28320139.6237167150842747
"FJI",2001,1097.76405439652862046,537119.939361545372341
"FRA",2001,34420.963394336194792535,13085300.424219823486518
"GAB",2001,15082.63772959299139159,8934418.479699444971301
"GBR",2001,23247.500492252539885819,9328223.767367540167905
"GEO",2001,666.556366612170124972,253075.2808613123452874
"GGY",2001,1.91535607129340295,486.244830362029688
"GHA",2001,43675.47233939380073497,18022247.144323073793759
"GIB",2001,0.3745712739366319,90.40245851420244
"GIN",2001,18571.44958359501351308,7459428.27109376152861563
"GLP",2001,320.70238556614377526,128108.409089020956616
"GMB",2001,3.2974218630495878,3341.080564905477212
"GNB",2001,2362.15302834531727350,791137.1885088638507209
"GNQ",2001,3585.41910016672679807,2282154.747145309183823
"GRC",2001,12616.99804975493573774,2478006.785036744727557
"GRD",2001,32.81085886816514947,19095.826417392729933
"GTM",2001,53315.18158539140027080,23509742.4812434070290941
"GUF",2001,3033.28774855398539874,2309995.543165961152766
"GUY",2001,10039.86776092213904581,5772298.117185049313376
"HND",2001,42379.94941974562625954,18978115.197999113635382
"HRV",2001,3378.489603634509289871,1126863.478998415926396
"HTI",2001,2468.75598673117015128,925521.397965874125878
"HUN",2001,7522.577033364129318337,2599556.016349846956724
"IDN",2001,744083.99651722336349428,508698552.8503923276918394
"IMN",2001,31.95087523351562429,9203.320419985824467
"IND",2001,56791.85424597833804638,32314120.908491833400740
"IRL",2001,9552.512807336441979634,4474344.8387836625957863
"IRN",2001,332.422265982355809112,88669.626563884275319
"IRQ",2001,16.02663641701605888,4724.323618696883351
"ISR",2001,145.96523805449435299,35374.502950914363623
"ITA",2001,9870.964425160989171560,2693421.1982502447239225
"JAM",2001,1246.24152332716018160,653287.179135951846969
"JEY",2001,7.39267774111545184,2795.298669526984238
"JOR",2001,0.52202803109049483,128.814873142180796
"JPN",2001,23977.467445686327535543,9175922.325070449870062
"KAZ",2001,4534.702741323655408731,1110684.9776499414695007
"KEN",2001,19027.36486058322135801,9209321.247198254062081
"KGZ",2001,589.16802347509341229,142166.527902436310225
"KHM",2001,28491.21508871435274277,15152029.11794420526268975
"KNA",2001,45.46259560028862920,19996.002111237374273
"KOR",2001,5504.162505330814323565,1418080.38535427041467177
"LAO",2001,36460.46615890681381190,20426375.196317945805944
"LBN",2001,299.34061433848416364,79704.995186790609297
"LBR",2001,29185.51738705362491034,14154569.227590096075849
"LBY",2001,17.15270151697374296,3118.687649042241665
"LCA",2001,31.08046320850476837,16017.800875672725795
"LIE",2001,3.371316860805121635,1791.956448787403149
"LKA",2001,3759.66320227436383338,1585556.951928410396651
"LSO",2001,1.14005213082573800,385.82640161377144
"LTU",2001,7961.644146706060316018,2080095.822496268936994
"LUX",2001,68.609691967322050691,31007.505629440077671
"LVA",2001,24907.664372988691572404,6241089.642564674335552
"MAF",2001,2.12365598472005216,670.933486167329314
"MAR",2001,1868.28860588490672244,496584.860213135357733
"MDA",2001,146.68806072638889471,37740.928106959019160
"MDG",2001,86956.83269885364645009,46847012.215910214241626
"MDV",2001,4.74348726237535252,377.413438192305763
"MEX",2001,158266.73427295037760856,55560850.1100979763338344
"MKD",2001,2059.979440967679001773,615964.061499654196690
"MLI",2001,347.87068810634835841,172465.828919198504597
"MLT",2001,1.25191253759982637,302.599881891012616
"MMR",2001,44804.16511689680703196,25433123.85703418797410584
"MNE",2001,858.606413459140721226,337957.587846555842767
"MNG",2001,21056.671996221647603351,4767274.0376878265974664
"MOZ",2001,60941.27305098604191971,20950332.5632802322663725
"MRT",2001,31.8384353674478924,8702.58529062834076
"MSR",2001,7.07855530550021698,3152.397188143506506
"MTQ",2001,192.96524826149414561,96171.654934622908917
"MUS",2001,156.58138352473961596,95639.222750793912875
"MWI",2001,2492.34944536445000977,992138.184640395324074
"MYS",2001,332805.95814527574507459,135375473.186595244909946
"MYT",2001,31.30269366676486900,16832.011214182047436
"NAM",2001,417.80611973038045074,97244.661872420904837
"NCL",2001,697.92109943515189940,272625.185768798221791
"NER",2001,0.1501956647981771,25.598531300873628
"NGA",2001,43386.41817660067213937,15355530.897879021559047
"NIC",2001,44088.63091302254223494,21289115.197226320519031
"NLD",2001,736.421623385082477020,268455.298235882472033
"NOR",2001,22445.901391821820963608,4563522.9262181601517935
"NPL",2001,1523.19475188062447495,920630.717662177685684
"NZL",2001,50528.236804498179210659,21220169.511241696271397
"PAK",2001,191.30222953989367308,63704.0160743496633485
"PAN",2001,18267.61205457626005726,9901806.194818995247207
"PER",2001,86007.33957555149010159,54754332.405411259242374
"PHL",2001,35165.04252702288049273,20858350.770453216233303
"PLW",2001,52.11206111851318422,36894.428298371918698
"PNG",2001,36004.98263294593278071,26192466.133294541696142
"POL",2001,19066.052381695927634825,5505835.841618838953514
"PRI",2001,1252.36223113046443384,568043.937258439886010
"PRK",2001,11944.804957318763451170,2788664.452196763566522
"PRT",2001,24404.852393009404925762,6229012.285301543768697
"PRY",2001,150236.62182716872812146,37646068.5223907528053050
"PSE",2001,2.21930227762912326,534.4577020252187785
"REU",2001,28.61721413183485154,17280.708648347893714
"ROU",2001,17535.314027061543825753,6781207.477266139518732
"RUS",2001,1826603.242144335657527756,295854302.8725857206670851
"RWA",2001,1516.76632078318514137,606574.797958446808250
"SDN",2001,26.94295315939507081,8520.38092947837300
"SEN",2001,70.59427484556966346,41148.105852274130693
"SGP",2001,43.45389467109232233,13768.256442626936467
"SLB",2001,2187.11682464162689925,1619074.526824471695553
"SLE",2001,18596.42529867069303617,7805747.597793016849588
"SLV",2001,9499.76529483787730436,3752797.631051555749627
"SOM",2001,339.30394592145466220,81975.097900827575834
"SRB",2001,2379.528888874480949477,943332.151705394130643
"SSD",2001,4906.11076185367933272,1414281.604725316069121
"STP",2001,77.22190501909938454,46646.229056311376241
"SUR",2001,3689.02359554527351552,2745538.574597594517109
"SVK",2001,3897.394704737242518097,1547851.950217762794040
"SVN",2001,612.214694559700572519,266410.716205343580002
"SWE",2001,144927.304233660031394525,27726804.7499492934142298
"SWZ",2001,6734.92290076692089390,3776455.9920265507833135
"SXM",2001,1.31828367657335080,1200.77268063343582
"SYC",2001,0.37957476803710942,120.380840764634289
"SYR",2001,267.42419135212888905,66080.837694388898292
"TCA",2001,7.72720304957899689,1629.886660254680799
"TCD",2001,883.62647992843098483,390374.031891788550659
"TGO",2001,2763.32843545779333091,781888.100589400677367
"THA",2001,36092.89513093551784397,19798881.426781385511602
"TJK",2001,61.537727846608077036,16323.152475254437742
"TKM",2001,46.21279328986979174,12421.978504090074589
"TLS",2001,677.50223115826123280,418597.370430907896037
"TTO",2001,1829.09603509259067261,903462.028628430872150
"TUN",2001,230.732618810976586193,61695.780743674299442
"TUR",2001,22909.880246044438137423,5357836.594445846264743
"TWN",2001,1159.06811633786251635,612571.488354071754686
"TZA",2001,82214.12863071359720144,30646510.0404881917497287
"UGA",2001,29658.71674342616247318,11891156.530761921306331
"UKR",2001,28826.431367752452014367,8968217.4021943755484555
"UMI",2001,2.1197106802083333,0.0
"URY",2001,7661.66095620077910575,1781885.1568307581728772
"USA",2001,1943318.242688976627835455,623954326.4870626294088744
"UZB",2001,294.820902006369352073,76238.9686722811637395
"VCT",2001,6.89654577944444569,3567.594207484550118
"VEN",2001,123901.09048600933741883,50124310.339679766114055
"VGB",2001,4.09250116765733573,1676.235356349913546
"VIR",2001,122.51337074738815065,48566.105500903751132
"VNM",2001,47456.83041272666423025,24357236.446381875764789
"VUT",2001,124.33329790796277431,69669.552829480923471
"XAD",2001,3.29797852437934039,799.090569661512114
"XKO",2001,1122.033397676568916442,450545.031772018942186
"Z01",2001,98.92095867461480205,39358.355438889056489
"Z06",2001,26.46816554567816973,9864.825521227925830
"Z07",2001,5470.18832295268881911,3237675.338418826453973
"ZAF",2001,77644.69022530361853382,37430202.655985950941064
"ZMB",2001,30104.09587743749536914,12605403.824184954193526
"ZNC",2001,35.32316643330293584,9894.844705339503236
"ZWE",2001,8190.98114681152738940,3146535.487940879458927
"ABW",2002,0.5261077315597873,300.83756132778376
"AFG",2002,178.94785522345272679,41867.3089044128492435
"AGO",2002,61008.43202940040747656,21198547.255066006539916
"AIA",2002,0.14632965079969618,38.85664790264303
"ALA",2002,277.81987705597882737,55965.440692703881417
"ALB",2002,889.155544474874430423,346121.462897733590764
"AND",2002,1.255022223528645911,528.877922960474865
"ARG",2002,104934.517608034204506954,25314789.406472728690435
"ARM",2002,172.538591177831972715,53515.9547988705819196
"ATG",2002,17.65604165254339689,5688.1481199925590536
"AUS",2002,312150.308209942480850977,37720918.0238267918650946
"AUT",2002,10905.984165587882890822,4515673.983310895766065
"AZE",2002,1154.205942866086843990,321388.183809843195867
"BDI",2002,986.78251762835856725,327803.215169459243689
"BEL",2002,2348.39110611018006561,1102210.092548054896184
"BEN",2002,3478.73762300486379303,990115.129571998856859
"BES",2002,2.10645745747395853,570.824899235025008
"BFA",2002,4.30291089982964416,166165.1272420259225410
"BGD",2002,3995.35891988404150883,2143048.062059813070793
"BGR",2002,4638.738812430286317830,1285475.301260946952956
"BHS",2002,700.97613652112866849,187356.7811819876382849
"BIH",2002,692.658855824299005968,274703.5686264432742445
"BLR",2002,25383.559976185188962119,6929416.923948200503074
"BLZ",2002,13473.06174578324437505,6230720.386527811935841
"BMU",2002,0.71795940192491326,322.550874115696355
"BOL",2002,178693.57610422597554932,79935014.844365120680099
"BRA",2002,3506873.01602254326163345,1660122187.404576866475718
"BRB",2002,11.39198156073676371,3607.537990609060522
"BRN",2002,1088.69224568185958863,736653.852725468220746
"BTN",2002,224.00317761510744603,128997.882178700388888
"BWA",2002,22.78899862536132961,4066.662036200876426
"CAF",2002,34417.79778298497836182,16555409.896547288493729
"CAN",2002,2316886.552452158079936632,836756841.8260554852423639
"CHE",2002,881.409213747272172796,413633.075479546792908
"CHL",2002,78143.276352377073780984,22509619.9884780898632216
"CHN",2002,249183.967735221177499361,98858284.421627356471004
"CIV",2002,144564.92480059472068715,58137770.387324995063739
"CMR",2002,28767.18069134824631048,15616790.218072052026509
"COD",2002,514458.73672240180181999,297675725.125979060744790
"COG",2002,24310.21906858241646002,13340616.736153943420486
"COL",2002,182233.12796928237968261,100687419.5352413497553869
"COM",2002,41.20393423427083055,24365.586950868484528
"CPV",2002,45.6680061946419138,0.0
"CRI",2002,13300.29901258789693087,6563792.973253220392564
"CUB",2002,15035.91933749417220947,3534015.4132027517844904
"CUW",2002,1.27928368844021281,308.863402569481839
"CYM",2002,5.59824441707465332,1782.0412103047510775
"CYP",2002,31.74324402105903102,7179.167274636226966
"CZE",2002,6763.280570311162921145,2740285.012972846148083
"DEU",2002,15304.486541208714743237,6546976.754851919732807
"DMA",2002,11.87470803990722827,7112.592732840206310
"DNK",2002,1204.489939025275664786,297347.902924381345789
"DOM",2002,10435.61614517618563641,4093909.0727671087670565
"DZA",2002,3009.335846230208030574,632397.9281197209751860
"ECU",2002,29846.27808535986917771,18566855.481705173024093
"EGY",2002,48.81325058289388273,17240.208279138444652
"ERI",2002,0.0,309.46234938578700
"ESP",2002,37699.261422545331418978,10951145.2131382191180814
"EST",2002,21918.388767461725024569,4977201.810178944715802
"ETH",2002,13074.08740897558228422,5739125.588203454500541
"FIN",2002,142432.364573577254900392,26938724.8895667984377235
"FJI",2002,703.20993914144433537,346944.633612608333864
"FRA",2002,33888.397171838394769928,13062525.630540363944323
"GAB",2002,13851.76974131585570299,8239558.711113619965382
"GBR",2002,20106.364761562396875600,7698999.67592186134298675
"GEO",2002,536.442198025097706094,195562.957609922079975
"GGY",2002,0.10069523498697917,17.6937734740693
"GHA",2002,78392.85893232760900533,34297472.972323811628679
"GIB",2002,0.24965882069444445,35.57297478297912
"GIN",2002,28933.47428987142863449,11954979.974516610870700
"GLP",2002,50.88541895781249987,20786.043650136813622
"GMB",2002,40.15764073967285352,22698.445997040516532
"GNB",2002,6073.87273100878124064,2007053.255299251970009
"GNQ",2002,2986.26437412696101999,1959805.622807501716794
"GRC",2002,5126.524653618284787895,1189891.825032904435752
"GRD",2002,65.83774686305176571,36533.024393714882310
"GTM",2002,55609.14508814620085862,25209929.834977576549084
"GUF",2002,2496.70374892999945254,1931054.058875828334752
"GUY",2002,4827.31866890628511841,3127092.788569349272855
"HND",2002,31527.79006872279890243,14339763.020862912916020
"HRV",2002,2340.179492176202159216,811584.127937833815789
"HTI",2002,2120.38050483965724668,763749.321360421941921
"HUN",2002,7708.347570971363532696,2694340.733681591774242
"IDN",2002,855270.48866870990035316,650458057.217386380877110
"IMN",2002,27.32971959845052150,7823.576140452205043
"IND",2002,47839.02297704834295428,26415946.837756477565384
"IRL",2002,5299.586329348008900970,2298609.307358068304733
"IRN",2002,557.752371047715979629,145854.179843445290770
"IRQ",2002,10.62006031496093775,2385.642131391372482
"ISR",2002,111.73067850196833805,28614.905385169234206
"ITA",2002,10931.653390504447965102,3064345.800921515132792
"JAM",2002,1647.57063707971369297,813653.1238774985552486
"JEY",2002,1.62074778797743062,523.149066599746226
"JOR",2002,0.19610755832899306,54.127859486725556
"JPN",2002,26153.796198472199549064,10232377.368668239849497
"KAZ",2002,2952.306623724252490275,740846.449280985765939
"KEN",2002,20286.98773877975707661,10284009.940145854934248
"KGZ",2002,305.457479793374595259,70163.912419084613858
"KHM",2002,54915.92919633277004956,28755310.0773133512765665
"KNA",2002,19.79075057674370720,8148.251985077440315
"KOR",2002,4705.385305904739898234,1230414.619832342828852
"LAO",2002,55886.58141542908448258,30663020.555482694616756
"LBN",2002,81.20045903564672033,22081.958640401739974
"LBR",2002,56984.57687261654085447,28685390.182239301477216
"LBY",2002,40.24566353440212315,6126.589776843243630
"LCA",2002,10.91096809322157187,6048.345078659134648
"LKA",2002,3427.60385658978103363,1393438.540803046189340
"LSO",2002,2.68713956362955750,940.307075566683828
"LTU",2002,10344.883385071851409807,2726944.9684312451431784
"LUX",2002,90.506884505473099541,44720.161926016033163
"LVA",2002,29175.905733575500189496,7466189.6193232088459152
"MAF",2002,5.41884667416449779,2026.84518042086409
"MAR",2002,3923.51782711421090698,1062083.613064111328832
"MDA",2002,229.74432666125869434,63697.826508907984146
"MDG",2002,89317.51426964303237494,47154138.783002371999309
"MDV",2002,4.58815494648383325,134.78887649720096
"MEX",2002,158811.85199266049310707,55933978.5285742206635660
"MKD",2002,890.356809806174092715,284014.075560835909177
"MLI",2002,175.29044283416834458,71023.322233804764246
"MLT",2002,1.75296139854383685,410.79299614239428
"MMR",2002,66119.46105026889552211,36938957.761612920929849
"MNE",2002,179.620771214984815566,79339.659686070118189
"MNG",2002,18727.920245902964279009,4867395.983699116123793
"MOZ",2002,106663.26138290502303180,35433699.782966253641888
"MSR",2002,1.62272987035156255,855.257876483681056
"MTQ",2002,48.86224870985731086,24916.664842223340771
"MUS",2002,154.42996053033415758,90609.958802765117044
"MWI",2002,4196.64625658478991453,1737449.057971955110470
"MYS",2002,312841.13962771174893027,147476169.842363646424644
"MYT",2002,20.86919036274685990,11625.590418360469465
"NAM",2002,109.54892024017693823,24994.304918566470849
"NCL",2002,626.86805878957352482,228429.272768065584408
"NER",2002,0.67641644358452689,124.759058974534743
"NGA",2002,32346.71006395439280986,12184636.683850796962879
"NIC",2002,54178.24920372010778207,28376290.470056142473027
"NLD",2002,824.630183518849474619,292073.460518977148787
"NOR",2002,26635.753194630518764560,5665452.1235816453684455
"NPL",2002,2128.64330964951932897,1264107.360282804296463
"NZL",2002,63227.683281546249580444,28276905.443368232219118
"PAK",2002,311.29604853362315761,109611.403791619977857
"PAN",2002,19206.52740210876408763,10034810.694170474923275
"PER",2002,80455.86554671102410104,50848593.648985299881079
"PHL",2002,32308.66643307565072591,19425028.400178866143895
"PLW",2002,75.22447915896023932,56155.528275957606153
"PNG",2002,54575.27412834335908835,39505886.612751680137773
"POL",2002,31070.238984884320058273,9286078.589733824317677
"PRI",2002,1168.09577750731973714,528653.155883983324199
"PRK",2002,5358.283502488588108226,1419114.337824950201362
"PRT",2002,34902.988574368436015314,8795090.8958734636116077
"PRY",2002,195118.50116784390605738,51681261.4572481215646618
"PSE",2002,1.83028711454861127,330.648533912494437
"REU",2002,502.66837523481309184,254174.194246672143661
"ROU",2002,16356.498683667527343334,6647716.483503803020323
"RUS",2002,2700383.934458843356999442,364667377.3963551925242553
"RWA",2002,941.49241296595851770,328254.351207607544382
"SDN",2002,76.1003558173296492,20118.771334591042518
"SEN",2002,164.43055442048612412,100135.8621430769008563
"SGP",2002,123.51699899680189620,47284.585401397511102
"SLB",2002,3866.18279265136146683,2902279.439903823346672
"SLE",2002,15310.24197184748885131,5947209.3122240480361443
"SLV",2002,4666.43491231070684952,1904065.1176802985719353
"SMR",2002,0.11147912894097222,20.828663041455599
"SOM",2002,250.89133041983285575,55319.177492032224959
"SPM",2002,0.21171312576822915,6.430989987950834
"SRB",2002,1134.989088455742019410,447625.377352342664268
"SSD",2002,8148.60304152566612218,2110118.886830749435264
"SUR",2002,3717.47756239416689652,2735816.380689519580675
"SVK",2002,4014.550029749098059874,1741232.4955381195975485
"SVN",2002,725.264124621920662141,322232.440963551056844
"SWE",2002,178264.039767779708859237,34549924.4445115013959027
"SWZ",2002,3800.49042070104779625,2297705.838516810873330
"SXM",2002,0.43942772264865454,125.69612621728231
"SYC",2002,0.22777533419704864,63.89734245849325
"SYR",2002,147.99919407007158258,40740.769432605661163
"TCA",2002,4.65202651746853231,1029.771368123503586
"TCD",2002,1958.32356351673547583,617827.194619276500762
"TGO",2002,2018.33853598860350750,565823.833725699981954
"THA",2002,60879.86595077564438404,33521149.6963506695336809
"TJK",2002,36.331629110212674729,10839.575588589461845
"TKM",2002,105.17874006195093943,29718.084004550555790
"TLS",2002,1604.59889774524477008,960963.139925878896956
"TTO",2002,726.07700934265807264,345422.706975571470463
"TUN",2002,243.933648230442823966,61479.381891882070185
"TUR",2002,25722.221416793761331615,6042061.685441617388277
"TWN",2002,1004.57402174450832260,533387.144619884780577
"TZA",2002,85080.21703020487436339,29629558.371668476174404
"UGA",2002,10840.46637427210353024,3798733.496742199603727
"UKR",2002,27076.875430991314981916,8165376.043243911255160
"UMI",2002,6.50553305832682293,0.0
"URY",2002,6897.83794748084822276,1759282.295407096355170
"USA",2002,2038414.532883459820245830,661396065.6482547601951851
"UZB",2002,265.231718812022557650,64573.206169013874970
"VCT",2002,7.94599894893229200,4149.945728682299598
"VEN",2002,90339.96308585837484239,35379353.090869670710775
"VGB",2002,2.99644155633463520,1261.729927554388193
"VIR",2002,20.90283313310438406,9213.837253655767985
"VNM",2002,49624.49224125944625647,25514874.146712900790989
"VUT",2002,108.23964961372885476,59843.006130539902831
"XAD",2002,1.0144044534505210,287.2368380456333
"XKO",2002,214.73483599361982093,86287.929386111072030
"Z01",2002,400.41461654274200232,214138.631054081011108
"Z06",2002,13.71570388173611144,4735.526104070768476
"Z07",2002,4766.11992430263404264,2829200.806489582399697
"ZAF",2002,47680.20955906115587669,23614043.094530285187113
"ZMB",2002,46274.91325214806500799,17245085.203778953741454
"ZNC",2002,6.68169483337673600,1392.16375512076895
"ZWE",2002,8009.99124837558084951,2883468.530536659293442
"ABW",2003,0.977057600014106,571.8563798449964
"AFG",2003,244.336255176793659319,46914.810485300802085
"AGO",2003,52464.03279596434859490,17312345.979952599994565
"AIA",2003,1.09774508499131948,236.73959360457343
"ALA",2003,220.73626502371754362,44787.409250298356101
"ALB",2003,613.533964996035199976,188646.074594214123659
"AND",2003,0.34206364212673615,130.293920261882324
"ARG",2003,249106.757404841800057424,48922039.0761920250242195
"ARM",2003,395.81669491829466848,132155.738191289385611
"ATG",2003,17.07802261139322807,5811.3504595052561205
"AUS",2003,373847.155878131049124574,60933158.7929062763577903
"AUT",2003,14484.862447633140842107,5831431.291806852913422
"AZE",2003,1039.283001195279770191,333510.565728263047739
"BDI",2003,1325.18331831434468244,521078.327777151990535
"BEL",2003,1889.777512645866090052,908497.113163985968428
"BEN",2003,3474.55807784114473218,1014151.535307734361807
"BES",2003,16.15018967327256610,0.0
"BFA",2003,2.03824348379611579,799.6795787739560085
"BGD",2003,2159.45715834259573704,1158872.888856303163492
"BGR",2003,5198.715557749339832763,1709804.971774045722017
"BHS",2003,274.23087625082038417,64711.3535205932744485
"BIH",2003,307.811411682658439505,119455.115893120780345
"BLR",2003,32119.521780487729801070,9230367.621324636525008
"BLZ",2003,6839.42423714692932902,3133647.202567526249399
"BMU",2003,0.13057024276475695,60.509485467913217
"BOL",2003,163718.22798822609428634,79181607.368201269571661
"BRA",2003,3248392.07290686626743657,1519057212.0659191878019997
"BRB",2003,2.99784938684027812,987.791166751179973
"BRN",2003,799.10006522067295669,532992.270557269509060
"BTN",2003,543.60076728639221164,283558.0718979199082695
"BWA",2003,8.57255134383897590,1656.175629469040429
"CAF",2003,13726.56116013147162790,7223081.090093101484504
"CAN",2003,1607282.618729836540169038,554929478.2528359982556649
"CHE",2003,432.012422003569954996,200095.724542863638090
"CHL",2003,82878.562366516121287722,26210130.9311542121515740
"CHN",2003,261775.609701791730392735,92605740.763889223885577
"CIV",2003,86300.20885333204476984,34710684.171720394890405
"CMR",2003,25344.84635711857068867,14183819.382640659475210
"COD",2003,274611.87055822564652706,151587275.536787717365972
"COG",2003,18514.38118638193625763,10258981.749062154398504
"COL",2003,122398.57094798498757199,62409958.538082005803279
"COM",2003,26.65331394628417959,13780.839997045383827
"CPV",2003,17.8504448286501723,0.0
"CRI",2003,8278.50174230359105836,4387094.0885873510499175
"CUB",2003,6556.68391545646787086,2255951.1726883860123112
"CUW",2003,0.82795770790310332,207.3048179052825
"CYM",2003,6.32479760370334334,1836.113711548473177
"CYP",2003,25.22916781330078355,5666.866581773016958
"CZE",2003,3925.485528841813280147,1659947.408240793229716
"DEU",2003,6448.046300521502427029,2970227.889639007337056
"DMA",2003,27.23870243605957226,15860.612797681061448
"DNK",2003,1579.71326027225489390,394610.6029135140868935
"DOM",2003,10714.07471680149257039,4515566.462967392127083
"DZA",2003,3829.638557244038072720,869145.312805546669457
"ECU",2003,13867.49781278511261051,8528561.4318336886571255
"EGY",2003,61.01187804402235706,26451.485093569087984
"ESP",2003,23315.393730807607259954,7039619.397395025167052
"EST",2003,5632.684331845861328070,1374998.035049895893400
"ETH",2003,13936.04122350381023917,6821454.357656770522940
"FIN",2003,89696.581783157092003637,16674372.0429828276301395
"FJI",2003,1572.23590400383158363,770283.021929778534380
"FRA",2003,26393.389438086324486961,10050043.933258700418309
"GAB",2003,16845.22030958791655385,10313477.691399558189128
"GBR",2003,1866.568606261593379661,619314.910303132996023
"GEO",2003,292.002685029047311211,112613.028636016949790
"GHA",2003,24944.42875089592888376,10557500.283819980811626
"GIN",2003,9229.45800857302607636,3855071.691664179959636
"GLP",2003,76.87749933859485353,32449.729494530305134
"GMB",2003,10.56543664551432149,3533.892348675537884
"GNB",2003,1021.87736427069881088,352010.059607887772262
"GNQ",2003,1961.34131360041539689,1243912.918943311479689
"GRC",2003,2562.476905143277001188,622104.212965984080947
"GRD",2003,71.34625369097059821,40105.994984280050791
"GTM",2003,98213.26744779378467890,39349386.4104416644124240
"GUF",2003,1889.08160142950078989,1414821.895481104473992
"GUY",2003,7418.60685877315464835,3882399.856615962995904
"HND",2003,33625.29614891887136705,15228672.211329729486913
"HRV",2003,1738.926458785017180855,630377.037933045909134
"HTI",2003,1070.16207484906360698,414962.222396155922146
"HUN",2003,5726.446565435650067005,2064021.629567483623791
"IDN",2003,544811.90713992432424939,444613984.9473666718085243
"IMN",2003,3.63459606608507012,1045.34987680292772
"IND",2003,43831.02180092082593382,24417449.131569248714765
"IRL",2003,2271.277651344685213407,992965.438572459130299
"IRN",2003,326.675020603674586975,83622.768470412599657
"IRQ",2003,19.61672494825737893,10094.73673698954467484
"ISR",2003,30.17165819324761856,7562.394188235910342
"ITA",2003,3613.145740222022257941,950416.0334666230980024
"JAM",2003,1029.27403435287876291,490745.7534879409304845
"JOR",2003,0.06525960308485244,6.175404035145484
"JPN",2003,19747.240016531707774570,7832354.195695218095304
"KAZ",2003,3351.858900717890206065,658653.928957072250717
"KEN",2003,13553.19540551761569903,6386235.550996121850746
"KGZ",2003,110.789560377517369951,20485.9316192787050325
"KHM",2003,56854.59217973516428898,29125666.7017131172172610
"KNA",2003,32.14738441949110606,14394.750983328159929
"KOR",2003,3611.882783682034096521,1028570.5090424036948404
"LAO",2003,87073.09140650644242130,47680540.881912777254288
"LBN",2003,83.57542339330729928,19489.160548032038406
"LBR",2003,21604.88991745192583424,10957418.457870607863763
"LBY",2003,25.26571736984050030,4836.821075764819517
"LCA",2003,19.42668620268934564,9997.617305334908975
"LKA",2003,3149.41842534644197809,1318098.400309104904460
"LSO",2003,2.48469258370768238,781.076316606657937
"LTU",2003,8916.009263466788245011,2419450.058555537110056
"LUX",2003,103.41997074495876321,49665.474461278638576
"LVA",2003,21321.415898292567525324,5733432.263829526193020
"MAF",2003,3.29543647141059111,1307.56115307034046
"MAR",2003,2042.52645978526049394,540163.883494523698252
"MDA",2003,100.59934625922526169,27627.312868268786183
"MDG",2003,84248.03231413760198447,41966526.428161422294392
"MDV",2003,2.14270827407497844,33.09228795597424
"MEX",2003,152535.49233469764970071,52692112.157377901202102
"MKD",2003,895.228094261315085143,307483.837495608607011
"MLI",2003,34.24351147250977512,12851.867150245585635
"MMR",2003,77224.38730506043106446,43507738.307000996851590
"MNE",2003,203.685967919225375830,59466.039627825168067
"MNG",2003,38433.934333561642069686,13180080.4451049150944463
"MOZ",2003,79651.49307486114598550,27288069.313161658849956
"MRT",2003,1.25626629856987858,193.68510588928481
"MSR",2003,2.28605831336805579,1122.938214097680897
"MTQ",2003,288.54406587053710873,151420.768257896608140
"MUS",2003,119.63026211289932330,62829.654036290909719
"MWI",2003,7094.36954069344352615,2888330.290830955100617
"MYS",2003,184057.69093511441859621,110397982.472280962146524
"MYT",2003,30.92584943197754320,16479.295305749799383
"NAM",2003,210.88764829074873838,56706.74485002118776314
"NCL",2003,883.91586075743411284,314739.175320838149082
"NER",2003,0.22459616474609376,34.607468750106525
"NGA",2003,13380.62898904750375967,4784889.047507782693228
"NIC",2003,46944.04762357058330933,23629899.617165742381874
"NLD",2003,309.854263387107221412,118989.557818213363756
"NOR",2003,14817.391839596246312382,3182153.6409794763756339
"NPL",2003,2291.93747575791140174,1361031.667182773413408
"NZL",2003,44798.824848380897133692,20385520.391323391167586
"PAK",2003,591.44081138983305971,229632.218955154854878
"PAN",2003,11285.49143147986144166,6024899.0316879008266765
"PER",2003,73869.26967972167047723,47091682.272488551099333
"PHL",2003,35153.83452572595553073,21053006.4972142164920775
"PLW",2003,17.62527664777560868,12477.204119191881578
"PNG",2003,31805.23199050501299782,24184205.193368472635036
"POL",2003,33292.804228916221068970,9848056.313635504151261
"PRI",2003,1194.08945417794060055,577153.993334036027323
"PRK",2003,7348.267562663932771885,2064284.9413547560109273
"PRT",2003,26840.157598314525277950,6134843.405715998496872
"PRY",2003,267306.42971636112650240,73007344.4425166165523155
"PSE",2003,1.43876353319010407,332.81644781537795
"REU",2003,142.62759707507923074,71196.280718571972655
"ROU",2003,9427.546338034313063424,3769822.253981913660320
"RUS",2003,3030069.229928868971826351,389032979.8428599584849917
"RWA",2003,1060.92756756182627610,436201.389481991190621
"SDN",2003,18.66824163755696562,6109.043569732060093
"SEN",2003,37.78890444953396880,14734.3882461653928305
"SGP",2003,18.84275867847141094,6564.01185414769617
"SLB",2003,2374.67860621589980957,1734584.757018679963606
"SLE",2003,9098.94683084000813610,3847177.883540495362158
"SLV",2003,5983.62575967476391159,2406287.963010379864199
"SMR",2003,0.05577909176432293,15.135583694257585
"SOM",2003,105.37201533406644147,25928.905526970636661
"SRB",2003,864.886500829320886355,360660.0203470603127958
"SSD",2003,2063.17828631615643082,616262.3357018826982915
"SUR",2003,4545.75069299348017335,3045631.585507020199638
"SVK",2003,3750.103925607554462775,1579745.3906293809230363
"SVN",2003,527.551355245128153616,223138.638931935332931
"SWE",2003,92619.377352179114110355,18872214.7621272237837305
"SWZ",2003,5760.28528153999891602,3433596.2602350606590265
"SXM",2003,2.12410459013780425,555.108184060608072
"SYR",2003,114.80634171494899071,29917.129114354795997
"TCA",2003,10.37610118301106781,1997.802570164574537
"TCD",2003,193.54137608940618206,58433.788091946877508
"TGO",2003,2048.25645519347090042,635988.288726474811990
"THA",2003,58435.71847370449854637,31982643.6335500622146028
"TJK",2003,31.86869306458550292,9243.915684621373488
"TKM",2003,84.862766652465299996,16910.730585776466143
"TLS",2003,690.81556603583180652,432233.946632992654814
"TTO",2003,726.43680910495992486,355503.654965888547231
"TUN",2003,1539.643407149521440566,419139.733063331741301
"TUR",2003,17743.880097976011694519,4262796.096570337665093
"TWN",2003,1125.20616817923546117,597822.238300801835250
"TZA",2003,84066.91856921523615417,28233112.990761366127137
"UGA",2003,11980.24955050090642701,5178856.423611170490218
"UKR",2003,38954.577445724868261580,11920193.2307278287477833
"URY",2003,10612.64045281499849465,2960662.7140961026454334
"USA",2003,1649364.209734934503584582,546868753.1838620243787465
"UZB",2003,52.798895953203127158,14313.168242306759245
"VCT",2003,9.66858791794325079,5007.472363861737431
"VEN",2003,87218.15206900888262878,36245045.2277108650900425
"VGB",2003,1.82742183970703128,697.339825519199940
"VIR",2003,39.95442693873916181,16461.125583059985028
"VNM",2003,43005.45381515729197864,22556071.781399279356297
"VUT",2003,529.26296175094639559,274627.860461534562115
"XKO",2003,261.324177210844189331,106021.264613431758788
"Z01",2003,162.07714866078451641,68699.121748621624463
"Z06",2003,50.25695362065104924,17403.629718510983282
"Z07",2003,3757.46834200649566619,2174618.253630333879873
"ZAF",2003,92572.82073032789299859,50169102.079867096327356
"ZMB",2003,42088.07907987452562820,16539690.515942354876292
"ZNC",2003,4.91694811104600737,1001.5386060567805525
"ZWE",2003,7313.45651539909993096,3036659.621590849531229
"AFG",2004,201.32240441854406371,34824.475045084678415
"AGO",2004,71271.36851484049237079,22208063.017082285948591
"AIA",2004,8.8539959050716162,2124.37913667473495
"ALA",2004,735.849796017156926735,155502.688770538909386
"ALB",2004,3235.536668238700039667,1406451.531908441472144
"AND",2004,22.589374486534293214,8048.399029950144763
"ARG",2004,433424.569688663083647727,86603220.7490743131853275
"ARM",2004,83.204743948118487969,25840.277216266557070
"ATG",2004,25.46325974643989472,8921.155498987954710
"AUS",2004,124768.685050783414408229,37580041.3296498567516974
"AUT",2004,14611.620225543010478334,6368054.692816983065183
"AZE",2004,584.955793002261288664,158909.7273703164600976
"BDI",2004,613.87883329125829049,214028.671078516136350
"BEL",2004,4793.291359390773374660,2305543.933934186682708
"BEN",2004,683.53154966034261202,184976.966377798443443
"BES",2004,0.29739555234049480,82.801761845282844
"BFA",2004,8.60509096366915973,36080.932715808403410
"BGD",2004,4282.46781558067983334,2228897.801584773435057
"BGR",2004,8170.409849341970429607,2759812.447941548286715
"BHS",2004,588.09937146376975556,133857.925678734057014
"BIH",2004,4121.820011069990678478,1659208.329734297575693
"BLM",2004,0.14659799170247395,34.21884794952102
"BLR",2004,38596.876745077673916786,11518830.363682878444256
"BLZ",2004,4339.21360150759673768,1928067.392506883023561
"BMU",2004,0.6527592358713108,272.7956183494592
"BOL",2004,203307.18494229764188807,88773778.615882391436217
"BRA",2004,3848491.81038399258302318,1920471583.299694531411246
"BRB",2004,8.31953771088650167,3095.250615058492287
"BRN",2004,1197.05952202992787246,804273.212454423235547
"BTN",2004,1013.24650194164068710,612236.388623020569492
"BWA",2004,50.65776500739367133,9578.256747905047566
"CAF",2004,14588.82070519406602808,7635914.028577290098532
"CAN",2004,2706458.956937926332838069,907564618.3477230516298431
"CHE",2004,3826.131476450598862357,1751357.285383359562103
"CHL",2004,85726.959941793414676067,28264357.877419014345072
"CHN",2004,501582.076121421670357662,191733778.8630214387573445
"CIV",2004,48053.39455194923509427,19316773.235531817125461
"CMR",2004,23003.22134741863855010,12513993.372748678238840
"COD",2004,400044.66960143476236877,232836381.948513253413409
"COG",2004,13832.85005990511644555,7155601.381383414935384
"COL",2004,253864.88345438185351337,137023803.203013186201290
"COM",2004,40.38383804611110387,22871.727217962364322
"CPV",2004,1.1902631808875869,0.0
"CRI",2004,9766.34809088634126488,4688395.208490764284959
"CUB",2004,21973.72747325723356748,6676762.9760346546439267
"CUW",2004,0.60184054842936200,136.632920501699407
"CYM",2004,47.10307623731118358,19393.177464083882743
"CYP",2004,87.55564101154948896,21704.889336875998295
"CZE",2004,13459.83922070786574858,5599297.727020081951815
"DEU",2004,44939.478862777678014351,20503125.237170154978466
"DMA",2004,79.35513134401910619,44042.405471936118641
"DNK",2004,2413.856171689826317846,639943.579538144404560
"DOM",2004,19387.79504104770832376,8244802.804569445430540
"DZA",2004,4373.724271650889706526,963737.091101481000797
"ECU",2004,37283.94024536111072065,21120913.057281234052296
"EGY",2004,101.44923952648654861,26910.231559444893908
"ESP",2004,67273.049655810151734647,19425016.633137470992088
"EST",2004,18106.142196089523936289,4301929.4888030379737407
"ETH",2004,13396.26215763041996078,6210552.161460101398116
"FIN",2004,146602.418750860657694184,28819426.7407033505998831
"FJI",2004,2079.96043643985264996,1056247.877868572995641
"FRA",2004,76134.344561797700474674,30952915.839998924448711
"GAB",2004,9981.65561437633023368,5949559.652005427375827
"GBR",2004,24840.373316301756862910,9768365.3899681329767863
"GEO",2004,1967.005608581501698912,813642.901071705749394
"GGY",2004,0.20152369750434030,49.909793844706264
"GHA",2004,17628.11192587150490770,7990165.011921232727332
"GIN",2004,17158.32610136446479881,6512754.066398180597668
"GLP",2004,191.17001250953017220,82751.159837914178648
"GMB",2004,63.08472250284560150,19143.147028699578034
"GNB",2004,3539.17763132335397831,1220438.172410588101398
"GNQ",2004,421.43077213091160210,247029.184000123140948
"GRC",2004,6814.343413586740222060,1839384.929279784620653
"GRD",2004,631.01757415380103179,393686.221979171913907
"GTM",2004,56439.82243683087094743,25512218.6406674623121627
"GUF",2004,4805.02546736713562691,3628798.080837049515160
"GUY",2004,4062.36700951541527155,2526368.523750096777515
"HND",2004,26456.33081459040410041,12297862.3533467586391575
"HRV",2004,6727.072080135186426516,2416138.058675270057186
"HTI",2004,2382.72800984643634660,913421.0792159335385912
"HUN",2004,12002.265872415201652845,4410986.359816202169322
"IDN",2004,1289034.68261266895422942,1011614959.049030701554088
"IMN",2004,17.15783364062066300,5504.018068305227699
"IND",2004,66411.42945507392002049,36307218.844110265819170
"IRL",2004,6870.354383431948444769,3136710.961630675033497
"IRN",2004,276.00282583013890646,66885.905839663760345
"IRQ",2004,4.42148586324001793,1187.9389210606201817
"ISR",2004,67.69178197021702549,16007.702299975814874
"ITA",2004,17222.311801251202903583,4799240.487302129055439
"JAM",2004,3901.15252471132984830,2004284.897979706943808
"JEY",2004,2.32897350947916662,880.68301016565769
"JOR",2004,2.28514883858289901,352.034679554685506
"JPN",2004,37312.093034372073142036,15162577.112323002242171
"KAZ",2004,5513.101850281935727982,1126011.435027768418072
"KEN",2004,16988.09753064433998866,7797256.5610613141364295
"KGZ",2004,192.268986024403246625,45052.877467216891018
"KHM",2004,79294.66674479267305488,42853180.654992015121775
"KNA",2004,25.07633940264214719,11210.811948559985318
"KOR",2004,11407.604214698583897300,3225624.935224574273896
"LAO",2004,64239.68412912303818596,35447663.606879786975079
"LBN",2004,109.27987655292317483,27242.414316725174268
"LBR",2004,6233.55971935357023176,3188940.554995870160714
"LBY",2004,10.26316375643554777,1841.036916177979087
"LCA",2004,40.20301619328559248,20153.718379180831830
"LIE",2004,9.378241668927954780,5186.751360615841553
"LKA",2004,5599.44768419248301895,2091518.637386666464906
"LSO",2004,4.37754876348741359,1349.174762858053279
"LTU",2004,13100.967028296588683616,3647435.2034807784530503
"LUX",2004,311.491342377159296387,152829.671698006837439
"LVA",2004,30638.989111358660550484,8148347.5757273510017843
"MAF",2004,1.61106971834743938,646.848338786484774
"MAR",2004,1440.57772089746921096,327340.083839693345235
"MDA",2004,263.984087096829451384,72015.6998246547473634
"MDG",2004,81845.32605959781319751,43540053.258368930587467
"MDV",2004,2.37201047339450424,217.910283294486395
"MEX",2004,169830.49454763819881362,60332375.7836473051412735
"MKD",2004,2200.741584506901311335,825096.663488671409727
"MLI",2004,153.31263434446448567,60256.3630081350538453
"MLT",2004,2.50405027898654544,654.44948810496784
"MMR",2004,102186.12143876609457728,57454703.206663924417890
"MNE",2004,915.328613744053827016,386378.112545988415755
"MNG",2004,53302.873764793401909801,16876773.60393219382555663
"MOZ",2004,107730.25704826088490982,35143508.709531067213503
"MRT",2004,0.07370740676432293,13.245157788208434
"MSR",2004,7.67008281874674496,4066.855230369121714
"MTQ",2004,166.99436810842502438,86402.914853937416918
"MUS",2004,328.82777610669382253,176284.252516496467418
"MWI",2004,5724.29369384933014830,2235060.091328632795689
"MYS",2004,352003.95424480372218070,203800666.137269234498139
"MYT",2004,5.10481380873643688,2330.853272581745235
"NAM",2004,62.05068826781359227,16839.956170024151274
"NCL",2004,1510.20299319131019271,513380.735774459407537
"NER",2004,0.07517734828125,14.598751390500569
"NGA",2004,14644.02433666113660023,5568473.927821623053765
"NIC",2004,21061.80626952069844355,10607189.378006306446579
"NLD",2004,1297.264449335685752595,458516.381447121815528
"NOR",2004,33741.922128365992317010,7362743.7965583421443762
"NPL",2004,2479.58915154517791040,1349401.9904930680400436
"NZL",2004,60681.056748685896265820,29096050.874086478825842
"OMN",2004,0.0,0.582380212084202
"PAK",2004,1087.50035779248050412,321899.014455928892528
"PAN",2004,16851.60669823956996319,9190080.243177959346711
"PER",2004,101309.45296160512627616,64713310.494469500909820
"PHL",2004,48579.05944213332557983,29993950.367546715451200
"PLW",2004,29.82970905005751088,21295.104806911416060
"PNG",2004,58329.89043439082782322,42709140.316041034686957
"POL",2004,41873.838401002507384160,12788156.637108564560551
"PRI",2004,1323.68433150932718954,640666.375985640450272
"PRK",2004,11356.537801329564923727,2978953.686523850919644
"PRT",2004,55315.25910516520328208,14283499.7405906575862055
"PRY",2004,247336.61800555922507953,73160231.835037031073585
"PSE",2004,1.18041810698242199,308.869227260833391
"ROU",2004,18858.899451307929740805,7778720.843820593547616
"RUS",2004,3521018.207375452049598705,578601162.6429047064499523
"RWA",2004,1121.68713196352505394,455216.808512139261049
"SDN",2004,13.20682805003743598,3688.034349026900557
"SEN",2004,128.04695928375271606,45276.830687763076157
"SGP",2004,34.99393023676297054,13228.319653045219600
"SLB",2004,3543.10423852660450336,2633523.499323668484004
"SLE",2004,4019.83949066265923704,1775800.519000747554055
"SLV",2004,4554.63690865345381896,1953282.334676295215948
"SMR",2004,0.61328708104817711,130.652963351609273
"SOM",2004,215.01119136065540355,46288.084821075685298
"SRB",2004,2637.748746493927592030,1111808.312595208859791
"SSD",2004,10442.58296564003869620,2818225.108627546136924
"SUR",2004,5423.31178605477239333,3840579.767460796834066
"SVK",2004,4624.503632770312853904,2054772.683940784584226
"SVN",2004,1266.679268954913014125,583250.895991461961982
"SWE",2004,271564.101999554898668708,55965432.5163799653538968
"SWZ",2004,5364.05902878545510057,3293577.704678512932325
"SXM",2004,1.0985717890668404,352.4078800232141
"SYR",2004,107.02234533451928096,28004.403589223052926
"TCA",2004,10.44454822252387316,2198.1606490587475846
"TCD",2004,456.72861271738845528,132102.877450360005906
"TGO",2004,2753.41548311940525626,841073.250829210642582
"THA",2004,91799.73014194703842320,50498163.837018355637225
"TJK",2004,20.127205358172744726,5369.619240952371062
"TKM",2004,28.849719600527344826,8016.105785428018341
"TLS",2004,2061.83470096891870306,1212639.052460981455544
"TTO",2004,734.05042363262384550,378621.493652871956330
"TUN",2004,318.814027632862461075,96396.887600659092175
"TUR",2004,28977.874040400102569250,7483778.578813626780778
"TWN",2004,1858.34382744339816310,1018630.086383819895794
"TZA",2004,66892.20696527587967977,22045676.932310858067247
"UGA",2004,18076.83667561749656712,7524436.219228123968767
"UKR",2004,49492.999865450679366444,15963246.4492679424848455
"URY",2004,15125.01482495641745542,4584596.054135722509924
"USA",2004,2746244.206751269641578896,849856806.8251846284476883
"UZB",2004,48.656391473352867632,13044.57851998954937496
"VCT",2004,21.28327654510579618,12190.778139814458285
"VEN",2004,90926.43700186548616520,37598262.840185420212426
"VGB",2004,2.63095638653320338,1038.931676304178710
"VIR",2004,33.27492402979927180,14810.09482743688610
"VNM",2004,73881.78407794693725212,40238990.374085978258445
"VUT",2004,377.56046244941786539,200981.336915886052160
"XAD",2004,3.1787064700781249,990.81888433316142
"XKO",2004,572.551360294439955795,253090.750156750275616
"Z01",2004,889.57455198720392885,398958.646292077130488
"Z06",2004,80.55585904301867006,28044.842303806794690
"Z07",2004,6828.82421499251994671,4053129.088327189993745
"ZAF",2004,72601.94385215332833471,39070347.698885084029226
"ZMB",2004,28472.39479493686819958,10167208.529067994884181
"ZNC",2004,30.90484760853298768,8373.645225819132309
"ZWE",2004,8417.50735154033370759,3385406.753549764118788
"AFG",2005,236.02155796449650414,40031.875126760839105
"AGO",2005,93437.36738828536511395,28322960.256820007152589
"AIA",2005,3.65866292281358547,895.046868722208809
"ALA",2005,698.89290970208752452,152286.287697821702340
"ALB",2005,693.390449484220859387,285940.464066011686254
"AND",2005,2.22483621266927103,844.001652891596167
"ARG",2005,367246.416560702274507527,79979636.1892287979472125
"ARM",2005,104.014577636627596099,31023.4634916479844705
"ATG",2005,61.16559981567820520,23900.183661750259396
"AUS",2005,177024.184269609622770751,41002674.4278412670466934
"AUT",2005,21667.75858743415727809,10054350.405208720704645
"AZE",2005,246.265258757643237344,68326.841480387277420
"BDI",2005,985.37967189159460766,361728.708148712446102
"BEL",2005,3027.934669253574342715,1471913.525549519559148
"BEN",2005,1582.25785626357792645,511979.978159073804203
"BES",2005,1.10661115455783425,64.111119957512326
"BFA",2005,16.37886750171006886,25749.4064352470282055
"BGD",2005,3292.96154368169886783,1843831.746387355905675
"BGR",2005,6566.710561226889985846,2408440.820558776001015
"BHS",2005,1450.09057364045638098,288599.1492987604907808
"BIH",2005,573.615629401621185040,262691.544048765724555
"BLM",2005,0.07329884462565105,16.30894930959462
"BLR",2005,36192.581892169172929775,11123477.0847836250282186
"BLZ",2005,8115.32973294260117909,3729313.236468402758598
"BMU",2005,0.32633910135416666,124.10233006107129
"BOL",2005,250866.23736746762681754,113838763.146777908448804
"BRA",2005,3486212.81617745206999956,1841061910.308993949653878
"BRB",2005,9.51826779826605852,2887.357877122813675
"BRN",2005,1278.31859942212817667,840426.013635992319537
"BTN",2005,770.00223061394860739,468013.344627590954511
"BWA",2005,49.09584396513563392,8995.805672704375404
"CAF",2005,29316.73079026126583474,13325709.841346494241373
"CAN",2005,2920790.129684669400203367,957527170.9171153488258103
"CHE",2005,2320.171838940388914649,1198909.081153613619897
"CHL",2005,106916.127227986936976741,36295806.0918849801957165
"CHN",2005,383608.168213060558116732,162736218.8733494055864433
"CIV",2005,65334.59637272552702425,25330481.095487882322762
"CMR",2005,25159.08245925614866405,14045709.600439667696433
"COD",2005,485235.80378112734461059,288116515.924285256007114
"COG",2005,18853.30079613169074360,10344226.127187838577579
"COL",2005,188691.41832470516582261,102540767.469417263334939
"COM",2005,86.55857498991156461,46963.189553234121308
"CPV",2005,10.95860819499783088,0.0
"CRI",2005,16534.85333190451971438,8076628.445027893699371
"CUB",2005,12833.60324180965573453,4338996.7702216220920267
"CUW",2005,0.67728920202907993,177.849921619866293
"CYM",2005,9.16049788890733507,2778.8693913054801825
"CYP",2005,34.65057255669270790,8415.0418804687419543
"CZE",2005,25557.847694127172134530,11151653.819739107488577
"DEU",2005,39739.017989477901810246,18120020.983863927081166
"DMA",2005,52.32315261485459873,29722.612315359175827
"DNK",2005,9048.804002809059488765,2510900.747594436161411
"DOM",2005,25088.10505583239240104,8667865.772791505537133
"DZA",2005,4468.762928500317214402,922608.134241690217394
"ECU",2005,40401.95856038379560065,23864235.180612734954054
"EGY",2005,52.58505339294596332,19308.5337557392919495
"ERI",2005,0.0,41.98028947876111
"ESP",2005,48955.111958559176066906,13787905.878511230470984
"EST",2005,14818.131526552330464058,3663244.6883867234904915
"ETH",2005,15868.63340623085587408,6921104.479504218246998
"FIN",2005,230333.476081502672921330,46537291.4697647587483258
"FJI",2005,1665.63731883583389082,861545.697198723554247
"FRA",2005,46390.591051004037425418,19463854.199843413608275
"GAB",2005,17699.01808255172979267,10881083.748146982609262
"GBR",2005,8872.969075444057772516,3911670.7591985817354258
"GEO",2005,548.999496438092549795,196604.920928071782851
"GHA",2005,41339.40558898759313761,18702980.722618245492716
"GIN",2005,14580.93563187724797310,5504355.269411527432200
"GLP",2005,223.08018623563301575,92484.082774567278227
"GMB",2005,5.54473931643771767,3176.508919494643946
"GNB",2005,3928.18624821686484444,1379282.159524341579485
"GNQ",2005,1608.47471368742883232,1006525.348355980832941
"GRC",2005,4181.872109170970174965,1002980.163830182545041
"GRD",2005,47.48766736398600067,27810.500003182699349
"GTM",2005,100813.78993650190407838,44156220.204247524024611
"GUF",2005,2840.65331182095858564,2128762.320539673873772
"GUY",2005,5832.07749860294178855,3702546.666774348007801
"HND",2005,40471.51510864458642927,19397076.190878223106145
"HRV",2005,2747.170450851227850331,1153329.662754521125232
"HTI",2005,2033.38694667952085109,844511.792044221032968
"HUN",2005,10403.464945882517296898,3825220.982684566591532
"IDN",2005,1182435.72161951597335169,976236939.866465823712268
"IMN",2005,21.38698134503906365,6708.725683210391216
"IND",2005,56418.57623372950124470,31331975.422368966778201
"IRL",2005,8093.028844976997956154,3707514.033534325996117
"IRN",2005,173.021953405102017749,44957.698447156422460
"IRQ",2005,4.55640528943684919,1252.856480860206206
"ISR",2005,137.28609790351346222,32650.127909643133053
"ITA",2005,10892.544767539670346831,3153377.123492900715885
"JAM",2005,7597.85675632122960356,4046034.848187203661281
"JOR",2005,0.06540410015082466,18.20600012645037
"JPN",2005,36385.433630247348584144,15070463.696539033612238
"KAZ",2005,3166.542801209501105756,869609.135258894729141
"KEN",2005,12745.35593490329720906,5573437.460702850917860
"KGZ",2005,82.05093487972439483,19714.987475708691460
"KHM",2005,64684.40475270538169190,35584717.697199627782967
"KNA",2005,18.90325367899956690,8921.244962568687107
"KOR",2005,8923.938947543371352570,2533399.255536384171997
"LAO",2005,68319.58231828732006564,38849277.644926634512402
"LBN",2005,300.13519423633137174,79543.800131524344093
"LBR",2005,11323.80671307376340630,5664942.018999349633098
"LBY",2005,21.82575351426649435,3779.281721270884705
"LCA",2005,53.96006044737359014,27494.167646049290384
"LIE",2005,5.532249857905816236,2736.768702917637847
"LKA",2005,4682.45897491829373850,2098055.384479254819923
"LSO",2005,2.01343706509440122,634.328919666525422
"LTU",2005,20384.588953155358108473,5742381.965018176208755
"LUX",2005,67.949173435904954054,33899.885840401401926
"LVA",2005,40712.385631826148860283,11188903.381368307068319
"MAF",2005,4.90654401604383802,1712.860410838741485
"MAR",2005,1526.38000858616721885,344903.9896077147398076
"MDA",2005,109.723494417256946557,31532.296540872631459
"MDG",2005,93628.14995910396428900,46369818.468410452301483
"MDV",2005,3.59741944297153073,196.33975005085851
"MEX",2005,206862.13931464164758924,75308515.4659409298899503
"MKD",2005,1306.966575984431203527,482725.817130410134242
"MLI",2005,83.21800502107910455,30148.456629389383664
"MLT",2005,0.37524490157986115,77.383573048968983
"MMR",2005,91847.19784816595924745,52628914.944373451726090
"MNE",2005,172.400288801914079216,82657.173666749330109
"MNG",2005,7466.476509434021244354,1225199.1875032613347827
"MOZ",2005,150570.87480905191608611,51958476.089258657083436
"MRT",2005,0.07390090466145834,12.743072996280228
"MSR",2005,24.34238822501844196,13708.98835464129726
"MTQ",2005,204.77384899907717080,102253.243443356674350
"MUS",2005,174.21122237043394899,93099.548377519545945
"MWI",2005,9457.64941642111465936,3421757.984686014239287
"MYS",2005,375758.39194248193850125,231772948.500914032195452
"MYT",2005,34.30775128749295298,17354.593636656847490
"NAM",2005,64.54467084838325429,12512.329695977045709
"NCL",2005,1471.68691331051010352,503094.874339566621836
"NGA",2005,13279.89910020496912946,5218037.361591820445877
"NIC",2005,95135.77066461443528109,49893722.598247955112920
"NLD",2005,1472.038061728947602584,553782.279099002567849
"NOR",2005,24918.837518618705581963,5551038.8744155364658152
"NPL",2005,2758.31949392483625149,1633126.359341768127893
"NZL",2005,52519.423491361705378871,25651688.466170944181248
"PAK",2005,910.78262611641260914,223821.516344721403606
"PAN",2005,12395.56199626431653999,6920410.285380719596391
"PER",2005,162995.55264516584371678,102807762.891665831749446
"PHL",2005,49781.13340031220327603,30152950.789742573645340
"PLW",2005,43.40984524104166695,30154.690448955466924
"PNG",2005,39021.13955065648520163,28423204.714834912483375
"POL",2005,82377.938003648623958432,27121014.822317079768022
"PRI",2005,1288.00731450757706467,624610.117544671853795
"PRK",2005,16524.984012425429879926,4185362.977118098956801
"PRT",2005,38934.48376025244118425,10051919.6537515555919271
"PRY",2005,262612.24354895958063704,65282844.677318016248523
"PSE",2005,0.45677334553385423,97.279180288109644
"REU",2005,225.32395660242083540,128299.47937246369049
"ROU",2005,19418.426647372470396586,8426830.750314671857721
"RUS",2005,1589993.934627929375287349,332244298.2764508481188426
"RWA",2005,821.92294115491972307,362650.669503661762704
"SDN",2005,100.18787363854598495,28022.85378080259193
"SEN",2005,71.58203072296548761,54319.313297817754512
"SGP",2005,82.29476475483916695,31150.647128379828149
"SLB",2005,6549.42591057491839474,4858591.365431910584357
"SLE",2005,6872.40483847337135871,2989188.779059216475845
"SLV",2005,5880.24715443387450692,2523752.434044554639188
"SMR",2005,0.167247595987413216,39.570687782003653
"SOM",2005,271.91123886689920484,54090.976791677350549
"SRB",2005,1550.573727834001836330,661271.136264121466726
"SSD",2005,10566.19773341384926084,2768894.315367613308101
"SUR",2005,3512.22100493830366280,2395676.409044421249582
"SVK",2005,27673.853740170524810631,11789519.938088659659952
"SVN",2005,1942.011694858748115730,924659.459106771821089
"SWE",2005,248560.071019634133637598,54443423.0043171256172825
"SWZ",2005,4535.23365045024343208,2946518.650921445215505
"SXM",2005,3.58881176202257025,1010.178544274652089
"SYC",2005,0.15184408935763890,41.657342366167665
"SYR",2005,791.80762994302653478,175565.176717942947521
"TCA",2005,22.25030443208441828,4473.744972903996380
"TCD",2005,472.37270292629450605,137148.133865556501988
"TGO",2005,2050.68677637391398165,674075.563451421688591
"THA",2005,84259.43746807706665244,48086487.0617925568914825
"TJK",2005,28.53926538835503583,8522.674709855915340
"TKM",2005,30.532779796599394224,7837.070602017957215
"TLS",2005,1311.30811823755602586,781668.178798601298296
"TTO",2005,1228.86395565452166481,620130.815994251888551
"TUN",2005,633.034917324398877263,182000.755917542863063
"TUR",2005,20410.602625431139871530,5211615.175817998109241
"TWN",2005,1522.31502026354070336,826776.453407954498948
"TZA",2005,91583.71975418245096286,30563259.064535113762844
"UGA",2005,29172.15399061129254590,12484704.346955809901437
"UKR",2005,36558.262601306337680169,12394458.3519828342921815
"UMI",2005,84.49769212801653423,0.0
"URY",2005,15946.06277458583652465,5170479.730949764506458
"USA",2005,2691531.481751428775759633,826881048.1407088817600886
"UZB",2005,21.185750156738281846,5885.584549173804579
"VCT",2005,16.63506363130154230,8937.352824721442969
"VEN",2005,94954.38852750609090635,39417461.963426972494653
"VGB",2005,3.72742207857421924,1549.193145361698139
"VIR",2005,20.30460963418945333,7792.205567144376948
"VNM",2005,102213.08510199527157007,56552539.189909520259982
"VUT",2005,254.48326712356449960,126876.920182742764067
"XAD",2005,0.38087874954861115,94.833175514406961
"XKO",2005,313.543447496074123195,136694.076764107981556
"Z01",2005,168.31438410075303400,83308.144430943849788
"Z06",2005,37.33542657613498459,13070.747847615367056
"Z07",2005,5917.84924861559330713,3523038.747375327171064
"ZAF",2005,104652.48350595618201351,63696836.6035210874806426
"ZMB",2005,57545.28847104835394855,20503135.143995344471183
"ZNC",2005,7.30848802876736166,2026.523219591953092
"ZWE",2005,11747.60399496692678984,4450230.689932913496047
"ABW",2006,0.22548696056423613,44.168715085078815
"AFG",2006,152.08453592102868585,23624.978568092085482
"AGO",2006,76936.01227672386866939,23287619.182711493199900
"AIA",2006,1.31715659843315956,319.427602282187485
"ALA",2006,100.144561593235648614,21968.377059061260930
"ALB",2006,962.296923004299020027,437944.482279077093962
"AND",2006,6.624548271184895955,3016.197462443048541
"ARG",2006,316414.022716084067620468,73361108.217372258619663
"ARM",2006,129.749066650566428776,41117.605157366754310
"ATG",2006,61.15211599682728091,20458.1390996418853517
"AUS",2006,186304.313618208786808530,46113534.14343149308989857
"AUT",2006,12573.879919471199106016,6092238.431111258300520
"AZE",2006,525.201462694247040591,149819.290335900647428
"BDI",2006,343.49077830457951029,122520.140196081234732
"BEL",2006,6916.035133848669794604,3474790.617862645447613
"BEN",2006,1794.42274033521213515,514719.811605676780150
"BES",2006,6.90050228868164118,86.442361304177173
"BFA",2006,4.60596127904188375,6383.8218015529563774
"BGD",2006,6862.82368113310545558,3735610.890841692684798
"BGR",2006,5171.123840832892299297,1859252.7573588488472625
"BHS",2006,1015.77394436093734806,225124.638864309038935
"BIH",2006,535.968834797191917244,245622.612959415473425
"BLR",2006,42269.355755064846596286,13178251.8649780890083525
"BLZ",2006,4281.22685250578927496,1982364.845665291009719
"BMU",2006,0.06530198176757812,32.70239666441939
"BOL",2006,216345.80960913088063643,97877691.606838012953306
"BRA",2006,2876675.08162327987204523,1474471432.6284602937578685
"BRB",2006,4.12233459845865959,1287.93154402446289
"BRN",2006,1013.43765184186123600,677846.280218141533234
"BTN",2006,622.87288308417103871,362427.544848898099523
"BWA",2006,40.10784403647895133,7781.619014677781269
"CAF",2006,57883.22092814145909324,22994229.385451824870788
"CAN",2006,2406190.157021755587325254,835708972.1149106057820171
"CHE",2006,2048.797901012851917550,1051515.306359940830061
"CHL",2006,91927.750623428611958859,32790335.846766938232359
"CHN",2006,575281.578304733490587868,232168298.6031984869060816
"CIV",2006,97775.13565443367404052,41582247.843983777821919
"CMR",2006,35986.11750377078043700,19518920.613599961825335
"COD",2006,453200.62049448095229851,274600774.701219657025122
"COG",2006,22154.09150988932640977,12786241.552251959310982
"COL",2006,189897.90756312455181683,101703041.712089499590267
"COM",2006,12.96365992973578653,7823.332413836161765
"CPV",2006,12.04849426700303768,0.0
"CRI",2006,10058.43686792473549649,5368421.570008822102924
"CUB",2006,12305.08782211815041489,4248469.4459198506440195
"CUW",2006,3.46068136353244356,1114.887491043069314
"CYM",2006,17.95942012771701762,6014.276458106092486
"CYP",2006,58.60322573993272689,14200.163588835741635
"CZE",2006,8616.856700238101724256,3805868.3379096170590295
"DEU",2006,42651.796634146297757493,20477278.251384802880513
"DMA",2006,25.38270162408202666,14230.729181736555806
"DNK",2006,5213.876550236693461526,1490805.580743244697576
"DOM",2006,13413.91557011987502215,5646551.375546690444323
"DZA",2006,5413.222162190584418842,1088187.480833719737956
"ECU",2006,35646.21232720898562301,21301162.962959288451232
"EGY",2006,38.12591038677083696,12535.564192782235625
"ESP",2006,72718.774859870977059165,22401211.992274901152199
"EST",2006,21731.759375666732693152,5496976.0167924269642496
"ETH",2006,12075.93886344313455426,5772433.616070604754110
"FIN",2006,182294.911558475093906132,36375458.6520065128618810
"FJI",2006,1874.41880590527628486,982081.676077598688145
"FRA",2006,55049.529617204816962844,24076215.738408031046410
"GAB",2006,19300.68468506897208085,10981139.192076792989809
"GBR",2006,21053.539863007955729842,8505326.6718540418000405
"GEO",2006,531.353052568368075762,190345.192120928775365
"GGY",2006,0.3025046286371528,70.5960052472476
"GHA",2006,27143.37859625956547408,12265923.079750625387067
"GIN",2006,15305.72412626629436342,6133775.458034816711040
"GLP",2006,62.26845623001790521,26598.418045587658425
"GMB",2006,6.29441537333767400,2031.712997315783515
"GNB",2006,2018.27363047654772648,717886.684355107601754
"GNQ",2006,1255.53864695602727677,781836.756338499312798
"GRC",2006,7346.146969316644682119,1545586.729893399344155
"GRD",2006,31.53202039361925354,18791.926994786079772
"GTM",2006,52520.63354107216702042,24479243.6684251193561055
"GUF",2006,2534.97068972514462706,1962265.953331091896560
"GUY",2006,5933.69368542904414857,3788739.092623528611657
"HND",2006,41630.56308865332585178,19729369.531390360271944
"HRV",2006,2204.14471290328763913,918674.865773852329571
"HTI",2006,1162.83978557028550830,489546.945165528169588
"HUN",2006,7990.480257655226880304,3007824.273131943491111
"IDN",2006,1433147.39408666136425945,1050082785.301596295749343
"IMN",2006,52.48895006561196176,16786.21162591540731
"IND",2006,61011.71233784402758045,33250796.616035308398340
"IRL",2006,5248.000798278994554543,2498117.361404914548870
"IRN",2006,140.788850764852429339,35320.170405189815731
"IRQ",2006,6.24004359792100780,1685.883280258092057
"ISR",2006,132.22768038062605470,21237.160798391811466
"ITA",2006,8901.385764015778107937,2579638.566459018034297
"JAM",2006,2797.68366767782054684,1474438.623673304927455
"JEY",2006,0.40537581166232639,68.533217297280299
"JOR",2006,0.78357914156467015,73.154729262768173
"JPN",2006,38974.648499558247853050,16336556.167777132928775
"KAZ",2006,3142.037633790603237143,742234.689805474245589
"KEN",2006,20656.13108488698289447,9944321.318262233673445
"KGZ",2006,110.52548798504557487,22598.5048019402520346
"KHM",2006,80560.29779630196428850,45463105.146098695612269
"KNA",2006,20.45444530144856359,9684.812175885565537
"KOR",2006,10149.265026010801675704,3079294.720266519812905
"LAO",2006,122639.86070015337970772,67961062.405224087425579
"LBN",2006,148.81790494817167031,39489.7494573676731105
"LBR",2006,36221.16657439136638198,18446104.306508284863079
"LBY",2006,16.30246551179795887,3927.960107009709695
"LCA",2006,98.11695233860843920,52782.467233299862825
"LIE",2006,10.597822658342014294,4964.588800945254952
"LKA",2006,7730.54973408952036799,3302121.515877730440179
"LSO",2006,2.42562026555989607,977.411496173351904
"LTU",2006,17449.683565302302661574,5100220.192155680883086
"LUX",2006,366.038805020188869429,186327.252790601891403
"LVA",2006,38893.546593491484011296,11011624.877387865767168
"MAF",2006,2.63631961086805658,897.014273093519424
"MAR",2006,2221.77691956246974312,543363.4648484677293535
"MDA",2006,173.201520998140206376,52472.528823625190335
"MDG",2006,71033.96436595270081372,30129305.704280935770207
"MDV",2006,3.90637808132500555,144.873056920830105
"MEX",2006,179069.86234706670886202,60713434.9605472353550251
"MKD",2006,2042.132596786784054328,814858.435600614123166
"MLI",2006,103.70893658620880215,36617.566103992159126
"MLT",2006,0.62588531298828134,161.50882301148184
"MMR",2006,127463.91298219551547664,70061945.652634811895727
"MNE",2006,175.546173954268681698,76052.835249454841381
"MNG",2006,13249.116107583906065497,4148091.9895353413385104
"MOZ",2006,172242.18860220305005472,61105035.1890269684064375
"MSR",2006,12.61260458222981888,6650.861575214837911
"MTQ",2006,91.17823278163627719,44480.177706338571681
"MUS",2006,142.48742232737740379,73626.854594328167205
"MWI",2006,5550.89159952572470940,2405410.459014378123192
"MYS",2006,334526.36762211360892246,212395615.918421780628857
"MYT",2006,41.58675273683323114,21983.332113709239974
"NAM",2006,17.48163489914822076,3946.233476984313466
"NCL",2006,2134.53256070192330152,635517.282490665492467
"NGA",2006,26167.55795023748228915,10279608.588899505495528
"NIC",2006,38865.33338487143858944,20882084.241568190923322
"NLD",2006,1482.444763974682638204,575692.123646197929263
"NOR",2006,40648.582806699356558431,9309657.91948371988899964
"NPL",2006,3255.01002893068943901,1881014.564714720408159
"NZL",2006,61671.661691168416264205,31526998.856257236174076
"PAK",2006,1261.46270873597079428,325357.012486018218660
"PAN",2006,34343.17076394140369756,18455876.519974409820946
"PER",2006,88903.37225671217337198,57495329.407443629134929
"PHL",2006,57428.23053394605434500,34735713.127154524361426
"PLW",2006,34.86713968914605292,26512.647644239662594
"PNG",2006,56388.02131165485918154,41870436.429374565374151
"POL",2006,37680.387082183546768663,12291175.603702332446000
"PRI",2006,1242.99838644744463919,619625.744587183773013
"PRK",2006,12578.180796400925260999,3756801.511132270094978
"PRT",2006,42566.662789591711427856,12447410.498296672406059
"PRY",2006,148254.84893566059013898,36402944.9675875840056705
"PSE",2006,0.72341552840820319,196.84411777189854
"REU",2006,628.96842887293001893,355358.62489341196108
"ROU",2006,13066.517945534885266368,5779993.057588992965219
"RUS",2006,2233421.040190382046440226,387095095.4636667916575955
"RWA",2006,745.53289974647503848,330269.326857151054940
"SDN",2006,4.15066451376302131,1384.15420907557931
"SEN",2006,41.24825584623969049,19043.466713217759079
"SGP",2006,56.06806504195131512,23779.624205655837766
"SLB",2006,5068.26650839653419147,3787447.2328261057712205
"SLE",2006,28525.92839565436573577,12703068.966011792392440
"SLV",2006,4604.38954494836939215,1927708.408201495044105
"SOM",2006,118.51669685402154535,25688.494675758069540
"SRB",2006,1891.440364297567036872,829916.729665811971685
"SSD",2006,8963.22134416304063166,2439464.999985235590081
"SUR",2006,3404.35021551391515555,2436834.322132369714424
"SVK",2006,8022.659824348379094199,3599415.818905321605752
"SVN",2006,1248.095435345002954030,596721.180920750031197
"SWE",2006,249126.035909422671329595,54308168.9338097408651052
"SWZ",2006,9431.19359251215432488,6060036.265100483880932
"SXM",2006,2.27071644573025204,586.56006803951627
"SYC",2006,0.15181821660373265,0.0
"SYR",2006,280.75155734028427283,57695.323316995652307
"TCA",2006,4.57794586605360208,1044.826666237278415
"TCD",2006,2981.89700906929902300,865587.139060993568440
"TGO",2006,1686.04668558799667943,535638.817922262960983
"THA",2006,99799.77934865632598758,55470524.637454721127993
"TJK",2006,19.433076637033419872,4977.197267829708924
"TKM",2006,13.629152826323786826,3757.5931782733370572
"TLS",2006,2928.94004943638718880,1742392.996170587533575
"TTO",2006,1755.82523587489426045,883706.074396153602892
"TUN",2006,353.797448972482615275,97520.751872108998758
"TUR",2006,25884.765420736268322652,6354999.517334862188474
"TWN",2006,2076.72250226347183695,1166176.385459445504335
"TZA",2006,85294.78054405472262028,27153384.707987290094158
"UGA",2006,28448.35168037240619706,11753461.501479714492345
"UKR",2006,42130.056621223311229818,14291340.865762275406569
"UMI",2006,0.07309477526367188,0.0
"URY",2006,21039.55504514361222038,7477881.267331738384514
"USA",2006,2605853.075375098721343734,859232305.5127856127614873
"UZB",2006,53.079675285360254141,13531.49872034307805977
"VCT",2006,10.49410676333821966,5905.067262982438910
"VEN",2006,85504.32672710107210066,35511677.464626259125705
"VGB",2006,2.77711908890733541,1246.619074804275700
"VIR",2006,73.80593740280057789,31390.094485024864614
"VNM",2006,78782.15638303355984583,45067234.034541373191062
"VUT",2006,219.12138676982419654,116535.714025201995519
"XAD",2006,4.19551466298611029,1223.582786745046623
"XKO",2006,519.987044479457281533,232735.518183049162812
"Z01",2006,519.47770250229839569,236931.946730480071417
"Z06",2006,83.85740092705730051,33820.93371321167916
"Z07",2006,5879.24539076959873880,3389030.389570559601493
"ZAF",2006,104943.81919914933875214,62202143.796036766799147
"ZMB",2006,40469.49961807166993768,14288199.395280297006655
"ZNC",2006,31.78774248882378191,8941.324762028382032
"ZWE",2006,14875.46938120294047118,7144011.073771337582800
"AFG",2007,252.841662036967284376,41126.404158686773519
"AGO",2007,145288.22409121500729512,49696375.340950677478945
"AIA",2007,8.63554887017035741,2053.49984016787008
"ALA",2007,247.90735156237838935,54327.057861156127529
"ALB",2007,5222.197640269957022637,1714340.187890709144670
"AND",2007,2.16905929217881971,1090.277819235359393
"ARG",2007,425335.867280391642378495,87302705.2909795395863319
"ARM",2007,54.536415663485253523,17390.147343672654595
"ATG",2007,37.15782874045682461,11986.851733411301439
"AUS",2007,372723.427915716240001658,78912633.4423741463640685
"AUT",2007,31682.394408638370278498,15515870.694611341406450
"AZE",2007,507.557225265028255759,146572.023900305855264
"BDI",2007,1861.76371292242157342,705992.358541761143089
"BEL",2007,5984.993208573220297429,3055594.874895041859543
"BEN",2007,4644.85870691415797768,1493035.835566850095937
"BES",2007,0.66091671439344621,121.642344186271637
"BFA",2007,2.86808460587185350,9169.394961953873692
"BGD",2007,3995.38170608212328476,2133215.318718816013069
"BGR",2007,9557.110024258354974789,3345478.124686039758124
"BHS",2007,604.80767160369428249,161799.563194407174454
"BIH",2007,2681.522458507567927576,830938.711633828516133
"BLR",2007,32656.703206479347932733,10321427.960803049298498
"BLZ",2007,12309.86907744027587751,5266044.206266874611343
"BOL",2007,189943.26089638342328168,89715003.789446336743539
"BRA",2007,2621699.45100046099695249,1276183496.607216226061810
"BRB",2007,31.62823710090658152,11521.119605281662915
"BRN",2007,1564.83281504783929215,980193.407369975640459
"BTN",2007,508.35788952371420487,297710.603537146209488
"BWA",2007,33.55963859119249447,7178.671328208368550
"CAF",2007,37308.15625985522984485,18499842.4580296453126856
"CAN",2007,2117899.418224432497794663,760931395.9819012298022696
"CHE",2007,1852.248015221751550903,950203.542698177190981
"CHL",2007,121642.384699871781689417,44467192.7288197523729705
"CHN",2007,653049.831540059755910186,302281799.180664683078277
"CIV",2007,90875.75714675845431214,38640128.953160743906045
"CMR",2007,45916.51184510484182385,25361995.136336051829949
"COD",2007,462776.03638964640602988,278129131.923062245446342
"COG",2007,29764.68775926631722497,16497089.255928651748875
"COL",2007,269028.66517822897890398,148442581.502793892118625
"COM",2007,77.72839324684082665,41860.107464654797993
"CPV",2007,1.18354236292426226,0.0
"CRI",2007,11464.46280983819712214,6100575.282168384179781
"CUB",2007,7873.76079835749136320,2531283.773231960453828
"CUW",2007,4.21289018005696538,1114.381800921456415
"CYM",2007,17.86412730716145674,5494.428734299334706
"CYP",2007,778.23927838075293719,134420.877328629676247
"CZE",2007,21324.551974388822512317,9849475.656076082087769
"DEU",2007,93220.690592442466628334,46929920.013421392541768
"DMA",2007,40.30000140911838644,23306.184356739587839
"DNK",2007,4381.407303646206625640,1292689.857413589624604
"DOM",2007,16059.49897309219558602,6894227.803754006628092
"DZA",2007,5199.636482684373592548,984627.635132600035860
"ECU",2007,60591.12153159197258554,35074065.003924669019504
"EGY",2007,78.27013988799045636,32578.818607996627918
"ESP",2007,60256.377765210741462237,22055226.454828959453985
"EST",2007,16188.672523832685294378,4290976.237393180962837
"ETH",2007,25608.57311327881342034,12926650.470697562407273
"FIN",2007,151914.877908359610654865,32168411.4523474830630358
"FJI",2007,2148.39321836769305131,1106375.830287581971435
"FRA",2007,49246.222930851230475324,22399420.803472945515897
"GAB",2007,16501.47574793806658439,9837300.152659785472479
"GBR",2007,31214.713323228097904025,12518284.971036677479406
"GEO",2007,992.446000077695351122,344325.297970626523361
"GHA",2007,40183.87922056412157879,18581192.234721498071898
"GIN",2007,33821.27135082501454792,14016579.504968500615251
"GLP",2007,158.30311890426701127,68185.943575230053322
"GMB",2007,49.60546797636610490,13797.49816168825252
"GNB",2007,6044.02762128895830724,2146292.624737891035027
"GNQ",2007,3141.60414535595344697,1848193.214163176149420
"GRC",2007,46064.152983471121232983,7309666.640944410612153
"GRD",2007,67.81289337326606054,39731.861172706316918
"GTM",2007,126476.15506897721967204,58868223.948249807960799
"GUF",2007,3328.10883444342372924,2521116.147775345947846
"GUY",2007,5249.63189160969267465,3402855.463045194150612
"HND",2007,42412.83073001497747714,20246295.124706841321778
"HRV",2007,3237.057781407135501970,1318936.998617667325606
"HTI",2007,2077.13860400319572805,856309.884822212004729
"HUN",2007,9360.749328910868489026,3549586.916315978753079
"IDN",2007,1387620.76708363263387621,1196562039.397964955586635
"IMN",2007,60.77676924526043857,18125.808942789233326
"IND",2007,67730.81495968731875824,36802464.398749589657181
"IRL",2007,11688.260499550483330395,5551181.187031639785980
"IRN",2007,131.059276322434903810,33906.5620295551386666
"IRQ",2007,10.328544856586371424,3774.642919063410796
"ISR",2007,47.96047012410916103,12422.628147605877123
"ITA",2007,11588.997407248030728225,3423418.748385920179318
"JAM",2007,1269.91525929929828939,668920.385326755816750
"JOR",2007,0.39192569674804691,51.456837363615577
"JPN",2007,45585.658028455057917746,19465433.950256204714028
"KAZ",2007,4605.437639402070596374,1069832.961761844533591
"KEN",2007,26103.03703849439973015,13117804.217494373675268
"KGZ",2007,107.371652485162754066,23396.398807047864071
"KHM",2007,77701.67995060871074372,43711056.277551726040159
"KNA",2007,12.28689484910264836,6144.210886610901642
"KOR",2007,8096.768223149310696689,2413804.260619885345855
"LAO",2007,132976.31182366882918734,74233014.881757892416288
"LBN",2007,272.96596107955278459,62987.924011846625244
"LBR",2007,44282.15872016474599285,23229657.900125142821765
"LBY",2007,4.29091529814561644,913.996888076275996
"LCA",2007,48.57569600165418637,26336.774661129648233
"LIE",2007,8.433932016634114796,4617.552813360566891
"LKA",2007,10241.89610896726619984,3873952.595531471074753
"LSO",2007,3.01869057673611117,1002.56093954625288
"LTU",2007,16036.704996491354236381,4869165.609130407782900
"LUX",2007,502.232574656069888026,264545.545220210735256
"LVA",2007,36128.752470417226156663,10491023.6719465612604615
"MAF",2007,2.70954501246744841,870.610658690187025
"MAR",2007,2513.07049537886873774,705357.869564450472358
"MDA",2007,236.26282216566625551,69063.411755503092476
"MDG",2007,188580.01678199260840997,94871126.000015455513780
"MDV",2007,6.19346760023498550,222.028648469332813
"MEX",2007,218643.14166568836692432,84313253.3230818289317976
"MKD",2007,3862.806465321808145644,1121419.355701528771733
"MLI",2007,125.08522385789603344,43750.434159054055740
"MLT",2007,0.81383764453125008,224.36812108528183
"MMR",2007,146598.38980402400842616,82659168.463987607241871
"MNE",2007,1051.538550426603541672,376429.747331345466578
"MNG",2007,48081.603562088450250026,6821387.2248180113154827
"MOZ",2007,138504.90419819694230986,47125304.436639660843029
"MSR",2007,10.47386602865342974,4360.884398926037921
"MTQ",2007,155.67514304319500821,81525.471257177356752
"MUS",2007,131.71048106381721099,69338.01356147918552
"MWI",2007,7493.24837273084681739,3126206.677665115931101
"MYS",2007,405691.79302861928368512,275991092.798090525430226
"MYT",2007,20.04483602257812622,10972.543319682209143
"NAM",2007,81.17665897174262556,15247.659667684890016
"NCL",2007,975.11347330660293513,367470.224163562290392
"NER",2007,0.07517093559895834,16.66103179148857
"NGA",2007,24572.68286832743620886,10141455.769475015692630
"NIC",2007,88477.77613624514925577,49488538.692039048298093
"NLD",2007,1646.044963282240136761,672734.058884751722940
"NOR",2007,31841.200331921673247393,7525514.0770940708382384
"NPL",2007,3465.50226913828312640,2021939.687264219610812
"NZL",2007,62643.220216929320134001,32507485.120106850385364
"PAK",2007,1083.75136026066740775,265669.376004291956483
"PAN",2007,20657.62106836027310204,11285511.484545467398181
"PER",2007,115718.08094816577554144,74093499.256926695312436
"PHL",2007,66497.03977655592552477,40339787.671298278488295
"PLW",2007,90.71366142321859503,64702.188590057710648
"PNG",2007,49160.77644587483848750,37134905.655398357863565
"POL",2007,57310.550569621385229480,19755012.108776358685415
"PRI",2007,1037.45105638170907461,509916.156103962854576
"PRK",2007,13288.329847306709726490,3849229.291421931430685
"PRT",2007,36321.995905753263165471,12146456.320994765071085
"PRY",2007,426191.28654552766590641,102654766.364592772342841
"PSE",2007,1.17988217136935767,330.908230925601746
"ROU",2007,38081.765453967394093659,16575944.080314714097950
"RUS",2007,2338922.831556216253401869,442637586.1967417065990746
"RWA",2007,1429.97672936732876183,644933.527545490380411
"SDN",2007,184.92078492592118177,51812.702951738265096
"SEN",2007,172.32132610701828606,70308.470338936334953
"SGP",2007,74.44906843084170042,27114.573307187204054
"SLB",2007,5665.38981761837745097,4230541.953153949622858
"SLE",2007,21878.47752794343124465,10195348.273277177954391
"SLV",2007,2984.30827740898895174,1328054.797182773493142
"SMR",2007,0.89221854386501741,219.303489730928246
"SOM",2007,270.58776249335277463,55439.905522211987141
"SPM",2007,0.21181738055555557,0.0
"SRB",2007,2254.056465011239151560,901880.189573508093397
"SSD",2007,9523.45637468164766567,2816681.510998421247214
"SUR",2007,3625.82797748385777217,2606364.405165555694075
"SVK",2007,9485.617115487998029336,4440743.807903979357171
"SVN",2007,2099.799618366796463552,1007606.234153816844764
"SWE",2007,182858.110481367299291603,41215319.1923062584508745
"SWZ",2007,6469.37108747375874583,4607165.449969792983555
"SXM",2007,5.42039527814453182,1466.713142922177482
"SYR",2007,1577.36214372185101555,294113.447376923324656
"TCA",2007,73.54047559605249984,16487.966576089395491
"TCD",2007,1001.07737120784434928,283507.933025284803279
"TGO",2007,3179.57811512973981947,1150503.036841309977618
"THA",2007,92616.93247653051621574,51732158.383167542693223
"TJK",2007,14.039993399717882329,3921.093575040845932
"TKM",2007,37.80768805042752112,10195.775686419315209
"TLS",2007,1556.12963303396720311,917590.307854837517018
"TTO",2007,1108.58661231665961227,598960.839262496613383
"TUN",2007,878.480331185896266123,234621.734420108604880
"TUR",2007,25344.020942960126694454,6562023.701772186616313
"TWN",2007,1729.67014367837325183,960650.384903469981821
"TZA",2007,121682.54982830884420000,40945789.380416194560259
"UGA",2007,36627.10872312990467976,17057171.519798873653258
"UKR",2007,64266.591846403694111423,24560379.445939076693684
"URY",2007,21548.92797963645772076,8279584.0330458423471995
"USA",2007,2435114.855212387720235249,863775157.1854612207528608
"UZB",2007,43.113891294149302071,11595.013822754908141
"VCT",2007,23.15694366338270525,13107.323328308538336
"VEN",2007,114340.29575607807115750,49315178.143490264917319
"VGB",2007,6.13866634203776056,2449.50252389434527
"VIR",2007,25.06351792785156276,10816.746401213372717
"VNM",2007,80229.67166916140926695,46520385.546481300131963
"VUT",2007,111.97315672256834783,62650.275990949534401
"XAD",2007,6.73541505858507039,1995.765604777928218
"XKO",2007,810.678035617991739825,278285.358747751547971
"Z01",2007,219.68537418853080072,98183.756473162625844
"Z06",2007,39.71174394994900210,14065.839923236333955
"Z07",2007,5955.88922718618287517,3482720.761812269098514
"ZAF",2007,47105.15703608391419526,26701007.020190669211641
"ZMB",2007,53768.39443020587628396,18623606.433128530450995
"ZNC",2007,25.35553169296875695,7006.74460501165706
"ZWE",2007,9295.69900365454599969,3699295.220155952487932
"AFG",2008,107.52274130641930998,19430.086138478968224
"AGO",2008,103556.85839188951503566,31862905.766515977140208
"AIA",2008,10.31748855364258078,2656.733110317136261
"ALA",2008,1291.947955334655825641,295265.806243868888982
"ALB",2008,5470.259323013983359391,1854547.771349515597198
"AND",2008,5.24786348720269188,2814.451626775216465
"ARG",2008,592718.756614779382061882,133706553.0126140031961928
"ARM",2008,113.031533139032104716,35668.915958080819958
"ATG",2008,45.69564378295571648,16229.598977112831882
"AUS",2008,205723.692267142998565502,50688872.3964429771967145
"AUT",2008,26909.617545723976746700,13418734.212198253372570
"AZE",2008,472.316924148984392510,135139.857223427664569
"BDI",2008,1999.44533270992305488,728595.791352894642427
"BEL",2008,7213.544718469386832197,3670196.659707165684162
"BEN",2008,481.55173986338454505,154384.465452527338418
"BES",2008,0.59092155711154517,48.751184143790726
"BFA",2008,4.75749902189019145,21091.504948625891288
"BGD",2008,4480.16081560459200343,2422798.813337143414977
"BGR",2008,6448.13476697712874226,2467587.756886841888520
"BHS",2008,1949.23576147202905432,502027.785554726776275
"BIH",2008,1551.788318214345140973,657117.153720880698917
"BLM",2008,0.1466102862543403,44.274983524248356
"BLR",2008,35896.529445455948856641,11616031.531160272652604
"BLZ",2008,8283.71293791667258550,3949163.841509420101465
"BMU",2008,0.19589676768120662,89.6455911932979
"BOL",2008,369893.78274179290255622,154027788.9493717483809696
"BRA",2008,2444092.62037510227149195,1244142096.853904588665934
"BRB",2008,13.71672659023274895,5205.922441829059925
"BRN",2008,1299.87383449551531115,927227.293050640546085
"BTN",2008,775.40216834939681557,442110.157737261342358
"BWA",2008,26.06325585573893181,5234.528640719080942
"CAF",2008,31859.90491326851576571,13821769.715947833512054
"CAN",2008,1949008.136721172070139029,708939745.0165073463775387
"CHE",2008,2416.675106429398867088,1234774.097550216748255
"CHL",2008,123084.551408252952058688,44314617.017953549141078
"CHN",2008,738091.894053394271054436,342366527.670424208356166
"CIV",2008,127583.00663839097403145,56914260.914291195282538
"CMR",2008,35140.90827723008975908,19749116.686222776701223
"COD",2008,404912.23805370515083316,240874335.044941836975378
"COG",2008,17375.02787250354111660,9211486.225793515494127
"COL",2008,231748.07901956603804159,129920624.227971855237880
"COM",2008,34.95359877595323391,19048.651055691455075
"CPV",2008,0.29629073655273442,0.0
"CRI",2008,21890.96048668951206379,11437386.778118015923890
"CUB",2008,17083.66458440173787320,6929329.659967319443752
"CUW",2008,5.4925180681391051,1500.98845176611868
"CYM",2008,32.34618677929360465,11176.333759152784110
"CYP",2008,94.79670437978517063,20255.420141116274318
"CZE",2008,16873.305426064702220186,7797035.261809162820330
"DEU",2008,61693.490978183894549835,31031791.334988252331203
"DMA",2008,93.37368369661078112,51751.877366402172573
"DNK",2008,6060.808106283102450036,1844309.591390762453714
"DOM",2008,21612.13359525884337426,9576812.981927892493290
"DZA",2008,7971.157749300108977919,1575863.491322318094468
"ECU",2008,51939.84543173310286432,32713487.425979045837174
"EGY",2008,81.46682983915691126,43890.094097503934585
"ESP",2008,44287.974162119928538926,17028000.386410562176751
"EST",2008,18296.634988720733687015,4943680.952848443962657
"ETH",2008,24008.62800586983126978,11090246.835054034874822
"FIN",2008,200191.999163051169063228,41941896.6932892003903601
"FJI",2008,2387.25711059957047384,1232832.446400051079499
"FRA",2008,86955.399925394942864783,41381937.863414237079931
"GAB",2008,17367.16598726378745686,10345995.657083092861149
"GBR",2008,12503.932985473374457435,5335233.106977967629125
"GEO",2008,745.617969513216980058,272339.388313311331769
"GGY",2008,0.50408935039062504,154.77719473888250
"GHA",2008,37826.67255468842050361,17487739.969296737192206
"GIN",2008,21481.21062405948878481,8512603.664348101961654
"GLP",2008,134.85936135622833340,58844.088228926497284
"GMB",2008,297.21283617773437348,79750.514589322517797
"GNB",2008,3248.51267963005131277,1200800.876929218898451
"GNQ",2008,4821.44523027301905579,3057312.872508484811369
"GRC",2008,21198.266762120277469114,4280839.678637262930377
"GRD",2008,64.18114656382975159,38072.721761322007475
"GTM",2008,77146.55774639720241035,37219977.788447208298253
"GUF",2008,5223.39538207912164786,3951060.069818974868257
"GUY",2008,9459.83784549611979347,6311478.158143873729423
"HND",2008,43299.34545581154832704,20618711.348497860099551
"HRV",2008,3890.690569055707322820,1589109.801447640138989
"HTI",2008,2191.69479805241851008,895133.005268782846259
"HUN",2008,8911.031050297149715959,3400382.592898029580563
"IDN",2008,1396246.29842617964836708,1053966406.5765018774604174
"IND",2008,78640.77739285862079138,42389493.5483924675644475
"IRL",2008,6924.228602798259399825,3352276.361975308975579
"IRN",2008,374.201338121289015414,95308.787716129780193
"IRQ",2008,17.80291335387803769,5239.218809259510766
"ISR",2008,65.05592308377386227,18284.149309964187277
"ITA",2008,15149.302496407093548744,4662003.125749664182171
"JAM",2008,2026.92094824551879207,1120997.1961270182405315
"JEY",2008,4.15206704295138904,1362.80830240375543
"JPN",2008,40838.810029265607274887,17511265.225400679296480
"KAZ",2008,4548.577746346254147383,984290.766308345697638
"KEN",2008,19223.97798268839492918,8814019.716064880662852
"KGZ",2008,106.68695432008246873,24202.153474403442024
"KHM",2008,83510.46442517998663096,50102215.808024301925016
"KNA",2008,22.80816580664930454,11193.332032670757816
"KOR",2008,14022.464842158625201610,4423748.675999564291035
"LAO",2008,80584.03222633800931320,44626685.269588577508452
"LBN",2008,393.79677018281923938,104195.505548650202176
"LBR",2008,36172.53767217804458741,19024050.780531716595781
"LBY",2008,5.71957711508246554,1063.639815487950326
"LCA",2008,56.11256767193901883,30856.918841887965491
"LIE",2008,8.220267682050781650,4585.164620297938007
"LKA",2008,6499.64210426147946339,2810866.251928659846937
"LSO",2008,5.78641284762044284,1873.826148688407006
"LTU",2008,15203.279650843622964949,4692618.7147576059785565
"LUX",2008,983.528108090982974134,525357.562499827132078
"LVA",2008,29308.397916637081219021,8676193.386176389404408
"MAF",2008,2.92932806488389646,834.134928170182077
"MAR",2008,3409.46599735978331380,943643.679576575922817
"MDA",2008,135.053631864329436900,40954.456003367209505
"MDG",2008,123502.19400537670282539,59301317.387210191412516
"MDV",2008,6.65292515358968149,97.684310091271687
"MEX",2008,184333.94566468263669820,69431497.997289262405407
"MKD",2008,3960.402561331434526239,1398176.8082755326461865
"MLI",2008,105.64487599689289222,38145.478634394688424
"MLT",2008,0.9392073522656250,208.00872064785236
"MMR",2008,119216.56090174642330003,67306669.793470723825289
"MNE",2008,1429.190371314714590571,660334.096729069872914
"MNG",2008,56001.764359715552430206,8142783.8251354352418355
"MOZ",2008,204779.84994677784061166,70184223.796241798101045
"MSR",2008,6.56391104961805544,3508.397631943358413
"MTQ",2008,278.12291535140297746,141255.338040930221324
"MUS",2008,188.63573474119681843,101549.056767937134083
"MWI",2008,9728.04343265248122780,4014582.359546989430807
"MYS",2008,368259.83638791402051380,252372681.675313426886282
"MYT",2008,42.79123389549911728,23437.307246912680380
"NAM",2008,33.72920035495768642,7043.593056622637930
"NCL",2008,521.78020264025054389,229840.177561181129652
"NGA",2008,27470.58229318519000795,11816092.877137773394665
"NIC",2008,53793.49153875443674441,28846420.880259811143114
"NLD",2008,1150.703209829798464032,480903.069873854383482
"NOR",2008,33815.516683910215716881,8322965.7452323604532686
"NPL",2008,2991.81297331052914788,1756890.506540982082928
"NZL",2008,61372.307101543250583580,33468340.735808241251108
"OMN",2008,0.0692374569813368,20.61790596217556
"PAK",2008,995.03152047170912239,312355.685443902963940
"PAN",2008,39955.71244479953856708,22406462.169808093139323
"PER",2008,126648.99882241453563241,84525101.3503860635605455
"PHL",2008,38702.77646807088000218,23804385.136216801297224
"PLW",2008,64.54485364530816144,48784.616402862006330
"PNG",2008,71045.28710056233406306,53373017.974441677426193
"POL",2008,47940.818657414045151875,16932394.332736564810358
"PRI",2008,1215.50516190981546177,629791.464806368407900
"PRK",2008,18782.048483434660794374,5325716.017455984956391
"PRT",2008,33614.77950958925243107,11957346.5509243923090707
"PRY",2008,376296.07250598103110259,86202744.665642703882638
"PSE",2008,2.5462645572710504,965.7327344931452
"REU",2008,15.10035627544379446,7603.711959912752546
"ROU",2008,17535.894726435041835651,8071790.402390190491394
"RUS",2008,3047987.664805594240935438,507446947.3639691700950515
"RWA",2008,1100.55371885931974997,560440.447324258877934
"SDN",2008,55.47708850872070534,16643.301300460766038
"SEN",2008,285.26992019948278572,90987.878371366148548
"SGP",2008,35.45650921459624817,13333.862243290233187
"SLB",2008,8171.17203105556452643,5992213.356533522882093
"SLE",2008,20924.78507319921824865,10014402.469912409624594
"SLV",2008,3324.66179785622322871,1475222.770582502835417
"SMR",2008,0.39037321034939242,89.99215298869032
"SOM",2008,250.20504744421891905,54615.964227976836618
"SRB",2008,3260.221614775186497341,1404666.128920881349472
"SSD",2008,9009.21257953658822042,2528941.073732285135787
"SUR",2008,7510.57718588067060843,5583938.283127682335152
"SVK",2008,13465.189253886711410392,6308664.104479128619185
"SVN",2008,1853.843750556890070534,947222.201113502695260
"SWE",2008,293724.063586128880628052,67229498.9874137541614930
"SWZ",2008,4582.32798178305463509,3118280.557347073809001
"SXM",2008,1.61125397890299495,566.018201397721311
"SYR",2008,834.157742396514633044,181129.399383700079974
"TCA",2008,61.23841442164602756,15186.860308635888194
"TCD",2008,3402.11148471742586395,949345.870177114925255
"TGO",2008,1171.87684886247765357,418978.835927734699055
"THA",2008,80119.75380092702774931,46031323.763627242018603
"TJK",2008,32.868210734954428786,9732.775031362584127
"TKM",2008,74.740218333854168006,22472.199709074871890
"TLS",2008,832.80521858500871877,486517.579673553084999
"TTO",2008,1269.89814536695793550,695447.144347833058897
"TUN",2008,718.406462444520201072,175261.810681445026527
"TUR",2008,28891.373876399058882577,7049602.287092602916735
"TWN",2008,2311.26756428610226983,1309085.630105269572213
"TZA",2008,164248.22264067893568257,53951584.918512384180561
"UGA",2008,36925.97909246150634793,16227567.277350665671297
"UKR",2008,53015.602414098132972331,19298337.1288235809199195
"URY",2008,23686.82161341361505948,9785585.410020055284709
"USA",2008,2213710.039646728437657696,873137437.6441432123177038
"UZB",2008,43.52042789555555874,12419.204576846895750
"VCT",2008,41.89964469269748732,23000.965766998647742
"VEN",2008,120585.59490963328960178,50852801.722924615896573
"VGB",2008,7.01528945753363761,2719.762326761329014
"VIR",2008,40.01919435114040894,17104.057159308636128
"VNM",2008,108304.62305329292180172,66729806.015277017847270
"VUT",2008,194.05837125901205454,111255.401663623279440
"XAD",2008,2.79354728482638875,837.13644782833058
"XKO",2008,1143.046485289077820312,501570.876459669855776
"Z01",2008,267.02504430468643015,127919.203132090841104
"Z06",2008,59.27043463412326568,17459.608214323040785
"Z07",2008,7044.95273403429942324,4120145.525430886925082
"ZAF",2008,81375.56016135113989625,54746110.449654287398427
"ZMB",2008,66101.69643631037037556,22714548.335219556183540
"ZNC",2008,40.36793268192273621,10470.932111743921728
"ZWE",2008,5427.48952563396667258,1997790.427491036828858
"ABW",2009,0.37579783816460507,108.490143081761848
"AFG",2009,70.405496924053815554,13801.929744617419297
"AGO",2009,165903.41087283449985868,53893196.898180939435108
"AIA",2009,1.9024675801540799,460.799663881956786
"ALA",2009,675.74618801968657178,154182.403557909315324
"ALB",2009,1336.925904509687627980,587609.500299079469360
"AND",2009,2.85329960521484396,1218.148798938507679
"ARG",2009,309853.641248659259323322,70333601.876282143524625
"ARM",2009,202.733517452042132945,61514.243867338659057
"ATG",2009,61.53009481933486004,23736.682050587157239
"AUS",2009,203709.600426896885672061,61243070.322448252573869
"AUT",2009,15893.424833940885172095,7812224.659629113132511
"AZE",2009,371.834047451176183164,110658.768890609758340
"BDI",2009,882.77601845160238238,333476.605536689645220
"BEL",2009,5176.362958543155038776,2675006.777212143308176
"BEN",2009,4920.32502133790960473,1585135.065895520573987
"BES",2009,0.95614435155815980,19.861003365036098
"BFA",2009,4.53171442904893650,5214.515907092223966
"BGD",2009,5624.76773898497417135,3089841.721868428357333
"BGR",2009,6099.585675575222598450,2371074.6458657109039803
"BHS",2009,823.97196244436302817,218901.948780362139907
"BIH",2009,1296.334774996198502200,588693.103100673802895
"BLR",2009,35542.726699277309274096,11877012.427942666999933
"BLZ",2009,10296.63363073036549082,4728881.759624372433922
"BMU",2009,0.45706411255859375,214.66308623796732
"BOL",2009,225345.92426266159705305,96418050.460301962067949
"BRA",2009,1817715.11229197754689948,932967517.949947890242749
"BRB",2009,13.26493627910753219,4396.23124601195435
"BRN",2009,2169.39725017146424280,1416679.496158134736477
"BTN",2009,1175.39090584560223270,692991.811008688200964
"BWA",2009,41.32463148358724124,8816.974364255327955
"CAF",2009,48252.90322140529369052,23474088.203382656148109
"CAN",2009,1550370.861128693359932497,503359074.3694613913684512
"CHE",2009,2273.222130563819486052,1158809.314152677257593
"CHL",2009,88558.755040253458116984,32367592.139046239814385
"CHN",2009,599709.961067231651099919,276882298.3667679007674960
"CIV",2009,108886.89487057904276676,52697792.663084356889756
"CMR",2009,36072.01143842584934014,21885224.350683694472458
"COD",2009,635435.95837221806962137,393181721.846890680821248
"COG",2009,19073.23680416827721659,10299875.042798306065882
"COL",2009,237718.05220455567609404,129572432.921360354952163
"COM",2009,112.20632873138347139,57995.152410012351028
"CPV",2009,15.91437452731336824,0.0
"CRI",2009,22427.42860713505115342,12334015.757622372551576
"CUB",2009,16259.82941949967931540,5745239.1541248775485757
"CUW",2009,4.66494984662977473,1201.787504529485024
"CYM",2009,29.88331568068249887,10563.626660589644785
"CYP",2009,56.43821076921440564,14369.968285056772161
"CZE",2009,13515.576022752502823294,6428043.619805908447490
"DEU",2009,28761.774966250399656553,14421621.827497434708095
"DMA",2009,73.78040032252821234,42139.929069673533247
"DNK",2009,6645.678949661105312186,2066139.612846069468779
"DOM",2009,13966.76962716509148864,6100923.438422695403171
"DZA",2009,10465.784346599585181449,2232924.8918305843968855
"ECU",2009,57714.19494844511402980,34917698.969146794019215
"EGY",2009,59.56834375042101337,19211.398789950462075
"ESP",2009,67544.719358624149049176,24299219.686261623638068
"EST",2009,18822.906190684428352954,5118967.881552814100207
"ETH",2009,29279.02030635406538662,13639645.894817084873056
"FIN",2009,176320.215504527931807954,35509958.8168316388163441
"FJI",2009,1790.73982408515192621,938433.650857832154851
"FRA",2009,67053.599175993111548813,29471157.115366252312052
"GAB",2009,18252.22194231392368222,11499878.985680387652658
"GBR",2009,37716.595439108320850302,14977029.0341561624374615
"GEO",2009,448.366380858064083398,153172.1163540401605885
"GGY",2009,1.61227687947482639,495.690616218143588
"GHA",2009,38255.04160522493973542,18748788.497977019937537
"GIN",2009,23388.00516893766726577,9622988.730114684803426
"GLP",2009,118.32368389433317432,51986.839377358946908
"GMB",2009,8.99177808664388032,3747.695184162752542
"GNB",2009,7963.97350442810601168,2901238.163412829087096
"GNQ",2009,5684.84463050666372324,3632465.260392819707564
"GRC",2009,6564.564916578891057210,1707015.162206053435545
"GRD",2009,93.76963414145561250,56797.53381011835652
"GTM",2009,86979.73799104493606051,42221958.0070745546985945
"GUF",2009,2861.95399668145476724,2183199.511647578412193
"GUY",2009,8267.02679704091666900,5347169.653898468191154
"HND",2009,51514.57410180924018421,26407320.049804956978160
"HRV",2009,2902.369022177135783913,1225046.137916510289782
"HTI",2009,2464.67131535087118418,1072442.838511796936614
"HUN",2009,10070.571040471747996956,3890062.9946850584572585
"IDN",2009,1944957.34422383927939249,1439965693.856352353275223
"IMN",2009,94.23727470023003743,29693.853249507681132
"IND",2009,74155.04325193386303944,40146447.273967994283685
"IRL",2009,7223.571355850972553633,3458732.408217368615776
"IRN",2009,191.287619243028445810,44055.386899170298883
"IRQ",2009,15.79663199298068715,4297.91351086988997
"ISR",2009,93.09575980332140687,25168.584756523393065
"ITA",2009,14791.634903580431206164,4664589.616861950491284
"JAM",2009,3538.28177720722595556,1927971.920544168298208
"JEY",2009,2.53087140453559049,988.427112486978749
"JPN",2009,40894.679061990608189448,17693525.675835821193437
"KAZ",2009,6432.647497601031839359,1682209.3700251776286894
"KEN",2009,17696.35663009879570552,7458761.703515894916396
"KGZ",2009,200.927636304082063275,47592.634327656519991
"KHM",2009,121049.90351465436523737,70376787.615582894570713
"KNA",2009,33.76806495034938952,15789.744944739965405
"KOR",2009,16415.96769527047393512,5105104.347846018987647
"LAO",2009,145558.83065858618179475,80594168.002387048767326
"LBN",2009,340.44679870227221659,103120.087504379555778
"LBR",2009,75136.04782429279747445,39624948.279617381771911
"LBY",2009,5.52310519517795200,982.707888840662534
"LCA",2009,54.92288419986436423,29973.175236474674961
"LIE",2009,4.21445921202690996,2334.34287428493520
"LKA",2009,13974.00786134741304876,5051755.443264811128068
"LSO",2009,4.28770221745659748,1423.503668162788389
"LTU",2009,14407.674063985239836156,4517312.112975663317993
"LUX",2009,216.400108913355040540,117986.161196004486999
"LVA",2009,34916.182233482712313723,10786105.383244619991703
"MAF",2009,0.65909474755859373,267.015581398712845
"MAR",2009,1197.39758728637488708,322352.171267747676014
"MDA",2009,187.712269190859372260,58235.854496913176606
"MDG",2009,136536.84638276400966447,68913469.772227476342039
"MDV",2009,5.12517064116394107,224.427111695184706
"MEX",2009,281120.23038416335053804,103667761.0951299029432468
"MKD",2009,4300.855167790769996650,1728508.728618863173231
"MLI",2009,157.69520958571184529,52786.4284682042740095
"MLT",2009,1.56450450268880205,403.97092049658001
"MMR",2009,216305.72023118501114364,122694064.580693394413479
"MNE",2009,565.169934177638945696,263715.886952939373853
"MNG",2009,81792.048433338396156054,10552394.1428431652837203
"MOZ",2009,217510.17473348196783443,75086842.558555493206598
"MSR",2009,4.86755067192165840,2664.543430531941300
"MTQ",2009,199.24540572888511387,104737.903030264763003
"MUS",2009,241.85718060652219171,125177.368350541557746
"MWI",2009,4034.53313322777082271,1578073.314088301381389
"MYS",2009,623092.73742779514607680,462285717.116233720653276
"MYT",2009,5.70466428454752642,3047.142566652844706
"NAM",2009,86.03695499177298563,18511.715429204412426
"NCL",2009,975.86237901427307067,421992.179136687417664
"NGA",2009,25289.74205926540776681,10977460.940996101590467
"NIC",2009,83078.34813957360474301,46201487.952715468830247
"NLD",2009,1559.085973292391659676,648730.707765540670141
"NOR",2009,23316.629292362762688253,5886201.5887541478234532
"NPL",2009,5524.06959076128561437,2952800.8106774203820435
"NZL",2009,59613.747039241669640220,33859575.200280517129277
"PAK",2009,878.93167556915264443,218747.818309753704478
"PAN",2009,37043.23733850634715216,20807812.745418907009127
"PER",2009,177910.88670441331518948,114836054.512604884474886
"PHL",2009,60889.77551774327395096,36871776.183218746948208
"PLW",2009,30.21298275067410194,22863.668412474006427
"PNG",2009,49210.51683239728437787,36435022.377160835365565
"POL",2009,46925.505842480264686179,16656234.922874353855899
"PRI",2009,952.68119189527348173,499718.977538197603932
"PRK",2009,13112.960358927717938694,3753770.246676241231072
"PRT",2009,39860.010519727135987184,13757491.9534800647059335
"PRY",2009,353171.61197115314119108,79618655.4859092361049615
"PSE",2009,1.24483022400173607,314.689915359563175
"REU",2009,187.25891074539275621,104246.869188682169963
"ROU",2009,16176.936127330881999464,7427685.340760510416732
"RUS",2009,2111642.467869682106286472,416587571.4050555735133144
"RWA",2009,1381.96545714518551841,729580.238002095053372
"SAU",2009,0.0,7.711173686669344
"SDN",2009,81.3207075436333548,23601.464129389953185
"SEN",2009,160.87326793595814480,58417.268834702649569
"SGP",2009,176.97040242736045820,75632.295611081603139
"SLB",2009,6034.53830722380074079,4297585.323631337763053
"SLE",2009,30546.33283240500862044,14491337.478596417152128
"SLV",2009,4283.93129924267401527,1958507.999253967832640
"SMR",2009,0.11155956986111112,23.285803006516656
"SOM",2009,307.11474573678563280,70941.453874314089817
"SRB",2009,2507.239255766927276756,1161060.540452947538829
"SSD",2009,8057.62590222419522038,2362100.490201894624608
"SUR",2009,7362.01559098901537002,5183080.219567712900145
"SVK",2009,11237.721272305374819938,5239288.014950095201409
"SVN",2009,1948.166792503222920120,1046659.654937502730722
"SWE",2009,208258.232409843836461510,49722407.5195015867744363
"SWZ",2009,10654.13566010312220899,7640026.722258375837895
"SXM",2009,2.9297104382269969,1040.92291151480116
"SYC",2009,0.15181999224012588,21.49719648192095
"SYR",2009,130.90677743737843592,34516.233354312328406
"TCA",2009,105.59492121393653453,18840.173044646958446
"TCD",2009,1065.52305455016915580,309752.251312178965352
"TGO",2009,5576.07870535965292173,1933095.002647189042939
"THA",2009,132624.66713187089668342,76387235.570199521253363
"TJK",2009,34.041026136148009049,10601.790304717005327
"TKM",2009,12.98584265088541797,3479.038265763504828
"TLS",2009,2633.88800827095061114,1546299.360461051040311
"TTO",2009,1377.15590209895780938,756859.128859160098880
"TUN",2009,982.064405201579549458,282047.828628526219126
"TUR",2009,28108.253609552055187886,7668216.723133617962735
"TWN",2009,8161.88753906369003181,4709486.294120151949815
"TZA",2009,143354.23006870693815944,47556024.131062552089760
"UGA",2009,23294.15386154924813368,10149287.022455998898856
"UKR",2009,48322.369760866120989075,17530068.528071976555064
"UMI",2009,0.07309467170789931,0.0
"URY",2009,19312.09135902014900214,8562042.919615360905016
"USA",2009,1608982.101824488420268614,631117218.0015487008519500
"UZB",2009,96.402607086892346645,26844.9037357713260075
"VCT",2009,29.89848461060600952,16274.341962252915287
"VEN",2009,142452.61954838641992635,60571727.586523773720927
"VGB",2009,5.18866324735785669,2364.48313464814155
"VIR",2009,86.32896580820417133,35525.401625482198367
"VNM",2009,137761.45216278404912017,87240848.573318231419363
"VUT",2009,1096.26694562589723675,596148.626556944282166
"XAD",2009,5.97357121018229230,1928.506738525405142
"XKO",2009,777.011211874880670429,391945.563531245805460
"Z01",2009,249.09998161956922038,116007.364432222596602
"Z06",2009,41.83301670909180171,12042.846178458921874
"Z07",2009,4798.78355845538073365,2686738.393928510452232
"ZAF",2009,67278.57924489358927485,44670038.244542131511717
"ZMB",2009,117625.71101632688192606,44347939.157192369389515
"ZNC",2009,42.26215739027777711,11188.735470304961750
"ZWE",2009,19396.00279665280047126,7910497.587572363974457
"AFG",2010,87.72845280641601968,13787.741786071359312
"AGO",2010,159799.61957383330314473,53547813.074075794599595
"AIA",2010,0.43901786148111982,106.769304603442004
"ALA",2010,633.77894600488926818,152946.638526615184434
"ALB",2010,653.072489159437983470,287303.784158801166862
"AND",2010,1.08372213858072933,578.737350250873531
"ARG",2010,413246.020456575266490661,95575822.393429434132500
"ARM",2010,162.172624326069949147,57589.009008103861064
"ATF",2010,6.33406908907010022,0.0
"ATG",2010,19.13647801196397707,7104.963010449715810
"AUS",2010,290725.257448105208486180,49120754.8015707733328937
"AUT",2010,16723.601217075464523075,8045281.922748207122910
"AZE",2010,549.600088443598037843,161003.836426954890760
"BDI",2010,1904.58793084704776256,765892.351133151431300
"BEL",2010,10908.972083185390987141,5683136.862917081573246
"BEN",2010,529.23882175629531412,170188.365946737435024
"BES",2010,2.42248729275716154,21.836095461593423
"BFA",2010,6.88171021297254725,19966.992419969724506
"BGD",2010,4667.73180246455643836,2481727.355416185222559
"BGR",2010,3569.147813181132135940,1481792.491969891136563
"BHS",2010,400.64399277914810108,114475.535256081666526
"BIH",2010,910.637705661169527465,456952.5502896800725135
"BLM",2010,0.29320283725368925,85.936544235748455
"BLR",2010,35754.015338931272960815,12241198.379381966937742
"BLZ",2010,9840.02410178303322662,4651747.153334598122717
"BMU",2010,0.91410748058268244,402.422933911688756
"BOL",2010,451722.28809285613171776,178413529.087892342331952
"BRA",2010,2688727.17333379195137462,1340885637.324926400071290
"BRB",2010,17.46198449290961616,6066.914121944570355
"BRN",2010,966.98652007059940113,687628.351588624737263
"BTN",2010,4353.62165380082490228,2470148.350965983155435
"BWA",2010,30.49984232319230195,7029.507227513375183
"CAF",2010,48554.22427972526641472,24387554.067073443709330
"CAN",2010,2104877.373032786714805687,752024494.0543149660717093
"CHE",2010,1737.893332090722911790,910664.651864543219681
"CHL",2010,91495.169299999605297877,33771743.663747549307578
"CHN",2010,627855.249393610579147296,284355774.965131963335736
"CIV",2010,92519.11688145562817590,44224969.095251883795356
"CMR",2010,57992.24950438590784843,32962892.716203088872044
"COD",2010,811874.30926027065044381,491128467.380625768620948
"COG",2010,44665.23340456933201265,25857869.270708150556751
"COL",2010,196988.46894622408298522,112728739.829452434742067
"COM",2010,92.29998245941785906,49789.530556943642187
"CPV",2010,1.7843328513747829,0.0
"CRI",2010,13178.47846945093150298,7133887.969607091027958
"CUB",2010,8608.08925523648536274,3279115.6338601234883238
"CUW",2010,1.72985127522894976,446.90007659486402
"CYM",2010,39.79336772254449070,13388.427036690622440
"CYP",2010,63.95480701526040980,16636.419678068686714
"CZE",2010,15439.062418746113449613,7418199.800798441705621
"DEU",2010,75677.771276064892681959,39389490.114777122414399
"DMA",2010,92.12036731055665454,52247.483240119018275
"DNK",2010,4427.852454244860527913,1423533.865500090162466
"DOM",2010,14102.96760814834479061,6373911.503704295803589
"DZA",2010,2605.190028429644082454,635482.307197166727718
"ECU",2010,33821.80753423952120115,22138972.723025627328779
"EGY",2010,98.18230588488713292,28525.293492908724201
"ESP",2010,56093.482860562869808894,21495120.182176862222006
"EST",2010,21496.500296268589644290,6083875.551461298383737
"ETH",2010,20184.15651780205914747,9820980.294097182109270
"FIN",2010,167507.246899118633043712,36484670.8848811427655035
"FJI",2010,2346.76431816514638072,1255708.097837997160767
"FRA",2010,143265.159512223827825864,63034657.093737260939580
"FSM",2010,76.66233752435869345,53246.51514587364581
"GAB",2010,10674.18385778185799692,6663602.149601678585957
"GBR",2010,28469.662214221255323939,12415610.3481627743172325
"GEO",2010,818.591827355069272917,300849.967549048819517
"GGY",2010,0.30234806429687503,97.826820317460147
"GHA",2010,19475.57203249479776848,9261286.949922797189137
"GIN",2010,16045.58986952979568007,6440947.166284882533982
"GLP",2010,127.38589694605088811,57093.455212920433762
"GMB",2010,23.82726273591525082,7181.99174644596175
"GNB",2010,4900.40665550617379029,1861220.007264192721525
"GNQ",2010,6593.01923800628418182,4002116.648156250940185
"GRC",2010,7787.965613519713007696,1809857.068300391676248
"GRD",2010,159.55607142810928774,94799.828031981090120
"GTM",2010,59533.01608183925704607,29655328.511619246530289
"GUF",2010,3205.55823287235254654,2449598.974499534879309
"GUY",2010,10098.65664677590592719,6477910.633791060695299
"HND",2010,46084.66044552572380120,23685728.869572100566784
"HRV",2010,3499.302748433106484521,1563033.217116416369976
"HTI",2010,2084.36117709579536627,911581.289600742956780
"HUN",2010,11258.434315584297167989,4423160.787666737463534
"IDN",2010,1279328.21254292903098943,1058708908.221041591798382
"IMN",2010,99.91279284703994788,35134.186716681194948
"IND",2010,47441.78702203462941579,26233955.793641852031026
"IRL",2010,3852.554952158452401341,1857826.963167534736397
"IRN",2010,195.790067607864600713,52406.688053675724171
"IRQ",2010,13.41544111886067807,3866.446132674550193
"ISR",2010,89.07957604945636361,20303.405956210826020
"ITA",2010,15804.290976566659940380,5114910.106663490823971
"JAM",2010,2364.94806674978192698,1289843.330221208518692
"JEY",2010,14.68084471052517509,5856.452674266445040
"JOR",2010,0.06530639208333333,16.32775196373544
"JPN",2010,35745.198207914995499936,15743162.9651406596104626
"KAZ",2010,3108.915856366748315444,981800.562884076003141
"KEN",2010,22692.39459009971578414,11066163.001784759316126
"KGZ",2010,260.973815786186999176,72436.681015637455046
"KHM",2010,237974.54154735200195600,137420455.436880625785807
"KNA",2010,18.53841190994900182,9249.669936617808409
"KOR",2010,14429.425148731954986774,4990713.857073627531681
"LAO",2010,167098.12850039854575220,93955882.288272644042779
"LBN",2010,115.18064020309351903,34627.395194708216471
"LBR",2010,20357.58946819764892895,11090916.828401256641140
"LBY",2010,9.41428543328124793,2395.982927791322999
"LCA",2010,99.84201267662543792,53991.883919050226989
"LIE",2010,2.791921383331163100,1689.559832815732906
"LKA",2010,7230.90870553151285928,2735038.461049615448464
"LSO",2010,3.77271354007812505,1280.963981161518889
"LTU",2010,21666.847444003404258013,6964234.417348263843700
"LUX",2010,880.534569287686520131,493731.951933065544985
"LVA",2010,48507.194290839014922981,15281327.768316375322417
"MAF",2010,0.51261701515190971,216.865999429012296
"MAR",2010,988.07706697948131494,279853.5188965528369826
"MDA",2010,176.751080897191852251,54440.4634521068858085
"MDG",2010,107218.89158343020555898,51418155.059993683414906
"MDV",2010,3.13572614566270636,112.107405055049473
"MEX",2010,166828.96182979239298140,66570069.563269385852101
"MKD",2010,2223.157002075691563915,949694.003711529790507
"MLI",2010,53.89056148901909728,19617.254919680728450
"MLT",2010,0.62600223333333344,142.37740842364674
"MMR",2010,169912.75555434631984131,97498000.721299531642001
"MNE",2010,210.939333957269980509,105061.512854832671102
"MNG",2010,8764.254044617304684055,1494228.0326000438905494
"MOZ",2010,194550.08290452708732521,70024480.943949812799603
"MSR",2010,109.30204099189996144,57301.807626186157319
"MTQ",2010,75.36671357431857350,40793.259639717422128
"MUS",2010,23.26746883703667720,12879.20457851604745
"MWI",2010,3991.28771981746627731,1578257.662346655641812
"MYS",2010,430950.69572097682424512,273061913.681017606781993
"MYT",2010,31.90512951202636646,16410.41310586840466
"NAM",2010,27.11246887378472791,6529.053124992511530
"NCL",2010,550.42164223682069315,228752.823331513340648
"NGA",2010,32782.06424321336760435,15280726.683252804910262
"NIC",2010,212481.73737195543908883,116916639.815954115025330
"NLD",2010,3403.389896823353023620,1412320.199281487332171
"NOR",2010,40129.062843860969826572,10072610.6706532794957358
"NPL",2010,2347.69860064375743177,1340800.134433263077225
"NZL",2010,56121.872153315282381476,32374361.974236229435011
"PAK",2010,690.44019563410853340,173609.475546233022829
"PAN",2010,15435.48606452405561037,9137880.347004777465091
"PER",2010,142293.83821602924288621,93252520.757793247501752
"PHL",2010,102649.42944981858997183,61697415.2919757360879775
"PLW",2010,32.72961263830593685,23918.814295314771751
"PNG",2010,68760.73607329275832820,52014864.393702566020234
"POL",2010,71834.941534492133829397,26362982.4257656418581905
"PRI",2010,595.27982619751301788,324258.873844028262960
"PRK",2010,19015.050124400409661225,5959770.7216482515059205
"PRT",2010,48400.980641582912908956,16015160.501391149198770
"PRY",2010,442278.15617231080122287,103993197.4964832788798339
"PSE",2010,1.31065981177951392,329.44072133315236
"REU",2010,223.43873798592116231,121044.93121373066443
"ROU",2010,17781.761807456229563239,8342884.785533420641723
"RUS",2010,1859545.506051193844903314,419649285.3616763189165538
"RWA",2010,2450.38372834136241322,1236133.239941765091452
"SDN",2010,41.83875764753960058,13547.411445973747566
"SEN",2010,153.82539324719932882,57495.509745896281722
"SGP",2010,43.91568924047403780,18316.242191094372825
"SLB",2010,6418.09400273932668082,4660780.844557106820892
"SLE",2010,8782.21451403749476675,4225787.031367481930202
"SLV",2010,2873.01788869238345178,1283601.614710490541795
"SOM",2010,139.64642920485094898,35203.008806166994297
"SRB",2010,2461.868685246807869605,1129588.442691744908620
"SSD",2010,3879.41041022563202512,1307651.823351062753817
"SUR",2010,6999.86100801242987818,5245390.715728025771301
"SVK",2010,17100.061087965201874182,8312518.902976588370674
"SVN",2010,1428.890697837491061670,752473.844368580141775
"SWE",2010,263646.267450858454719877,62448300.5931453134372291
"SWZ",2010,6660.40843081088129690,4250393.303581978049204
"SXM",2010,0.21973067132703994,82.145532748800150
"SYR",2010,240.53296655365073856,52134.540723769572918
"TCA",2010,38.41868880473634673,10420.252043073462905
"TCD",2010,254.65247386251075204,72755.562499511888494
"TGO",2010,511.50600790212037270,201357.302700299034719
"THA",2010,134876.16006956394286671,78971340.893796669829221
"TJK",2010,10.857889648209635915,3455.846996264415549
"TKM",2010,8.873221635605468729,2693.638751686528569
"TLS",2010,648.85888865572923439,387971.999329696325099
"TTO",2010,3406.83339102132904646,1900421.740821496966180
"TUN",2010,398.47342561289713453,108790.085650477219935
"TUR",2010,17007.965143317395168607,4889636.066613041274465
"TWN",2010,2459.82198896150947136,1443963.887291841262832
"TZA",2010,138482.22438363874051575,48724323.841814920857720
"UGA",2010,34149.34219171544102918,17114033.450802677508793
"UKR",2010,52440.798762545444634401,20211923.1649032311606063
"URY",2010,17840.59921595421384691,8967401.584102514006693
"USA",2010,2167603.379629433651032999,762380562.4793121968260285
"UZB",2010,31.92424279353516251,7998.804544410411381
"VCT",2010,65.79194186812825238,36309.882561866948324
"VEN",2010,101296.61768571692337833,45842455.169466572410102
"VGB",2010,3.94622511639105924,1898.747531806762814
"VIR",2010,21.34495411414280514,8700.824708887058786
"VNM",2010,174282.13865956984826450,109918583.122295444593072
"VUT",2010,307.62891165359859187,166203.947644192224975
"XAD",2010,0.2542266705729167,89.35348268600605
"XKO",2010,468.277228589372802654,226996.532728436271356
"Z01",2010,288.22115307276289768,136244.611800851312429
"Z06",2010,29.78066257459744051,9305.713086376152116
"Z07",2010,3587.30976732134754354,2022825.585333496405019
"ZAF",2010,61758.75100797873361963,41198634.206539897265139
"ZMB",2010,172815.84048673644069182,67255095.410135356093444
"ZNC",2010,19.54684662477430601,6333.793762151565800
"ZWE",2010,6628.36732197769952008,2439248.139455664421703
"AFG",2011,113.07815802064235503,19791.295276700565214
"AGO",2011,182909.71748731808759234,58283700.191403531291203
"AIA",2011,1.02456278406141504,229.77716943866101
"ALA",2011,465.822443123376528259,114606.809009963448892
"ALB",2011,1186.345864334366052135,357832.657881602201689
"AND",2011,0.91325760609374996,473.290058119762088
"ARG",2011,499194.743753613238204735,109989196.6120710122207745
"ARM",2011,173.988574498576614061,62922.0224590844431576
"ATG",2011,25.83647597351996277,9452.980772144807384
"AUS",2011,121316.133871790689903721,44409860.503257018811856
"AUT",2011,18099.21909214462287733,9346017.141549705729090
"AZE",2011,147.45568862606337244,43138.783905866281469
"BDI",2011,960.58653051645973489,404055.492105433810601
"BEL",2011,5016.268618971314681228,2705206.979590773202344
"BEN",2011,654.66752562132719769,238090.082441304711560
"BES",2011,8.80900175149956501,73.499520279547902
"BFA",2011,14.94099409663194613,8451.341195089497863
"BGD",2011,4181.08103221040652410,2288860.168992029454751
"BGR",2011,3331.690642235093812045,1399430.530031097375447
"BHS",2011,624.79385251944481963,133723.640461896918273
"BIH",2011,970.559919871792909084,439399.591557486107068
"BLR",2011,45366.687411265887932999,16025914.536150039466559
"BLZ",2011,26391.39511643086893394,11893743.630921939609468
"BMU",2011,0.13045129684678822,55.43607241793667
"BOL",2011,330357.77966159614993410,132386584.094129182823809
"BRA",2011,1923161.10231732688291034,992211623.259585250459352
"BRB",2011,18.13697372804144966,7320.779107104686618
"BRN",2011,2620.36323487654636174,1964316.027729280420580
"BTN",2011,1090.92441559792109109,588278.183206047996806
"BWA",2011,21.43335792786567162,4427.973672360028521
"CAF",2011,49140.23137842106292327,23531253.886933115091933
"CAN",2011,2160701.475889076737715575,872884577.4957844171668393
"CHE",2011,1939.485960367560651368,1069918.245910495198448
"CHL",2011,99323.348547752421695141,36099395.695045993376265
"CHN",2011,598619.820248600530762785,288140285.064732822417473
"CIV",2011,124736.39439490928825500,60542210.262589754683781
"CMR",2011,27651.74549966779392194,16144028.382758845507122
"COD",2011,429465.03134152452006214,259866990.598007952912012
"COG",2011,28374.42118448140753469,16557283.578270836272656
"COL",2011,189801.62296273357336271,108946573.022179771749076
"COM",2011,122.61209920006565283,63922.004804420054090
"CPV",2011,32.81888692471896985,0.0
"CRI",2011,10504.41312028085772957,5757486.558612368206034
"CUB",2011,16312.75170921029175913,5852323.839504876777000
"CUW",2011,1.35466196401150177,522.782102458985805
"CYM",2011,39.77471242454965943,14013.750669834869419
"CYP",2011,118.52639279954860309,29640.833677702185030
"CZE",2011,21855.307692510297055404,10383529.917209943972420
"DEU",2011,34271.129427534758036470,16984315.939578925548225
"DMA",2011,44.46318314962891121,25183.697584515800549
"DNK",2011,3132.382286943073450249,1028437.749992434307049
"DOM",2011,12960.42199431122748068,5804327.055255520559746
"DZA",2011,8342.413256205621870697,1908454.190585744306654
"ECU",2011,43672.17902867032379371,29750507.407515268122900
"EGY",2011,102.62333657771158989,38384.886324330622141
"ESP",2011,39325.332835066068369203,15553697.420196586869629
"EST",2011,27198.968997114761957910,7856963.658829153460005
"ETH",2011,15462.73447562598162594,7675856.555678380196953
"FIN",2011,159354.736701801575738724,34173447.2624810374613735
"FJI",2011,552.80239266247406499,290349.894009021725231
"FRA",2011,64074.316863003213493589,30481108.653114161883302
"GAB",2011,18160.57828669730684586,11108853.010377106830582
"GBR",2011,22663.311288844025727047,10524302.2417025522319075
"GEO",2011,539.714363789644202761,177149.524033941829222
"GGY",2011,1.00841802322048622,434.16471876279139
"GHA",2011,36202.53044529227671469,17958197.831354992665479
"GIN",2011,27637.96099240004351170,10623851.852901821695552
"GLP",2011,73.90693008629068311,34921.059999881001814
"GMB",2011,30.42262699523003590,7920.402323272409706
"GNB",2011,4283.91116133350473016,1665064.427798049073653
"GNQ",2011,7706.21072880645775705,4916068.757925310266297
"GRC",2011,6200.518803332725074965,1510354.108165365208089
"GRD",2011,40.18600682174642021,24472.699974604503036
"GTM",2011,40533.52696451432792571,20859120.050923686375997
"GUF",2011,2708.79684456342431120,2068684.919471144994805
"GUY",2011,8363.06474658662936019,5690366.912967742960137
"HND",2011,52571.18021117536720880,26622353.362904413721631
"HRV",2011,2918.689847771727397065,1246699.092403061819748
"HTI",2011,2564.21003283122831023,1079760.601457400515332
"HUN",2011,8224.643797565829459007,3264046.786363957738001
"IDN",2011,1543627.69393461819524823,1257346844.902266026702520
"IMN",2011,24.07892277016058887,8277.31544104338938
"IND",2011,83414.64797967516929745,44696782.562300063475064
"IRL",2011,3100.672678619545949354,1557473.198624321205333
"IRN",2011,238.912150146539701152,58032.561116823857551
"IRQ",2011,3.2901355319466144,1021.865971941521795
"ISR",2011,1065.39235168479952451,223997.044187508480160
"ITA",2011,11446.736538361146473690,3658775.417125991072018
"JAM",2011,2385.22242001276511321,1326628.965002814709429
"JEY",2011,6.37744455104600827,2730.857775198439685
"JPN",2011,35955.324513467454343627,15988070.482475072922935
"KAZ",2011,4852.338242946112729364,1699721.846437560365658
"KEN",2011,17299.60328900259105530,8477629.229572451078255
"KGZ",2011,111.982280547235215441,29410.969858219753948
"KHM",2011,192184.63190642554262357,123469773.121188895240442
"KNA",2011,12.35880575685547042,6140.918723757310333
"KOR",2011,11718.737801808670647804,4038954.707227985167412
"LAO",2011,130901.87859200904326511,72705470.394130698089750
"LBN",2011,139.40904701794487437,44760.680804877171228
"LBR",2011,34444.33601962114332700,18551847.351520569275527
"LBY",2011,9.48761119699110426,2313.753503067320187
"LCA",2011,61.57842812023438063,34456.952626770687592
"LIE",2011,1.632504327554253462,1033.005533467596296
"LKA",2011,14736.92232562383366500,5414187.689304249975480
"LSO",2011,3.35407854460611979,1311.259579258692077
"LTU",2011,21735.110301129265010903,7429223.452921338695497
"LUX",2011,447.808671521241320214,256178.300301656904117
"LVA",2011,44737.519041134722831205,14528345.7627932568156085
"MAF",2011,9.52015504183268096,3837.673477463286956
"MAR",2011,3392.46173780098550603,1010010.292307786257792
"MDA",2011,186.864096512226577795,58962.757079515986821
"MDG",2011,162323.34108831313459360,85422055.764886978705369
"MDV",2011,10.56215889121843128,425.487086261127042
"MEX",2011,186827.66836103904466783,72521477.9203104477301216
"MKD",2011,2156.632676696266691160,938199.176296034466017
"MLI",2011,165.78566284810278086,55974.208006070370598
"MLT",2011,1.4388258726866320,330.60224270534113
"MMR",2011,135716.94086101886932327,78253906.664319657855133
"MNE",2011,494.315599968311600874,219992.387290084791375
"MNG",2011,3550.509212361448942711,1035321.3334716915332668
"MOZ",2011,150252.54249274227694634,51139976.360004740073658
"MSR",2011,6.34311255002821228,3463.037250875633304
"MTQ",2011,152.99273973812338316,81464.004813901828209
"MUS",2011,487.31949644179049617,227910.873183056685453
"MWI",2011,8270.34781796936303312,3753146.269809827265454
"MYS",2011,463150.19134596593102305,314007663.670092576943282
"MYT",2011,2.32729751365668387,1098.69301640476277
"NAM",2011,70.90416643323243312,14062.365539394899849
"NCL",2011,709.15686589401260124,319902.646478623324054
"NGA",2011,53891.41223592470007998,23015377.025726393445092
"NIC",2011,43279.93105930323679221,24794820.059179876174693
"NLD",2011,1155.291880511294506256,492538.834483803469325
"NOR",2011,32768.919544238576626565,8298549.0663030401806651
"NPL",2011,2816.45996995608833718,1662658.959833011389781
"NZL",2011,59944.526162540285342060,35660256.1915664771983535
"PAK",2011,449.89019962438166731,128194.480222129061556
"PAN",2011,23130.61003364793458563,13699996.242141870964086
"PER",2011,125253.51748516455384733,81759622.307921819120547
"PHL",2011,33252.63439338700198920,21114511.315345304742534
"PLW",2011,30.66818104088189194,22935.027369831988038
"PNG",2011,53045.99926167022885641,40815583.261338369960859
"POL",2011,56650.142027971782828129,21453785.610966144832619
"PRI",2011,1227.76250043877939195,642768.869942987608657
"PRK",2011,5421.525313090089041855,1420436.634035940951812
"PRT",2011,26673.755395531013784307,9738113.335729545898725
"PRY",2011,457174.11734661821623288,109944054.7799969261412565
"PSE",2011,0.26135731809461805,67.792556232131446
"REU",2011,562.41625199118373120,273861.822875140007999
"ROU",2011,16927.847414646975295236,8108544.828878707287089
"RUS",2011,3021488.596315948023814707,557375442.1601780384808354
"RWA",2011,926.01149118821535052,540129.647829468647973
"SDN",2011,205.23965825655648758,58551.918864064600701
"SEN",2011,116.84204874571715100,40534.024132012768371
"SGP",2011,73.91115390353582900,30473.016538544696907
"SLB",2011,5860.47837624561802658,4200030.643853107329007
"SLE",2011,33929.46108345444366830,16003561.083351923563367
"SLV",2011,3241.99453293545702632,1499269.354435002128292
"SOM",2011,184.50804264629572174,44342.683186858412349
"SPM",2011,0.10605823106336806,0.0
"SRB",2011,2210.161611256542397226,1056409.415743221896474
"SSD",2011,9011.57475271382240609,3032165.231585261262416
"SUR",2011,5696.75454984640710738,4407536.931022550276489
"SVK",2011,11543.638861848502281165,5488348.715983732374291
"SVN",2011,1430.385232648510858976,763702.375507432668631
"SWE",2011,205321.261634294509119849,51688007.2487190119919720
"SWZ",2011,2621.92453533219876725,1537757.324277409624343
"SXM",2011,2.56352342344184032,930.871436476250823
"SYR",2011,155.773097495910356354,46759.6565962154459395
"TCA",2011,14.59910542796766382,4298.873862759238967
"TCD",2011,920.00017879787627396,258559.08626935727467
"TGO",2011,1243.43121111195637249,540753.445621180864706
"THA",2011,94521.75661436409464675,54089286.207956368022337
"TJK",2011,20.078610675755209374,6052.892194857784078
"TKM",2011,16.515233476019966486,4703.083484623815121
"TLS",2011,1463.47666710663566580,820533.912087341762112
"TTO",2011,374.71947972307101946,218238.759992845665581
"TUN",2011,2205.189804069924467983,484690.061603412223359
"TUR",2011,23887.932760150977575384,6801420.250353022633337
"TWN",2011,1461.48699616059120970,867137.314737982050952
"TZA",2011,137795.82477372470283267,47921088.339579596454615
"UGA",2011,65067.47155214487974462,30755953.503258112605185
"UKR",2011,60355.768611526050663928,23972829.243626795913128
"UMI",2011,0.14619762580729168,0.0
"URY",2011,28006.21881084857701114,14619145.306341534132766
"USA",2011,1663676.380763576499594870,696285800.2052907314011357
"UZB",2011,33.41626008138455195,10106.484202356406696
"VCT",2011,30.42107747917154595,16283.068875772888274
"VEN",2011,74406.71485399042608016,33720843.609345453031053
"VGB",2011,15.34673509677409078,6563.969830948505265
"VIR",2011,50.06436353002711050,22766.742347857336321
"VNM",2011,130810.67157434301044961,90391925.766971090239118
"VUT",2011,607.10441730043036694,331331.292853127151245
"XAD",2011,2.16166763512586830,911.309807949657754
"XKO",2011,802.003887874244794346,354431.245611372617017
"Z01",2011,80.47261154264649553,34283.305477206507169
"Z06",2011,13.49424338953342027,3804.947571798258924
"Z07",2011,4965.09036454198770509,2879301.058413553047250
"ZAF",2011,69616.86187357011749318,48170121.496206616400369
"ZMB",2011,60114.85574915215485168,24288125.332758900706108
"ZNC",2011,28.13529450601562966,9082.53939144233911
"ZWE",2011,9032.66499668134021449,4264315.338659535187645
"ABW",2012,0.15032492318467883,26.254147710868935
"AFG",2012,39.307615656053598377,9454.9759156972270355
"AGO",2012,180747.12371899824483366,59667461.775394532891794
"AIA",2012,1.90261415862413204,484.88619723920692
"ALA",2012,654.72864963467410829,160591.893460418518965
"ALB",2012,5395.474288789091477699,2159227.599570113480202
"AND",2012,7.697719637322049009,3573.147908844410812
"ARE",2012,0.0,7.844773933512796
"ARG",2012,478179.610453244061054904,114296106.591782338153702
"ARM",2012,197.678176409158147816,67321.422537135896822
"ATG",2012,33.34539066599502017,11385.198016475824280
"AUS",2012,139802.938679561415972361,46928901.415017253499016
"AUT",2012,11165.759237464444464579,5713648.560169320529251
"AZE",2012,597.631968693340493912,175556.318311307289070
"BDI",2012,871.16292040770294682,342067.935619030101463
"BEL",2012,5635.018792521476085884,3092757.589120132257387
"BEN",2012,2857.79893317739222518,1064126.722025394601535
"BES",2012,3.22207849079535606,765.282982095496134
"BFA",2012,0.30217610648980034,4658.786134118883903
"BGD",2012,5359.45828566120062208,3098950.941030568966738
"BGR",2012,9977.505698843290561634,3963094.970798297323085
"BHS",2012,370.59397257443906843,122237.9850206282284936
"BIH",2012,2433.647220558192177084,970990.514740251564943
"BLM",2012,0.14661330794162328,46.40069693636424
"BLR",2012,39591.092045891425514406,14168461.810433802110050
"BLZ",2012,11585.53399077805052028,5460411.062900104768844
"BMU",2012,0.5877053031608074,239.80605618981434
"BOL",2012,273561.63901629489939621,120755687.104961616050178
"BRA",2012,2918559.51728191570260511,1464235661.797930123623041
"BRB",2012,116.54373804803818463,49451.03224998045147
"BRN",2012,1836.85950878259610200,1283919.624323353673656
"BTN",2012,766.34953753010743821,444459.366901739545073
"BWA",2012,15.78723676305555568,3438.120195722317353
"CAF",2012,57314.11963625804753974,27278489.795146643306115
"CAN",2012,2545494.374125574648821316,1081570636.6020702576644265
"CHE",2012,1517.165861491499570940,825371.918262056485846
"CHL",2012,174788.499047656982507802,57397593.529607989354809
"CHN",2012,605034.296372228548186431,287633953.339943817711742
"CIV",2012,96138.39143202178708479,48296639.783013403767139
"CMR",2012,51267.67919087297032459,29596266.411356650662833
"COD",2012,632081.88657955533252457,383945520.463163629722784
"COG",2012,32143.38695785869410739,19055254.620074016045564
"COL",2012,227584.17308030320604058,128398785.721372523998238
"COM",2012,127.29285184634005307,62512.065259018853646
"CPV",2012,17.98607391268229286,0.0
"CRI",2012,10388.47329274361060751,5870602.587034299329974
"CUB",2012,10344.97798773362907741,4271198.379957960558821
"CUW",2012,7.37549863180555677,2503.092879169364374
"CYM",2012,9.22767176284505124,4119.760254748214724
"CYP",2012,54.30803393566624342,10296.989529640368871
"CZE",2012,14006.685434218199781730,6876732.049321253204186
"DEU",2012,26007.248144364299656386,13225504.127626089532224
"DMA",2012,144.72383572316836638,84583.483469337054749
"DNK",2012,4451.952352689336322681,1506705.162750973536733
"DOM",2012,17905.35132560992108309,8120369.6406910981039395
"DZA",2012,10907.904656082247373978,2155678.093408086612777
"ECU",2012,74304.12006742206052105,47103859.341960762574562
"EGY",2012,438.85342805083240417,125653.235422026204903
"ERI",2012,0.0,1035.4581877781721635
"ESP",2012,80495.772187631145118302,24579776.489121197621590
"EST",2012,17685.152688754867249136,5234201.075902408287410
"ETH",2012,41631.93539087010610064,20308061.200147649101520
"FIN",2012,160310.409293344845825342,35459844.485089046977140
"FJI",2012,1219.76655060908698522,627746.024437549992180
"FRA",2012,67302.668662870386301600,32375604.843435400595147
"GAB",2012,17475.92873989285492980,10795217.783144765682215
"GBR",2012,35664.475555919798322543,15049266.539338874366920
"GEO",2012,472.998931995581640215,177542.799970878216312
"GGY",2012,1.20937758854166673,420.00236346039482
"GHA",2012,36631.09340361197088491,19111395.921331526276729
"GIB",2012,0.12483585946614585,32.627227930816794
"GIN",2012,24485.64444939590727055,10811389.632256904192368
"GLP",2012,294.82241365661130906,122562.102507139422358
"GMB",2012,40.69027206510850294,11515.238506497617367
"GNB",2012,3511.44947592676001959,1355280.371048767171017
"GNQ",2012,4952.66406660882264494,3166107.633236294293335
"GRC",2012,13242.143652819067419422,2657213.542283854430629
"GRD",2012,39.73595788202310956,24562.744554463166116
"GTM",2012,84026.95066423417588011,42705754.451352177803536
"GUF",2012,9772.79144532001023766,7408804.164604660951964
"GUY",2012,13112.05761058172466912,8628187.673483015997959
"HND",2012,32305.64280432074206701,15939802.949926747199861
"HRV",2012,5004.428537303011537149,2166481.620269070342537
"HTI",2012,4272.89269925891412247,1896526.301615471233867
"HUN",2012,11919.639340113851872154,4729926.719463064366750
"IDN",2012,2260257.89505443613446618,1812271450.270051551798839
"IMN",2012,62.60607741938802721,22435.63707100048817
"IND",2012,88012.04682725533231444,47855668.174479222531363
"IRL",2012,5829.057742590910023845,2912500.7167125228811532
"IRN",2012,407.391273893715284624,107419.363192539525708
"IRQ",2012,9.13202487241970469,2687.231718563716623
"ISR",2012,49.23018969847439100,13729.815577156999817
"ITA",2012,21486.630274890686992560,6522853.3061176030649854
"JAM",2012,2603.68579339076282503,1490266.226971476945017
"JEY",2012,13.36327917023437631,5117.168134359264658
"JOR",2012,0.13055328269422745,35.409889363103002
"JPN",2012,45671.874088180888648115,20462646.898186040295894
"KAZ",2012,3741.514267643561770206,1136327.977239251999602
"KEN",2012,17898.90609367575100801,9252252.732835487227927
"KGZ",2012,84.65660715926866785,19200.888186597847922
"KHM",2012,195568.90409303770537369,122282451.677893548722834
"KNA",2012,10.74117123527343782,5276.576799705707353
"KOR",2012,15941.959244857666768028,5620931.310960088411910
"LAO",2012,147532.79559964044239097,80512229.664928552639846
"LBN",2012,169.94172041821616183,53827.145930906144791
"LBR",2012,72114.09319352755874949,39451452.883930145146184
"LBY",2012,4.93464658054687477,1142.966804165704204
"LCA",2012,67.10805567304146164,38043.951569570087595
"LIE",2012,3.79319481106336835,2132.811694875100291
"LKA",2012,14427.70872213922296012,5661983.424307452655747
"LSO",2012,3.30016147288194467,1146.281706973978715
"LTU",2012,17602.900557840173407409,5915178.249300859315958
"LUX",2012,444.289455326575341641,255896.596007853959489
"LVA",2012,34285.415921709019608463,11165407.417947644416881
"MAF",2012,3.44178225188151057,1331.707660958153796
"MAR",2012,1689.89017090582347991,431404.8376398401388887
"MDA",2012,1771.584435717743680721,540277.259121694326243
"MDG",2012,128468.09040143570771389,63679118.837255287802961
"MDV",2012,2.45074320133460148,87.709343654847692
"MEX",2012,174712.80978627144321150,70817767.9556272248960905
"MKD",2012,2940.644597642138713451,1168570.324090479305639
"MLI",2012,78.92125094870275394,28665.885277574331645
"MLT",2012,0.31300136191189238,72.116193191952008
"MMR",2012,225188.42900826124986614,129420624.946626040590068
"MNE",2012,1258.602534795844144044,520751.275681873399630
"MNG",2012,34640.341139671111407621,5654879.7157266339297638
"MOZ",2012,139952.40871319797557909,51249245.679994907518735
"MRT",2012,0.0,3.3227172395708524
"MSR",2012,2.21233216459852437,1086.83699330112631
"MTQ",2012,308.42506400738661067,161131.121316519928185
"MUS",2012,152.47020560564670610,83031.157238505254916
"MWI",2012,12175.10258163732645875,5900776.546198651300811
"MYS",2012,628383.28018911620804208,426249762.832213276584875
"MYT",2012,131.05118074522457197,66328.020843871981035
"NAM",2012,25.97355100622179025,5367.919045137684188
"NCL",2012,838.32798702397695015,381509.597497464364789
"NER",2012,0.07476342613009983,0.0
"NGA",2012,34970.91954364169297343,16751121.032626884283142
"NIC",2012,33691.84477753160550681,18521486.929009624148614
"NLD",2012,946.708692140264804369,426386.809602845500388
"NOR",2012,29947.125947306137475859,7743238.0322259250134862
"NPL",2012,5045.04521503283145929,3020998.702346634918517
"NZL",2012,69499.067619761186061300,41691149.7366948986950675
"PAK",2012,223.22592050414605223,76294.676752762873116
"PAN",2012,17094.54308509317696804,10005945.655119103708614
"PER",2012,275417.42370627908378763,175702469.906333746402378
"PHL",2012,59587.14724159527698888,37080253.435903599586538
"PLW",2012,28.00163729726182702,20670.089965284244172
"PNG",2012,73333.85155677668551248,58133332.476082905610972
"POL",2012,54895.927484073168687535,20764819.446248365579194
"PRI",2012,653.75539435802306580,354548.269591783998486
"PRK",2012,16679.890150861546104244,5487542.146748677460314
"PRT",2012,58236.242100930020694005,17654735.400731954184524
"PRY",2012,510213.10386167545973077,126625309.782677900523247
"PSE",2012,0.45777903685872399,89.105355037067790
"REU",2012,852.61255621264424815,398656.547197879522505
"ROU",2012,30649.281823629799142250,14219887.601869763833413
"RUS",2012,5391243.469713064082882641,917092606.6151122367044383
"RWA",2012,1090.91317506105970288,611522.553912368142673
"SDN",2012,13.20474978755099845,4069.842092832989828
"SEN",2012,84.50333117818361774,29173.508488442404698
"SGP",2012,92.13825498833896184,38998.657851647942353
"SLB",2012,8806.57579265924616281,6440698.026551021517625
"SLE",2012,16356.21566301588086337,7682407.057599014986708
"SLV",2012,2535.67142338622718911,1167964.431454140147484
"SMR",2012,0.44593499398871535,147.66927672246984
"SOM",2012,194.90066518408239064,39700.715138868961268
"SRB",2012,3478.064729485689108362,1550972.925177538687162
"SSD",2012,6707.21640121378856940,2190137.756059808834104
"SUR",2012,19502.01937470648709312,14545111.573252948023289
"SVK",2012,9169.734657888790635515,4597632.998669876243570
"SVN",2012,904.140247764504926170,448708.452133077703111
"SWE",2012,234882.539184550908405097,58619127.3561675232153476
"SWZ",2012,3527.10006830213931934,2171602.596687283902061
"SXM",2012,0.29298024883680559,99.594539048018253
"SYC",2012,0.60739748259006080,370.825735331995613
"SYR",2012,5370.64272121703139423,1017105.584335933069242
"TCA",2012,7.65647290180664131,2200.994061954932230
"TCD",2012,2491.10958136475764422,709401.917040515725333
"TGO",2012,1738.52899869643432770,672061.962076553486138
"THA",2012,114478.89216108835798740,64235256.700919753524444
"TJK",2012,26.04127895288411634,7493.570244839048326
"TKM",2012,8.986908645813802306,2405.025408881542243
"TLS",2012,1887.30657039262979897,1138438.892880499509184
"TTO",2012,713.53939811133708767,411545.677043647515219
"TUN",2012,1418.989141277991106684,327302.957760819624756
"TUR",2012,28467.090273551830730170,7795643.219791887508049
"TWN",2012,1460.09860079756422869,815621.243080258665829
"TZA",2012,154429.70370437403794918,53649503.390488800358655
"UGA",2012,29141.22866394821995563,13894282.819834987852507
"UKR",2012,55521.160744609766537066,22327860.325675063272740
"UMI",2012,10.45293944240993962,0.0
"URY",2012,31403.12112193875606253,17107965.775264123189865
"USA",2012,1964078.156107636074939495,803395908.0681011942897167
"UZB",2012,55.376205075946183291,14631.2727448856409260
"VCT",2012,24.65449282997667329,13739.285056188146303
"VEN",2012,105952.16642954674930082,47632757.251065665947468
"VGB",2012,0.87706446404296875,439.304653444746972
"VIR",2012,26.62460833558268193,11689.727552923647325
"VNM",2012,181275.72177738134309156,128952105.764129007888042
"VUT",2012,198.26048712759494236,112644.149839128674070
"XAD",2012,3.55957388568576535,1905.4346789662757
"XKO",2012,1736.620844712819525585,710165.4171129393853015
"Z01",2012,399.39995675262479308,208452.678054928587363
"Z06",2012,15.61101973299587761,5700.866122777727818
"Z07",2012,6657.04116804838203275,3818621.835804631399591
"ZAF",2012,84896.51524891066503977,61460051.257352796232241
"ZMB",2012,128442.22691025918126835,52341839.563649109094537
"ZNC",2012,11.47110564805121585,3360.848338471428893
"ZWE",2012,13790.44390190298921597,6051426.107862482771950
"AFG",2013,1.45184122524522580,311.547810721278482
"AGO",2013,168837.12476075680554513,57841856.269518999952101
"AIA",2013,1.31716796056857657,362.718492718462332
"ALA",2013,509.692407979976012939,127950.9536370985052715
"ALB",2013,2569.967981802837058142,895103.281136300489314
"AND",2013,3.36418664112196178,1574.928544908546407
"ARG",2013,376746.290387459473469681,87854693.4125233058938573
"ARM",2013,41.84126219376519857,14499.992584552713424
"ATG",2013,21.34523197619791603,6871.540613972949042
"AUS",2013,260093.733630968734281350,74271613.2473009234477509
"AUT",2013,7655.331442349512409928,3857664.967535046319544
"AZE",2013,149.075993705876732100,44059.944067326840355
"BDI",2013,1405.56937660389082554,565533.542420230999895
"BEL",2013,3314.999739024617214495,1841851.013750418917002
"BEN",2013,1310.15875613328167376,505574.674609558849133
"BES",2013,4.36023698318305130,1437.767980074232068
"BFA",2013,0.22648428664767795,8361.352350163270202
"BGD",2013,6021.99799492234756642,3436617.043994938188777
"BGR",2013,3692.76154463633079653,1567626.812638161624295
"BHS",2013,1572.70768040758525274,415697.548249282018502
"BIH",2013,2573.897644907120824883,1045446.307626833248669
"BLM",2013,0.36651387559787327,128.153230729340207
"BLR",2013,28084.740951029134523565,10025982.462600464085234
"BLZ",2013,16403.45483215612898756,7918881.904804967933771
"BMU",2013,1.43653473148220503,608.582382261651375
"BOL",2013,179793.75931905207318074,77777035.178297826335013
"BRA",2013,1945477.87052269091809542,991544240.792502125887029
"BRB",2013,5.32159267021864214,1995.39942269605638
"BRN",2013,888.32536562950520986,602046.828414842529435
"BTN",2013,485.35241575326284046,254963.293040333368042
"BWA",2013,14.12186351847656337,3806.293963182051417
"CAF",2013,44182.76397561370806341,19016002.086267353385982
"CAN",2013,2807335.549641877317660835,1038955888.8018327782246870
"CHE",2013,793.360401633715462235,409311.637553673419919
"CHL",2013,102242.650622838386589940,41543803.424634343878953
"CHN",2013,441336.22501182683472984,208475819.7639373651840504
"CIV",2013,175824.06242314669337197,88882198.474661004256810
"CMR",2013,84612.03204399037799959,50478260.749524365324121
"COD",2013,920749.62436889414660576,596575362.503088102009031
"COG",2013,54641.64600089483132642,31683307.348854206675602
"COL",2013,138866.04936341112338637,80377995.532639438958104
"COM",2013,1729.72621943889334707,747442.900593079521944
"CPV",2013,19.54167786634006092,0.0
"CRI",2013,7789.43058437074406213,4504210.571976263086234
"CUB",2013,6071.55863103295797125,2236420.4430161384377103
"CUW",2013,6.24501854069118800,1935.891233003794088
"CYM",2013,18.10549301802191267,8233.210316886801701
"CYP",2013,13.50459562138020744,3259.388261886753894
"CZE",2013,7658.991178609579933694,3636341.297718995022987
"DEU",2013,15498.954568101431322366,7442762.282951347366738
"DMA",2013,22.11861062986274130,12105.824659726694124
"DNK",2013,2015.366626496423362474,669768.316028207528951
"DOM",2013,12703.35945238006873764,4974801.512179999963990
"DZA",2013,6925.784681049459129587,1539455.6991480876498176
"ECU",2013,48418.07181655524334963,30441255.910451076403535
"EGY",2013,96.99929436334853892,23990.109883101661901
"ERI",2013,0.0,12.4884379524940747
"ESP",2013,63956.044948010640324860,23931081.858853893472024
"EST",2013,17088.743403418457721647,5034357.1068421165244945
"ETH",2013,30851.23115281139225089,14580199.916132214136433
"FIN",2013,148660.970604260113847124,32215519.4889612482962364
"FJI",2013,2699.40729211519254030,1451773.060310816205509
"FRA",2013,30351.841961727726710930,14738881.219081976975905
"GAB",2013,44448.92834656204905586,27147383.856959194302613
"GBR",2013,28589.559701343209105027,12128918.5874022185971612
"GEO",2013,252.250083657063818396,94496.209425158153243
"GGY",2013,0.2014728606423611,70.25928561682291
"GHA",2013,81202.91272085497734931,43440831.299480961216339
"GIN",2013,146184.87447289196885420,62608595.567781757067189
"GLP",2013,169.93876361572369942,66754.048989772534317
"GMB",2013,12.21674230277886113,8598.873268529081059
"GNB",2013,20704.22718588789172357,8076382.070861835742059
"GNQ",2013,7289.62996601891078910,4527544.037795752884383
"GRC",2013,5906.555994044011049608,1084104.743014885732894
"GRD",2013,25.35640135323567677,13530.988204127269049
"GTM",2013,55176.99747517156215560,27440631.872258139011445
"GUF",2013,2967.79719188384907558,2203244.269426986344452
"GUY",2013,7117.38221484748856151,4423366.427124105620477
"HND",2013,43632.28878360916471709,21920165.165941973172913
"HRV",2013,2997.752682718138409457,1376083.392193050309894
"HTI",2013,3181.21137310369916896,1296247.9900534312483075
"HUN",2013,8947.138544248565034559,3536421.8304953294246153
"IDN",2013,1139299.82358581218844246,884816294.080791294682400
"IMN",2013,33.66465501414063480,10943.814582968258776
"IND",2013,75407.13937760252099944,41511789.004882815648769
"IRL",2013,4778.083301211790364045,2248193.5099713571689203
"IRN",2013,72.230931497178825785,18204.506478778265791
"IRQ",2013,2.53190204338324699,740.972050073852039
"ISR",2013,45.73070819496853057,13674.350231169330559
"ITA",2013,15522.546078757095844699,4755026.649843459675092
"JAM",2013,1327.66903049206730117,682720.986610173950117
"JEY",2013,1.01290186087673614,377.34560646577907
"JPN",2013,23234.270544128201084751,10499849.156402487028636
"KAZ",2013,2863.638875451314859860,744487.989458550453360
"KEN",2013,13563.99690551829792674,6634484.9236364622296975
"KGZ",2013,26.81397913183159489,4130.710176494666647
"KHM",2013,190115.60900090865018606,126316554.661385353028769
"KNA",2013,5.14764972722547789,2657.994228664749165
"KOR",2013,9477.218349353237916094,2977155.260820947807450
"LAO",2013,205602.93875851673933432,110063389.185127335887856
"LBN",2013,159.95373940760090978,46295.640251253033047
"LBR",2013,155535.61788418764459308,86465944.751040683052733
"LBY",2013,81.29858731194982742,11312.373322519810319
"LCA",2013,36.09373117106771300,18586.832073575331554
"LIE",2013,1.949117049077690634,1122.790370902231067
"LKA",2013,7953.30153198137025199,2787885.480649956417709
"LSO",2013,7.33891847152994823,2184.515159805714695
"LTU",2013,13922.776643099449048840,4716185.8866817430532765
"LUX",2013,347.887556332786523527,198687.736833923548177
"LVA",2013,27766.438976924816698387,9099604.936376831142161
"MAF",2013,1.83077027372287346,579.818025556860758
"MAR",2013,835.83799447142438528,261184.2169074611975593
"MDA",2013,167.345344164711372659,52970.853711786722591
"MDG",2013,299350.32439256885761670,159685696.734573168118671
"MDV",2013,3.97583069801432313,109.49785189988430
"MEX",2013,218915.52931192392401303,89166287.8030687214023435
"MKD",2013,1149.190728811482250707,470147.835827564597868
"MLI",2013,409.78117161428115544,142515.913053211449630
"MLT",2013,0.25046223364149309,75.15465059731265
"MMR",2013,248185.78208644436411574,143565274.170153676099010
"MNE",2013,2401.456623394894450683,1026910.081741492339068
"MNG",2013,628.798874444683166689,126235.0272481966752107
"MOZ",2013,162673.28971289501668185,58024727.274651617560070
"MRT",2013,0.0,93.4037577061537775
"MSR",2013,0.88513326729058167,418.14647009943811
"MTQ",2013,146.35940119910918926,62157.256106869690477
"MUS",2013,219.27038329757922600,92679.556124611103385
"MWI",2013,10561.61188720282314121,4561945.306226676017811
"MYS",2013,333361.56748553980376027,199568144.603835381473445
"MYT",2013,327.56571695029384993,160124.328202047935356
"NAM",2013,2.48415521166558155,668.145621555942430
"NCL",2013,2281.63473537520690598,895109.963623072143768
"NGA",2013,43434.89739662000187979,22661734.420594607527658
"NIC",2013,44030.27417111710083860,24836313.293258134747610
"NLD",2013,514.177020358554710551,227179.063519726961066
"NOR",2013,33069.442384786023015400,8396721.37153697616219935
"NPL",2013,835.46925114800236900,452756.579437550225783
"NZL",2013,77541.739941436607270615,46858367.822143436623522
"PAK",2013,58.02100167342880455,23053.377778795189666
"PAN",2013,14060.88524917928901529,8234375.664551113741770
"PER",2013,209321.75542307531981632,136385764.5641907791090155
"PHL",2013,58871.21441255262384718,36847272.074883808908554
"PLW",2013,21.29418574324544394,13814.599519452964670
"PNG",2013,56667.88234785637289857,44636715.419550042583175
"POL",2013,35014.683778796738187885,13132844.440046022112291
"PRI",2013,701.64156511597996997,331091.850926242052909
"PRK",2013,5022.933246663356528384,1515195.724378353514571
"PRT",2013,51884.670521389898401215,15806533.771933973998681
"PRY",2013,318514.86388128852229715,78254989.639700471585982
"PSE",2013,0.39444337769748268,98.747544115823861
"REU",2013,1653.22917110001709067,700729.134246626352850
"ROU",2013,12945.933867720829299133,5918639.7002623374515995
"RUS",2013,4965536.915205375431863058,837277209.7291726207601890
"RWA",2013,2472.77868470220177315,1452103.927543404615629
"SAU",2013,0.0,7.324921111591603
"SDN",2013,9.40374259734700493,2906.735110597509962
"SEN",2013,374.73767225882221365,183914.206295744025454
"SGP",2013,25.91848119803887929,11764.095400011180946
"SLB",2013,9470.91264969953122645,6846933.469982709369954
"SLE",2013,170276.97178555960392516,77461445.008327674410690
"SLV",2013,2053.56340122393780452,867200.6894824730236645
"SMR",2013,0.16727187123046877,33.22592010232015
"SOM",2013,315.84219041051192633,65818.66195714424264174
"SPM",2013,9.01239348898871523,16.488178614054043
"SRB",2013,2798.271821830755548353,1224066.071152544567248
"SSD",2013,4931.54169497154227151,1646910.670533064705350
"SUR",2013,10203.19423168605080730,6922796.780825399260180
"SVK",2013,5076.263647272721597612,2589289.696000471667230
"SVN",2013,636.385693589186171934,328013.916640063239282
"SWE",2013,197658.274144815569545494,49566583.6656555520201699
"SWZ",2013,3126.10874376286235639,1725108.590476124438076
"SXM",2013,2.56347179030381910,774.937006472840102
"SYC",2013,1.21474887631076390,419.87111834068344
"SYR",2013,1270.55912460519083883,267036.939854731814515
"TCA",2013,10.51631800355685831,3285.983842292737486
"TCD",2013,2895.24709254611885364,883445.338195501647292
"TGO",2013,2914.28639000484822274,1332088.227477334561779
"THA",2013,84738.05684661372117565,50906569.164491148889859
"TJK",2013,1.319036255978732634,418.1205284477990796
"TKM",2013,0.37151217790798612,87.480591158808855
"TLS",2013,463.01226989966091040,234043.403625261536025
"TTO",2013,759.22765100593302608,427393.071551481100579
"TUN",2013,1300.706233016013539145,222995.4352199750497003
"TUR",2013,22542.895050826316668430,6277593.204358265826117
"TWN",2013,953.16288722402547741,491298.292141780481387
"TZA",2013,181508.83072590379357332,61457304.058166747777092
"UGA",2013,47749.80520395861796751,20134421.562551912471099
"UKR",2013,37711.923007504452045651,14941122.318441224585396
"URY",2013,19244.68013445306208735,13039790.624947983950185
"USA",2013,1736444.895292327195296520,689806733.6671566038236798
"UZB",2013,24.68649925001085910,4311.0227637518867061
"VCT",2013,13.41511603571723223,6846.219641411155922
"VEN",2013,64489.28747611425658684,28931567.184957229351507
"VGB",2013,2.77700066284505225,954.368171584969991
"VIR",2013,27.33988538385850957,11708.297275359421313
"VNM",2013,132424.92034167872944631,93883602.977418042106689
"VUT",2013,1111.05961755906711177,554020.982587710348143
"XAD",2013,2.03443544296440967,781.171750047703967
"XKO",2013,767.625867978171357762,310775.083836460534175
"Z01",2013,27.93393329112087711,12908.254190467841303
"Z06",2013,1.98949787772569448,772.71158954102837
"Z07",2013,5430.73406438513325210,2919608.657391356440340
"ZAF",2013,56368.99849528766859721,35481661.9130819595003835
"ZMB",2013,84673.27709873710201925,30374886.430277588263208
"ZNC",2013,32.2764724252821157,9136.190665401329008
"ZWE",2013,9607.81603920948867818,4704813.297210262460540
"AFG",2014,2.719290470967881815,661.179449579693565
"AGO",2014,212656.08955995585430305,74119406.779480691244830
"AIA",2014,0.36583298022135417,103.547570542972509
"ALA",2014,550.060530721987500642,137437.448821940736834
"ALB",2014,1051.648631766386894396,455653.129706270223349
"AND",2014,1.368260455503472286,621.455864931642335
"ARG",2014,241118.440500832259686085,61775196.7970654901967878
"ARM",2014,38.127581905802952256,14411.2884158786839913
"ATG",2014,24.87565215661241321,7851.816707622581651
"AUS",2014,281740.671590410354759348,81344336.0900341559954113
"AUT",2014,9876.061030476360004644,4978282.155609449737040
"AZE",2014,328.246022802263288804,65157.475724252887856
"BDI",2014,2047.31699381555768297,892214.760534375005870
"BEL",2014,4239.217020371109748429,2344034.299224144993641
"BEN",2014,1355.29547750728288469,600805.440082430831841
"BES",2014,1.71035733122450103,347.185922771899644
"BFA",2014,0.0,10537.878461499764593
"BGD",2014,12060.90408394813367920,6868027.892368400769062
"BGR",2014,6688.450735814880465754,2972332.681785920622163
"BHS",2014,902.30649207903206071,254891.043766264259140
"BIH",2014,1789.544495100920389320,926515.368884147239839
"BLM",2014,0.21991134931423612,83.66784388812204
"BLR",2014,33626.396834005271969622,12212625.3227534829300635
"BLZ",2014,16508.63675960509311029,7814872.3437580763808385
"BMU",2014,0.84883859577256952,345.879369358418354
"BOL",2014,256527.60527703998687506,114808702.441892415692265
"BRA",2014,2692910.39004474748279949,1427616483.252091457311168
"BRB",2014,2.17354931738227001,726.278463329831104
"BRN",2014,2224.70589751910242790,1446147.452994121891360
"BTN",2014,1229.22014419461699459,713103.457696095864313
"BWA",2014,15.52435010564670160,4035.1685792832210058
"CAF",2014,57852.35889182830581090,25001607.006738296519032
"CAN",2014,2643608.861961219803436922,1032097736.4507780512318173
"CHE",2014,1502.547147330160745341,788856.988442490042535
"CHL",2014,119329.610787914180335508,54011842.995214357481016
"CHN",2014,531701.609049665349203901,254126452.444603627861251
"CIV",2014,346899.26476590278220423,181449043.542192840785156
"CMR",2014,181851.00438964482584586,110946056.744019107877795
"COD",2014,1338360.69904089775953640,840659370.619811492127973
"COG",2014,72891.15373633818930833,42689385.949118658831346
"COL",2014,202029.03435085999841618,115300642.787489022181225
"COM",2014,1473.86207744544684974,695120.015655646079014
"CPV",2014,8.15757625128580797,0.0
"CRI",2014,10909.81015886472555350,6292779.759255643140424
"CUB",2014,5861.46836156249987318,2170575.247344722213233
"CUW",2014,2.333078604797091,971.90483330581
"CYM",2014,7.70538520408637217,2652.103270836783140
"CYP",2014,33.30200692320095470,7894.710203856508688
"CZE",2014,13942.742751630174416356,6808683.634307007470125
"DEU",2014,21169.143186645038681888,10354108.704259380149543
"DMA",2014,12.24495792096354250,6757.999331067752035
"DNK",2014,5320.770494625854494425,1821202.961477889106338
"DOM",2014,13678.21258534293081910,5665443.381390204048144
"DZA",2014,9522.726894998671104282,1811837.4937097439545733
"ECU",2014,30934.04778973164381997,19064448.582387279099554
"EGY",2014,115.00307506226891033,28512.446967781844291
"ERI",2014,0.0,6.614707599178067
"ESP",2014,74226.432203445486035034,29648610.996754211898490
"EST",2014,23576.608825551292685242,7107345.1077393013503955
"ETH",2014,32725.07263347249647359,14979930.129524858519742
"FIN",2014,186629.014123027229338883,40606179.0538290444850389
"FJI",2014,3688.94137584865665357,1839560.308805041734413
"FRA",2014,44359.113183975494939296,22085346.042046770456760
"GAB",2014,48752.34078366540218513,30670032.095479760647914
"GBR",2014,30369.567300922852638649,13283028.762188660178739
"GEO",2014,113.741013190713988020,40137.911857783662121
"GGY",2014,0.20103253261718751,89.858166674827036
"GHA",2014,120205.46322005236502352,66731569.787668220432335
"GIN",2014,132716.27431198640008178,58196590.293133575229782
"GLP",2014,198.11759453083459311,73761.231002411129863
"GMB",2014,17.46335995708767578,8361.987592456114655
"GNB",2014,12858.62698535401217004,5133588.391898137767146
"GNQ",2014,19211.71451981610640804,12477393.356095039525897
"GRC",2014,3803.21172895380207596,973861.742847192563888
"GRD",2014,83.83836114644638722,43320.052840808448717
"GTM",2014,61883.47110172888991129,30586018.711005773750391
"GUF",2014,4195.61710761457829819,3064037.443799074734449
"GUY",2014,12154.00353475314163288,7837003.060966910613906
"HND",2014,57482.88436255964360790,29060745.8730342281304795
"HRV",2014,4559.485734246147252490,2208312.077723021734588
"HTI",2014,3858.86579151853952257,1627275.096953048245901
"HUN",2014,15135.418650694292182870,5965456.391030261191079
"IDN",2014,1894358.95902102537757398,1439689262.650137398203027
"IMN",2014,86.05011443989151264,30803.121044406390970
"IND",2014,132071.85656563290601299,71897895.760501649144060
"IRL",2014,5719.062912221159850670,2760106.624980151990976
"IRN",2014,77.58861401030382610,18806.875482894841515
"IRQ",2014,1.494315228210720525,411.866155944938873
"ISR",2014,122.08486946058044983,34890.979475565960892
"ITA",2014,19831.910179315622611086,6700502.193673944153037
"JAM",2014,2837.97718984787343679,1448252.526092851940959
"JEY",2014,0.60774781216145833,165.57651691867768
"JOR",2014,0.84782063878906245,167.47391713786486
"JPN",2014,28175.541386495948952902,12861336.301636018263656
"KAZ",2014,595.715817997326453796,205431.868641007203936
"KEN",2014,15356.83925976291212004,7526828.599175043576641
"KGZ",2014,13.50969179257161385,1730.256370316205835
"KHM",2014,161841.65693291113825396,104359892.293526497099303
"KNA",2014,3.97250066096245707,2056.865905392081034
"KOR",2014,13426.409608846851255745,4463087.649454803998213
"LAO",2014,243826.33572169261350876,126937189.720521188362038
"LBN",2014,159.88442052195205497,47501.665529471587181
"LBR",2014,164048.58221831432113911,92166594.308642384340841
"LBY",2014,4.41391384775173693,1057.726274224108087
"LCA",2014,41.09592468337130620,20032.484798249404799
"LIE",2014,2.89863166058593781,1557.934003324914361
"LKA",2014,12350.59718251161515487,4789381.212392305275007
"LSO",2014,12.47074464811306568,4180.28678325049681
"LTU",2014,15972.188404164952353337,5466655.3849812788728385
"LUX",2014,429.600982930069426316,256452.620434286359146
"LVA",2014,32203.164528099964581298,10612569.517463983215970
"MAF",2014,1.24491801987738735,585.034352733561215
"MAR",2014,1682.30794966869962438,513258.152933980984554
"MDA",2014,363.133211568385458755,120581.031438161297299
"MDG",2014,416681.96935276321845397,204096058.627451835242073
"MDV",2014,3.13358241356011284,33.886249459358871
"MEX",2014,170605.85458719716621450,74025692.3166044386001147
"MKD",2014,1815.566311025828765111,802019.391125326890081
"MLI",2014,270.33774791043131250,98646.2798500480151984
"MMR",2014,331444.81376864956477745,186198832.647543559994420
"MNE",2014,1437.890896589494243070,777257.652056504487014
"MNG",2014,522.674249762365397379,122769.1389736693017498
"MOZ",2014,200517.49933484547694070,73614383.267375667844790
"MSR",2014,0.29503028970811632,169.047750236176270
"MTQ",2014,156.71776232461102457,66469.389661314424606
"MUS",2014,531.75197548469715027,234467.896708222268970
"MWI",2014,18594.16036210395944947,8561776.878637197966253
"MYS",2014,646026.95448926680016524,384942321.783734138077907
"MYT",2014,1150.41332038267488909,543445.521372158096939
"NAM",2014,4.62370750142361130,1365.763703156079660
"NCL",2014,2050.20134823932113819,794203.276110088701425
"NGA",2014,68637.27480485881332249,37408673.251020229036841
"NIC",2014,75549.80909719957997148,42422180.833627995357759
"NLD",2014,875.26149253999779378,389731.247866137101381
"NOR",2014,39148.962182187585874208,10118450.9586003357638231
"NPL",2014,1161.81134214258143643,650598.648335650643904
"NZL",2014,79409.913663548638603273,48526380.160992841250747
"OMN",2014,0.0,3.209846409120224
"PAK",2014,34.82787293223198926,14979.940298671583231
"PAN",2014,14086.01586943427698873,8205520.789623192350609
"PER",2014,205417.54904548009462630,131160412.467917757774812
"PHL",2014,102456.03463050248816845,62840418.901662953881454
"PLW",2014,93.85025781338433404,67932.403280574140134
"PNG",2014,105662.81982441345134194,80785932.087631900999171
"POL",2014,56279.525168334033189535,21699652.114786939584306
"PRI",2014,871.41695121237071193,403228.074562169960316
"PRK",2014,10941.274987944662710214,3124252.990437611727979
"PRT",2014,60259.207729946997056349,21328697.226440094668910
"PRY",2014,345737.46521583493410830,90518264.6321866387924466
"PSE",2014,1.17994385501953128,336.565076979284888
"REU",2014,674.98382950040712793,305531.55538516400532
"ROU",2014,19481.500647861322305449,9279628.855022023896002
"RUS",2014,4489888.744478264086374589,666508336.5529056444329729
"RWA",2014,2889.66629898740333090,1912515.676155689790196
"SDN",2014,5.61739840215006547,1752.808752596374003
"SEN",2014,326.71520470969242397,129530.395775978862347
"SGP",2014,191.35197143343692168,82009.899533644762741
"SLB",2014,16939.46334454174285916,12271796.493475981861416
"SLE",2014,161512.88403718690159509,74662591.469920970069398
"SLV",2014,2319.72696400503127493,969028.671413470695816
"SMR",2014,0.16733727529296877,50.585292822481506
"SOM",2014,123.05745672545600397,25972.625256324615740
"SPM",2014,1.16526905443142363,0.0
"SRB",2014,4387.909462667266517695,2181853.5444243921739305
"SSD",2014,6750.71541138542139237,2414400.841874055027265
"SUR",2014,14747.81610845635441813,10977816.497701963612867
"SVK",2014,17366.173988905776279512,8630770.526933065054225
"SVN",2014,5385.639058474744364676,3053229.043998589506908
"SWE",2014,242522.785719181819077538,61139013.8246928682152247
"SWZ",2014,4961.09484488974061525,3051090.604996922243643
"SXM",2014,0.21972204252278647,95.437542468811923
"SYC",2014,2.04983297647026898,1123.310260514614544
"SYR",2014,958.29433611947036545,230240.430069321046095
"TCA",2014,31.33730649768989530,8853.822129209775425
"TCD",2014,3000.66587315444492697,921275.150812528319873
"TGO",2014,2513.19679790372134761,1181747.748686566996648
"THA",2014,137591.96889053886863617,85022572.201185499482669
"TJK",2014,0.78304298862847223,223.202469195447550
"TKM",2014,0.90408410385416670,138.451346570356545
"TLS",2014,1883.17035169669179952,959245.329298411398994
"TTO",2014,1569.45645896798471718,874825.398592396594580
"TUN",2014,2385.558622995059290133,451585.884478213883729
"TUR",2014,22005.441487395406164242,6402894.624355104762738
"TWN",2014,1054.21148798205710150,593300.1879905506132772
"TZA",2014,198220.56307520298505281,68874390.187462908227953
"UGA",2014,54913.27884998398353143,23562872.132482809817408
"UKR",2014,47187.21045565142007432,19164428.898079875397275
"URY",2014,25659.90280062020833086,19036074.171824024762762
"USA",2014,1736528.880767843022729404,789648731.6951737695124557
"UZB",2014,83.12890887847019817,11548.1587225654853133
"VCT",2014,10.79353193937771311,5343.128634702247326
"VEN",2014,100940.30571405112226756,45602889.684538296301576
"VGB",2014,0.51146872552083339,173.715906790986936
"VIR",2014,21.47171597210069452,8844.373784949236245
"VNM",2014,217325.17239199241810299,144347347.360958013375830
"VUT",2014,634.42455552457791979,340174.674407422929548
"XAD",2014,2.4157201845269100,910.04823517325978
"XKO",2014,760.62567840357645343,392902.965577871970637
"Z01",2014,41.12442164225802717,18478.785995499876711
"Z06",2014,3.78670255087999150,1442.94020978199011
"Z07",2014,7024.63287879129111353,3782292.672035198306083
"ZAF",2014,69666.60405778615467420,46412625.228009874977553
"ZMB",2014,114809.73856389089177692,41724465.823614887282532
"ZNC",2014,55.20502996794278728,15759.974028976807384
"ZWE",2014,9614.01590702875023697,4516171.200382388516165
"AGO",2015,161710.75581126527035986,57710600.993350157145123
"ALA",2015,567.23304179946350196,146944.314963010619824
"ALB",2015,283.574737103897587261,119727.769599986201053
"AND",2015,2.16778333332465283,974.110595328795853
"ARG",2015,180227.813514884659427696,45093439.1019950534315542
"ARM",2015,1.990115393608941050,757.065852133175050
"ATG",2015,8.90747070089626738,2925.361691940006464
"AUS",2015,261574.289381587120102071,70698465.034164994234892
"AUT",2015,7941.067144586750022574,4198768.555178035167985
"AZE",2015,26.74519296005208573,5171.078470380153464
"BDI",2015,1458.37852041732468204,674582.716304379177126
"BEL",2015,3420.273924438820044938,1900879.067514183927961
"BEN",2015,598.62283681594157378,271602.532711864580989
"BFA",2015,0.0,3292.749008981239183
"BGD",2015,12603.40871337118871877,7277528.596185219448127
"BGR",2015,7293.066851601213419848,3324191.098185018725591
"BHS",2015,1089.01311180571512111,233916.008170892524711
"BIH",2015,580.504892322404566540,300748.985925805294170
"BLM",2015,0.07330418610134548,22.333433006236458
"BLR",2015,33899.292105422229211872,12239881.271171668022184
"BLZ",2015,12302.56329622294799894,5890094.168040777641849
"BOL",2015,166250.90333105423130429,71639102.214454228286865
"BRA",2015,2222653.78140336273912089,1248656761.601192348330956
"BRB",2015,1.94870042457139768,932.925062971752511
"BRN",2015,1761.04061905869662956,1098175.360003989565458
"BTN",2015,746.52360821746750660,387822.784190970734491
"BWA",2015,0.0,51.620599575174968
"CAF",2015,27315.83103202538895509,12188669.546581801957146
"CAN",2015,2733434.834259987951153382,1177265649.1511836857156617
"CHE",2015,772.458785593038229517,418720.669717095498413
"CHL",2015,106109.010473426932705790,50238264.173609124642284
"CHN",2015,490493.172549576289574016,238918101.996927036552968
"CIV",2015,152453.51173208051997864,80749287.550674088013673
"CMR",2015,78969.96060448891775003,48701946.753512665708042
"COD",2015,928502.22906111346946560,599393802.993845696612080
"COG",2015,47823.04692185775917652,27594858.853509349428421
"COL",2015,140922.64836113450377990,81023426.287367918166277
"COM",2015,429.46171724415801438,217352.932353806294564
"CRI",2015,3301.72085913189406758,1942028.718351781896359
"CUB",2015,6725.97820244533328662,2450567.176713478661559
"CUW",2015,0.90291188167751731,434.082498128964958
"CYM",2015,0.07251709538845487,81.020668109823707
"CYP",2015,20.43445920637587556,7147.6015937187582811
"CZE",2015,8047.207404884134632204,4064881.255552380640909
"DEU",2015,12929.494030687682304842,6795408.885562583028311
"DMA",2015,1.85563171132921030,1196.949958412136215
"DNK",2015,2583.230425754637942109,898773.7582794521544343
"DOM",2015,15090.99980299760097881,6294343.654030603985723
"DZA",2015,5705.423440179106803840,1281242.9937620108412906
"ECU",2015,30121.21494786733553406,20494780.048815570385847
"EGY",2015,31.64314849886175607,7513.75515701474580
"ERI",2015,0.0,59.380356125412561
"ESP",2015,65413.694077449531245613,25872677.654261410717550
"EST",2015,25420.290749612851310559,7789463.812385684364131
"ETH",2015,10276.47094659400822668,4674507.5312985961670257
"FIN",2015,172639.580317575097063325,38539695.9765829342110869
"FJI",2015,1838.35267913538465603,999528.678579897977766
"FRA",2015,37292.585590612522217154,18555742.860621377167995
"GAB",2015,25472.55033900414565156,16646113.055835533907229
"GBR",2015,23996.893671415260461557,10626031.447066300496302
"GEO",2015,42.85062239549479185,17694.110770882205362
"GHA",2015,57390.60138504850136716,32393260.243425757877136
"GIN",2015,161819.86557063488470701,73740504.187618266847561
"GLP",2015,71.39707072821941511,29471.190159328936198
"GMB",2015,10.04047817066731549,3858.650842697743818
"GNB",2015,12661.14172499909731079,5079790.238976725730453
"GNQ",2015,7468.75394114504092625,4950878.579407410542163
"GRC",2015,3840.121672561655093225,943585.315624087805551
"GRD",2015,6.69800776481987845,3783.529142996456517
"GTM",2015,54234.32662031387060599,26947651.873267396702471
"GUF",2015,2867.50265188790406502,2091332.732496798269362
"GUY",2015,13084.33196108421133108,7982773.249966368271410
"HND",2015,50242.86003416316577971,24655989.657457870042863
"HRV",2015,2669.048069553403929423,1132641.169829546973240
"HTI",2015,3087.56479569297404774,1305243.769025451701955
"HUN",2015,10717.816099716740160924,4285896.622310399434614
"IDN",2015,1746464.32272709202487403,1286444341.125441356216034
"IMN",2015,22.23253134836371863,7974.92841653777007
"IND",2015,109677.63578525580996544,61330010.7103830268912615
"IRL",2015,4484.214602160247883177,2160583.0333497695515613
"ISR",2015,51.33272802952800238,15379.241432368432292
"ITA",2015,14124.305235410587461206,4775540.155942258370508
"JAM",2015,2903.31488265449342164,1596085.875629584647902
"JEY",2015,0.20272486168402779,58.76187493150426
"JOR",2015,0.39158375156684027,79.23258349240157
"JPN",2015,31145.146519331402357961,14452398.841960988558566
"KAZ",2015,181.162293676829406391,72060.4734244602544494
"KEN",2015,15615.42393174692321052,8339758.351963152225442
"KHM",2015,132857.45294665511148416,82917965.778949153803016
"KNA",2015,0.95667154614149305,581.55918592482309
"KOR",2015,17340.73669902491499729,5973936.662300481915760
"LAO",2015,284935.14483813797809006,153139006.678342760177220
"LBN",2015,173.61729878412547968,56925.258425201584468
"LBR",2015,186010.12845404914849652,106853687.969927666124139
"LBY",2015,0.19478584988064239,43.333211216525329
"LCA",2015,7.17510660091471381,3692.742533801840387
"LIE",2015,1.317510179370659781,822.09795047409450
"LKA",2015,7403.01519846428816574,2904393.547018372951238
"LSO",2015,0.93445517565755212,527.838535029061577
"LTU",2015,15794.339392663920068971,5534060.198902358298553
"LUX",2015,327.465311453554624802,196283.488619113243656
"LVA",2015,30829.686516238689897869,10324028.028687462778343
"MAR",2015,951.99198590051850822,329397.074928564650273
"MDA",2015,495.681670907144130751,168938.295171035854873
"MDG",2015,301788.66122449934092645,157770564.914994915986606
"MEX",2015,197533.42181760214124758,84299432.088108740272669
"MKD",2015,784.328061529121179729,361191.468482924961947
"MLI",2015,204.15351593025063382,74368.167640547390232
"MMR",2015,293305.17515602305087850,164922381.322323770021572
"MNE",2015,180.963399535006508056,102800.630965737289720
"MNG",2015,7145.32720551941162108,951272.030325692710905
"MOZ",2015,181404.75417451167182052,67216283.325589177113188
"MSR",2015,0.14748139192708334,101.222531021487994
"MTQ",2015,31.57205200342122291,14553.345387111000656
"MWI",2015,10793.02663652508854374,4854279.026662455160497
"MYS",2015,454490.82301311875492635,261757642.120307952430214
"MYT",2015,18.08987840803276055,8545.927555691015429
"NAM",2015,6.01480415615017268,1641.332519520177292
"NCL",2015,486.10100285992732086,199505.575583863685275
"NGA",2015,40927.69901921678501040,23246895.258593585724660
"NIC",2015,35520.95409536409264042,20127445.954822800624229
"NLD",2015,894.19968320668859663,416276.917666033523693
"NOR",2015,36638.846185055881016713,9750381.8481689355024465
"NPL",2015,579.36620479625431446,307358.181038184866104
"NZL",2015,64002.905942321032968885,41761613.870216188848923
"PAK",2015,2.41608826049479176,1040.68612252047164
"PAN",2015,10591.24318556574438463,6187767.985670241608858
"PER",2015,166449.30988682745577420,105452960.162096595256785
"PHL",2015,65895.72467313560529669,39228338.264406718454843
"PNG",2015,180806.79727651807124351,132238408.812079185344316
"POL",2015,42742.650945524554968087,16689482.887809226244734
"PRI",2015,722.22412547998496301,335521.571798254250266
"PRK",2015,10851.636498171462924278,2096329.083292646188737
"PRT",2015,46096.374452029786861839,16166388.866958691513961
"PRY",2015,279304.28376332649363248,75731344.091959202051266
"PSE",2015,0.13028041131293402,34.39322149056061
"REU",2015,8.56222899716037548,2968.349745636346033
"ROU",2015,10906.457073372699895505,5437823.9058584360798684
"RUS",2015,2332110.880528425724091146,443085923.2647665337050061
"RWA",2015,2216.79813322272128871,1616259.185731060639488
"SDN",2015,8.05573739788953968,2420.800830959502756
"SEN",2015,293.57143339276023980,101723.839420974104969
"SGP",2015,155.05171350102452801,60416.070202751672569
"SLB",2015,14969.81737391289065316,11078698.700185358154914
"SLE",2015,232761.73455490480775628,111570692.381578323978176
"SLV",2015,2388.83423208954347591,1092658.132152039861587
"SMR",2015,0.16727279608072917,49.77582998651491
"SOM",2015,65.91837287777766521,13827.583275013131698
"SRB",2015,2815.553182324304618205,1387304.199479207640298
"SSD",2015,2459.85267347979449544,942505.927713170116924
"SUR",2015,11921.11899465264885896,8639366.507799929562806
"SVK",2015,5282.63766546501740999,2714852.620948816934639
"SVN",2015,1023.409987927016096585,580643.758891175912779
"SWE",2015,216031.203833007130589422,56442354.0130204035108007
"SWZ",2015,3215.64274716867194860,2328561.261755576950639
"SYR",2015,2393.17116919880207205,612181.325181413947101
"TCA",2015,21.25021906216471674,6507.934468362877813
"TCD",2015,2591.36846149654605772,785857.532471758605560
"TGO",2015,935.64322382232978038,466454.980479405166852
"THA",2015,120750.33446018945540364,75130156.721221793661047
"TLS",2015,862.91000529834369848,431396.623330548477738
"TTO",2015,668.19364098069007517,395631.583932568810863
"TUN",2015,1880.14649435164099699,343799.436233439910332
"TUR",2015,27734.979706306172736862,8802442.689082190945987
"TWN",2015,942.64104255487761755,546210.892964967613229
"TZA",2015,111960.15492413844099064,39399167.403185649772777
"UGA",2015,54021.26520381985887604,23512795.734675447806457
"UKR",2015,48913.807425310106648843,19522361.391100810554328
"URY",2015,17586.20347137032871493,15989890.919029273037700
"USA",2015,2289653.113389574880353133,783093503.9274562371642290
"VCT",2015,1.72356725350368940,924.96381923542896
"VEN",2015,61336.31437114786430581,28189618.330649135852294
"VIR",2015,0.2924751540169271,146.11312679043053
"VNM",2015,217883.25324113911234797,145896906.309643641482950
"VUT",2015,3476.16022819572887838,1822224.241000909315379
"XAD",2015,10.5501553577560829,5578.11053551425841
"XKO",2015,470.779866734151399826,245402.463672960458052
"Z01",2015,1.29287006114474823,443.025471432511995
"Z07",2015,6629.75325271809557983,3645636.154702371373605
"ZAF",2015,70157.20182231271350319,44414356.1909777512182355
"ZMB",2015,87182.03650196871897017,31614287.097538227735379
"ZNC",2015,30.56498165366753524,9444.66888380874383
"ZWE",2015,12243.16522399927147161,6997547.751500292407484
"AGO",2016,229690.74624210715631894,81974641.398271604022555
"ALA",2016,672.659233779653921880,181216.162490902491481
"ALB",2016,928.391161055958565232,334176.4798141162070907
"AND",2016,0.627510828626302126,251.240734894524563
"ARG",2016,230312.736508757702275805,59591983.587203262026443
"ARM",2016,30.047579644589846004,11174.205142428195335
"ATG",2016,14.42539973627495791,4222.612125557077585
"AUS",2016,430903.685525313563068622,123981915.526617143415894
"AUT",2016,17218.055075289017013648,9317132.847269679447410
"AZE",2016,25.475209867460936521,8255.489956647860468
"BDI",2016,1575.87445005659538030,762630.421101832217338
"BEL",2016,4512.242798134465565460,2486097.093456503105886
"BEN",2016,2010.49219854915922853,942869.397634030569516
"BFA",2016,0.0,1480.726640001847623
"BGD",2016,21196.36906496462936006,12405055.730623251412662
"BGR",2016,7394.709128121905064411,3508660.378728528987229
"BHS",2016,3136.08465530683285202,619699.477924659053095
"BIH",2016,2307.979526248537529038,1278157.629724258112400
"BLR",2016,90486.781113949840264887,33340838.002003421958646
"BLZ",2016,20622.00170861503774188,10204550.424669786034601
"BOL",2016,470310.18685634403331182,193947601.573000009324977
"BRA",2016,5378610.27954841704826292,2638421129.121255786589542
"BRB",2016,14.31625898634656448,5007.157670490373162
"BRN",2016,2572.50746276335323743,1588543.410269125714998
"BTN",2016,1962.88365843909618982,1094906.174472023242555
"BWA",2016,0.7276476864485678,218.356031931987845
"CAF",2016,51151.91741327141261576,25631438.084532258165962
"CAN",2016,2084425.778413717033398565,841953179.2309651037279368
"CHE",2016,1679.041702827029293421,920909.836979859074708
"CHL",2016,113778.735871742375838547,57582893.288224443939704
"CHN",2016,718775.12417065811650647,349518754.149561039212227
"CIV",2016,221124.46675084786367612,119286286.141098935395942
"CMR",2016,116619.22980542620591142,72848894.084111572684649
"COD",2016,1381503.69438783056394232,907254009.858358941124211
"COG",2016,114303.64306561820770564,60176309.858394577475969
"COL",2016,290868.25525595048514182,169915542.900536686723545
"COM",2016,124.36478813749134147,61142.186069355194222
"CRI",2016,13842.90738553459264819,7863989.503555376385641
"CUB",2016,74052.69806430347157650,39059249.5852086071207116
"CUW",2016,2.40785431024739596,1480.516020917546544
"CYM",2016,70.06050036108621402,19410.199384904805673
"CYP",2016,568.91539414057690169,79443.4485991351930585
"CZE",2016,22813.362239138126037416,12098987.144957325613880
"DEU",2016,26876.85404179196068572,14330056.619740834523520
"DMA",2016,7.12397675602756089,4085.29517179586544
"DNK",2016,4656.340520046437651250,1627111.661540817406384
"DOM",2016,24907.91502003455489561,11352829.313220511496815
"DZA",2016,8011.360145269273843974,1553604.946746227061527
"ECU",2016,44091.18972161665825542,29040162.037578074879966
"EGY",2016,36.72802966209093450,8566.457980311302386
"ERI",2016,0.0,15.887028979387146
"ESP",2016,107562.184375920975397598,42599952.434568808603180
"EST",2016,36334.857226925247917802,11328809.358290596298769
"ETH",2016,19581.64310748036431875,8825937.725418371118392
"FIN",2016,240428.463171600220413780,53077067.1100454665065106
"FJI",2016,8373.14087823586567009,4400782.964136536545234
"FRA",2016,60768.520207220889249187,29959164.923781201518106
"GAB",2016,32150.61791553543201666,21216041.461471215580641
"GBR",2016,28805.528633534272200146,12897184.422510448978015
"GEO",2016,523.421991056024588128,205928.819306524539875
"GHA",2016,119243.18802523819351875,67204796.422122313192429
"GIN",2016,216012.56988878303261216,98969815.053034381046888
"GLP",2016,70.02423404489360112,28019.059919564080778
"GMB",2016,5.17054124226345494,1879.84716287871699
"GNB",2016,16120.29589289366784942,6787670.130117149900845
"GNQ",2016,9545.24157246942696326,6276701.307859003607190
"GRC",2016,6034.199903191731385165,1366679.562440758003808
"GRD",2016,59.44976265754394823,33151.656969344311712
"GTM",2016,178532.10785089137816639,87685450.090125940090339
"GUF",2016,6127.21134166533201718,4460407.367967732836983
"GUY",2016,26512.36610154962770230,13916456.162070881956362
"HND",2016,188441.52687708189585066,88754860.522501244776234
"HRV",2016,5372.963121165212379121,2556482.621347849540261
"HTI",2016,17266.93390706270545751,8944057.418157096588651
"HUN",2016,14018.768529787548363414,5579188.047556493476870
"IDN",2016,2422066.01003016060351284,1849379881.056141023074854
"IMN",2016,35.15682595964845184,13290.97928109815437
"IND",2016,164151.43744600394327253,92983036.678547382987673
"IRL",2016,9390.417908621735585407,4563769.771149261699976
"IRN",2016,2.40796500678602405,611.3002216210496375
"IRQ",2016,0.49173627103515625,131.191756291919436
"ISR",2016,64.87129809018880384,20238.302736635411479
"ITA",2016,24717.648570403156896611,8445675.3683686474710688
"JAM",2016,1991.53603095427391211,1065705.147413443803857
"JPN",2016,54993.593113633700519422,25549653.222348832808227
"KAZ",2016,1288.550612204611874130,449374.908526050381139
"KEN",2016,19048.53768581155504274,10362961.316067700959773
"KGZ",2016,11.524777086558155804,2806.039149581720780
"KHM",2016,182885.56911822124648605,110457006.915201478908768
"KNA",2016,8.38889596200520513,5002.872231600251055
"KOR",2016,22557.676790991060129246,7832326.521017266439857
"LAO",2016,387635.12058193749389670,212263193.994064202084020
"LBN",2016,266.27434058727858257,84908.051219349040165
"LBR",2016,168586.20027322810249539,99088629.120489117183348
"LBY",2016,0.51948963076714410,134.13630495933043
"LCA",2016,107.17038489836425869,61805.634437731695690
"LIE",2016,4.32166223252821159,2664.32202416287832
"LKA",2016,17489.89708803595068391,6890243.270811919896692
"LSO",2016,15.27565188290364584,4569.529338944807144
"LTU",2016,25531.687123815491033511,8934547.508091897932696
"LUX",2016,520.779825470692252794,310789.950716834254021
"LVA",2016,44945.417140954708452625,15166537.173579214698293
"MAR",2016,2041.20256722039007235,613973.9526573918326553
"MDA",2016,832.90140377582264695,278303.568264663783567
"MDG",2016,383655.55238433112743285,206965998.128926147153151
"MEX",2016,273930.38997322315886553,122972464.073247023562180
"MKD",2016,1496.246433181820869983,692706.028359524052244
"MLI",2016,204.82831103208302502,74223.921329728510957
"MMR",2016,362552.39113489617422868,206668123.391456226081103
"MNE",2016,1119.527122834036320752,637849.095792861513205
"MNG",2016,4142.113330179305001746,680660.700870556418827
"MOZ",2016,250565.43399179831251172,93195308.811976176965035
"MSR",2016,6.26859342457573848,2887.792833226967854
"MTQ",2016,26.05926787527941323,12072.109127999578637
"MWI",2016,13529.99599562914829679,5837435.318043500721800
"MYS",2016,565553.11044824699942334,320167171.352703138380713
"MYT",2016,83.46931421060824223,40664.593231908214252
"NAM",2016,1.32068818834743926,357.52082988945042
"NCL",2016,1323.90859335315553486,447250.538317498074873
"NER",2016,0.0,3.55800821518497
"NGA",2016,72189.61579178818657852,41097803.462871619634889
"NIC",2016,142379.30626406036143953,81122627.026777550186026
"NLD",2016,1406.590169168572810310,658908.1287923467107375
"NOR",2016,60081.686029667340672726,16295505.1077528813551266
"NPL",2016,998.51341691893126384,515144.496713494256882
"NZL",2016,80359.090741890495570985,52035885.614566774036892
"PAN",2016,17378.39353603190593445,9641907.892447025823526
"PER",2016,230953.45026313688421972,145128065.693274340580356
"PHL",2016,129109.10682689804582281,77090179.780651766811445
"PNG",2016,177924.94011419147396096,120215783.083898235510276
"POL",2016,86510.723643151708488529,34679709.581671337070100
"PRI",2016,599.27468304287015098,304210.136697768973504
"PRK",2016,11487.234977018897959361,3327521.9158197675760515
"PRT",2016,94645.800976135852117981,30630749.443552956628279
"PRY",2016,319793.17429244969810984,89512937.933330156885611
"PSE",2016,0.0,6.138151599617647
"REU",2016,7.40461717919596405,3589.2467529573005
"ROU",2016,23045.408908887126150323,11920976.481890170965154
"RUS",2016,5051685.620462658439529934,844922952.6776270077435887
"RWA",2016,2777.59499939311433991,2079775.866844381495461
"SDN",2016,26.6771069123795502,7569.502487517515768
"SEN",2016,254.40699072082008978,93532.399307710894103
"SGP",2016,154.43653726307526635,62884.262198849394595
"SLB",2016,17992.60317252857592860,13125579.174525273237049
"SLE",2016,177686.75716734418896999,84834927.242367320734350
"SLV",2016,5743.24181728657025367,3015128.307843087990654
"SOM",2016,86.37904766203377710,18921.267834363343266
"SRB",2016,4676.165999401831079480,2381073.387241146356299
"SSD",2016,4067.78188527623172009,1720662.129310389717011
"SUR",2016,16877.90266814828709251,12016743.344025811556269
"SVK",2016,16941.719311575541819380,9062170.298423434470408
"SVN",2016,5389.243463132663305431,3150960.809237313658034
"SWE",2016,310348.135607177109739358,82024939.9308390144311385
"SWZ",2016,4801.90235291192614160,3458582.168474316398434
"SXM",2016,0.2929652295681424,104.304293923083005
"SYR",2016,1812.67370145569319697,418942.612381616951629
"TCA",2016,18.88706690998698133,6439.431742143013544
"TCD",2016,3165.96322905397606908,959332.073402914977127
"TGO",2016,3446.68072000199422429,1801204.434279002269186
"THA",2016,171583.85404278196433515,106869577.643414337797388
"TKM",2016,0.05944391225694445,0.0
"TLS",2016,1296.54328541759349501,648562.063683544358494
"TTO",2016,1351.19613656815040278,780704.719721796093316
"TUN",2016,1454.956105704309145527,274051.829376659664034
"TUR",2016,25633.047734699295904732,8215669.871303401288275
"TWN",2016,3322.02311029791692264,1878639.061239223606739
"TZA",2016,152852.55655233988081493,54501914.902520219097653
"UGA",2016,67486.12145197733394981,30057491.047114319518794
"UKR",2016,106760.562892108539766384,41303854.0129160688232765
"URY",2016,23859.53361870937657929,26020126.385803300393643
"USA",2016,2264071.526555874008577322,955138684.6116659112077872
"VCT",2016,16.03810071685492657,8086.859629242273226
"VEN",2016,207336.55016930270025228,82770365.1040852097953555
"VGB",2016,2.85024297459309923,1395.962059482196318
"VIR",2016,8.64897167993489779,3358.909880360519937
"VNM",2016,353430.51783130736638003,256694574.051833083039735
"VUT",2016,1340.67431192541941209,677055.722083200969532
"XAD",2016,17.28899873230470206,8184.51641960858699
"XKO",2016,912.231316598795540784,492771.615118984974660
"Z01",2016,4.74770573537651937,2211.634118789173722
"Z07",2016,11206.30172439471332050,6410629.456644730418481
"ZAF",2016,73546.41163982932135340,50494237.832963074403640
"ZMB",2016,141400.60863488560553847,50823527.365488890155664
"ZNC",2016,43.94931134871526003,13364.88146897760414
"ZWE",2016,10925.90116786276274311,5888450.608634331844545
"AGO",2017,280422.01876747344041208,97209069.752656910755638
"AIA",2017,0.80504822438259555,338.206664009498695
"ALA",2017,735.14380036151064647,204747.570699402601567
"ALB",2017,1686.82407378214989660,449558.983782001264020
"AND",2017,3.42216039471354159,1805.319501959668722
"ARG",2017,233945.098843816821121066,65288793.0399962506296387
"ARM",2017,41.747318015212681116,10861.002556499841579
"ATG",2017,71.89840979999026253,22428.125388033060011
"AUS",2017,236877.519675266355086922,89107971.9261147512274215
"AUT",2017,18402.473221190820674508,9999752.377894736438865
"AZE",2017,80.101052211215271559,23022.018896457880140
"BDI",2017,1775.19277727587208166,889450.738977817990811
"BEL",2017,4137.322685933484761082,2273610.662122976616250
"BEN",2017,2234.71102042409332676,960793.839016904030919
"BFA",2017,0.0,2356.831502894977461
"BGD",2017,28377.11271268441922147,16808070.292997678804555
"BGR",2017,7687.622621573023588335,3452903.640575992228355
"BHS",2017,3703.93622655410347000,1402579.934459642487418
"BIH",2017,1339.314767504973670365,664301.113517277173525
"BLM",2017,0.07330176779622397,27.841992489497816
"BLR",2017,78766.946608521908927942,29601215.212058382837925
"BLZ",2017,16445.79696379782402445,7737275.925039459522325
"BOL",2017,462948.68641027031173624,200379500.006278183823106
"BRA",2017,4519545.89811411729162622,2346743565.044220303223714
"BRB",2017,15.81409674932779911,6240.220531736295348
"BRN",2017,944.63349794626310838,649056.140810534356392
"BTN",2017,1972.24437872116819210,997575.890014101992047
"BWA",2017,1.15717965338975695,318.022508776918633
"CAF",2017,63910.10122448077463757,31182913.462541059874241
"CAN",2017,2559736.502580542284923089,1029115530.7944174564609461
"CHE",2017,2542.413156324303599769,1405738.595313778524001
"CHL",2017,214808.646975709943988340,94442117.672237292274728
"CHN",2017,644430.79916273647411001,310159808.806266198690558
"CIV",2017,357308.85845207528422160,197501928.237482445086229
"CMR",2017,187281.58783352486641696,112213976.631124037761724
"COD",2017,1468187.69905825826593739,954349346.5774462263744695
"COG",2017,63874.85035791227662178,39379660.986136893788571
"COL",2017,424642.23918300574857490,243821901.149792366726720
"COM",2017,307.94321504598262723,154536.513973499858087
"CRI",2017,22051.00225194135085243,12069251.064591958733125
"CUB",2017,76813.80059414868262725,40292848.456071319949473
"CUW",2017,0.82741025589301216,244.898742573903868
"CYM",2017,73.62158437148875746,22145.289566536357025
"CYP",2017,437.26965278383341008,70960.647930712490434
"CZE",2017,26518.115559072957896210,14424316.691789669394777
"DEU",2017,32999.138146159615609257,17581997.522222178784988
"DMA",2017,23290.91323707699100966,13134993.861345283442884
"DNK",2017,4360.353965592222174273,1548793.8452124217123386
"DOM",2017,27063.36265123988144822,13242738.890637108593185
"DZA",2017,45968.587822772298009664,7769364.765909373375899
"ECU",2017,71258.13776083716456037,49566391.382130413929639
"EGY",2017,58.43038358912546116,13806.649257795624668
"ERI",2017,0.0,187.081397295077782
"ESP",2017,98458.688853883985574389,35463479.876584518306388
"EST",2017,38856.693660687796119781,12318213.055881611758991
"ETH",2017,35403.50582711624524125,17583061.500399906676530
"FIN",2017,336198.540592861697985465,75452805.0700751070742666
"FJI",2017,3091.61899762436821810,1646920.068923251596131
"FRA",2017,69249.043253463038774328,34266476.705676166171746
"GAB",2017,38643.62480725166810440,25260388.370885992802199
"GBR",2017,23044.909006995224015169,10585552.754244676687676
"GEO",2017,207.898165376276059428,74252.632157228322566
"GHA",2017,115331.75851409389739062,68138633.662273753196274
"GIN",2017,231588.17311940988219707,109688120.468628616250689
"GLP",2017,60.45295035976834997,27762.975332674315658
"GMB",2017,8.09333774420301617,3637.422743048134291
"GNB",2017,16436.50458230717814737,7027365.596619216854023
"GNQ",2017,11937.86910180297862110,7963128.437241528347295
"GRC",2017,8909.197671390156186551,1893705.515959159050483
"GRD",2017,28.15271755387695561,15440.70149445303072
"GTM",2017,79800.66123628212462366,40764607.536879513239741
"GUF",2017,4144.33696455738864687,3026127.225273698797402
"GUY",2017,19433.51092953189835310,12643432.446122752935666
"HND",2017,113473.43477883628340802,57083898.051021154893317
"HRV",2017,5846.64532348493071905,2695470.2237737299959277
"HTI",2017,5498.75803072597059109,2637555.224641041977718
"HUN",2017,14115.974491460047390465,5711990.914803532193971
"IDN",2017,1300718.37950938712682794,843656546.159259895123468
"IMN",2017,36.23436688272569299,13829.620463731540659
"IND",2017,179259.89255407225353032,102718012.029604909426078
"IRL",2017,6125.482285914551689357,2984550.7111232690705815
"IRN",2017,109.914075090373265667,34130.950272254909147
"IRQ",2017,0.98344518196180537,239.75957408486603
"ISR",2017,99.54904099372828142,26226.016039692090392
"ITA",2017,34091.515669465733432790,10516551.5459899639712266
"JAM",2017,2200.05460055615414609,1190254.826730814842606
"JEY",2017,2.93662193473090312,1060.224057457884817
"JOR",2017,0.98052545507704004,223.255116435323764
"JPN",2017,47612.725014595976328854,22407999.908786290819609
"KAZ",2017,975.176984581334308473,321771.142130982734527
"KEN",2017,22163.23428463438364755,12487122.557327667775053
"KGZ",2017,55.752073407983938704,14433.7985825218933345
"KHM",2017,118467.98610819397427436,70899812.445891613953859
"KNA",2017,3.67844264515516523,1702.073216505326387
"KOR",2017,20757.056090920751361926,7335891.046193599848078
"LAO",2017,349044.10297640687428591,183042261.169179626161869
"LBN",2017,288.20918854333445578,91257.632300018012127
"LBR",2017,203292.57014324515222815,121241414.025786133012848
"LBY",2017,10.45294938037543440,2873.252649513619198
"LCA",2017,83.55703969959852794,45713.412477135577699
"LIE",2017,4.057775238331163350,2398.242163303261948
"LKA",2017,13065.94496322984994745,5718540.885818981099410
"LSO",2017,7.8055546214507378,2316.14828119147256
"LTU",2017,25803.604190272057134970,9259023.828110559466519
"LUX",2017,412.716564265698836806,244297.034013275776654
"LVA",2017,47085.306154818892306279,16208004.556778126737380
"MAF",2017,4.17420893328776037,1281.897651823259727
"MAR",2017,2366.56711858697490271,685294.1528520996494896
"MDA",2017,1092.116612559579011960,368550.691362303633291
"MDG",2017,510357.07765255107774952,264732507.644392917333291
"MEX",2017,298634.38769721087007362,133715837.322832545283779
"MKD",2017,1147.151517532568991224,495821.209716487420833
"MLI",2017,331.98500583250404720,122670.118024660810581
"MLT",2017,0.12519266251085070,33.581229204871180
"MMR",2017,341843.90385980342558671,194282002.908101560043407
"MNE",2017,1268.971619632079042409,404738.293574599410147
"MNG",2017,25238.089429584586186702,3612841.3188368988167452
"MOZ",2017,359023.14794612524645341,133169212.569081678642300
"MSR",2017,0.14751483680555558,92.773009869019373
"MTQ",2017,115.69333389234865192,52948.05592502691779
"MWI",2017,15351.02639709923485102,6518110.528514402660887
"MYS",2017,483499.20786615343906982,257151047.323851097827249
"MYT",2017,44.36385521609317509,23010.799371900029747
"NAM",2017,2.12744568006510413,1025.248298490448603
"NCL",2017,1159.78056947203450659,457341.368696760391596
"NGA",2017,171045.52341545590917053,99570923.351063021070600
"NIC",2017,211698.47992181347021859,115804522.468373923330148
"NLD",2017,1333.202915522730315540,614106.318154328533070
"NOR",2017,57916.639649338556525641,15932087.7357794552570009
"NPL",2017,2394.08393241938502802,1305578.467617587822061
"NZL",2017,74883.640465027915961584,51579686.615421094064009
"PAK",2017,186.36409514577045533,36292.354343986354194
"PAN",2017,30970.05497749995304324,18162013.571989862055777
"PER",2017,303216.79366880843276186,183923678.675317463057747
"PHL",2017,114280.31377704294809901,69354647.825190419555859
"PNG",2017,117508.79802494306278521,89561599.214352714108237
"POL",2017,96251.121675314958547809,39202400.6776005610818695
"PRI",2017,56205.71666167988696507,33119433.645402377906190
"PRK",2017,8520.854667518374934922,2632517.135245378842692
"PRT",2017,173894.26173088864207533,40879850.299326643923683
"PRY",2017,360073.37744380263032486,101493886.7319305216294356
"PSE",2017,1.70296878078016498,478.403856597399274
"ROU",2017,19187.291055080579360190,9967952.261914963326368
"RUS",2017,5288940.621115558647918477,994105084.3170242526875806
"RWA",2017,2731.12546874516585293,2030992.259298832077669
"SDN",2017,74.64733217465934871,20744.27793179372533
"SEN",2017,391.79548266343956913,148621.512040120511429
"SGP",2017,262.65034720572864219,112698.102806376248574
"SLB",2017,19761.53861861984791930,14676941.074853400495306
"SLE",2017,232752.59575916433194002,116154068.417213811833293
"SLV",2017,4745.18551727510482305,2385323.801242915830066
"SMR",2017,0.05572152468098959,12.540996547356482
"SOM",2017,304.89673329013727793,67440.88227674828419
"SRB",2017,3570.585906969310172996,1768716.748977984730302
"SSD",2017,6856.15022777226892663,2958002.611744756949315
"SUR",2017,18018.09235634426959843,13408857.075060732199098
"SVK",2017,14212.033054504204007314,7673885.942488435837129
"SVN",2017,4888.343302570041444161,2892349.999795299145555
"SWE",2017,331217.290512784388905916,89283308.346804156758128
"SWZ",2017,6376.64179823002659164,3978554.149223719174284
"SXM",2017,4.54094752444770006,1413.34974930676419
"SYR",2017,2146.56960350230824825,544591.758656962503446
"TCA",2017,32.83492385395291242,9874.217875402513213
"TCD",2017,6765.21493014081119146,2051807.825555368216985
"TGO",2017,7107.01408327026811504,3967943.211494502373163
"THA",2017,196352.84616360525950587,128256682.586502834614652
"TJK",2017,0.121153871890190975,27.909439576145180
"TKM",2017,0.061047255041232644,8.156620660066883
"TLS",2017,1713.47123931018191430,889124.700285339051234
"TTO",2017,739.11102977876790159,447854.558660190462326
"TUN",2017,8533.949301313345924098,1498660.386902163671352
"TUR",2017,33901.001345002444734848,11116444.726437525528501
"TWN",2017,2584.12053630934963453,1494400.394028032532696
"TZA",2017,194869.32014424337839390,69868610.522579768573557
"UGA",2017,116903.45408021480749831,51789146.828855159786818
"UKR",2017,85860.909029801442011239,34975118.714715359569308
"URY",2017,21902.22130237979900999,26652180.976565840960013
"USA",2017,2311359.169842043846005269,1045927100.2520177235102051
"UZB",2017,1.69413304671874987,468.35501380583608
"VCT",2017,30.79834999634820627,17553.94516524565388
"VEN",2017,166997.72796326981655311,81681083.195611629691303
"VGB",2017,229.36256174673596387,107839.269046230981424
"VIR",2017,1126.42514876556580679,601236.530206119084077
"VNM",2017,286999.88898031558139384,223722797.752647528404163
"VUT",2017,436.09194112168085697,211721.642699276020081
"XAD",2017,2.6696409058029525,1336.7717107567741
"XKO",2017,623.824789098027506594,339038.703579931416258
"Z01",2017,65.38839868039714661,40377.37844765202174
"Z06",2017,3.88264601348958342,1167.83088780105258
"Z07",2017,10095.61688582002573811,5587897.674805927841148
"ZAF",2017,94055.71786230869302856,58307644.455467206967525
"ZMB",2017,162432.26653059456602744,59201594.296125167046257
"ZNC",2017,55.3156565458506950,16250.650046692773078
"ZWE",2017,25913.69026559236744415,14474305.215674836687672
"ABW",2018,0.30063088600857207,267.736135832476798
"AFG",2018,25.70584525390193071,4893.054193943659291
"AGO",2018,242522.37313511730454854,89647420.923452274983246
"AIA",2018,0.2194748151323785,84.02995717261251
"ALA",2018,619.706688772781151896,181647.463442202174885
"ALB",2018,2048.293201690133919746,724314.470138291261666
"AND",2018,14.88821363372612967,8135.38837518145541
"ARG",2018,172964.436587420637291974,46126951.0945058335122875
"ARM",2018,5.902521853192274924,2190.958827760913127
"ATG",2018,162.81460598863818825,58273.983110401424866
"AUS",2018,250753.711392615401270982,77166652.855294392988393
"AUT",2018,26335.066923810206281424,14983029.281936405471811
"AZE",2018,75.328639755670637251,24321.786716421633832
"BDI",2018,2874.57519478758818741,1505236.863065120326185
"BEL",2018,4630.804507176120778475,2597792.885444695338280
"BEN",2018,1820.56369868422254698,804429.940801334957078
"BES",2018,0.44077927154405383,201.48683264279984
"BFA",2018,0.0,1103.552114843333902
"BGD",2018,19342.80015086307928742,11326111.120828261281647
"BGR",2018,9753.92147783372329740,4702712.011773047120994
"BHS",2018,913.74907637080788458,305050.282737015127446
"BIH",2018,2673.232016901243264300,1475595.954807782740334
"BLR",2018,87446.285678601966483545,33410462.570880469585067
"BLZ",2018,11162.54226851822227511,5318898.452690341718149
"BOL",2018,301917.65164359446870479,133502800.196699289221175
"BRA",2018,2948392.52884155799972050,1724598326.3973400468474155
"BRB",2018,22.63424414733722576,8708.815801535029788
"BRN",2018,806.55774531457356551,527491.866311963213161
"BTN",2018,1240.06448959203718813,590922.302621918884802
"BWA",2018,2.62494387281141505,682.380329116162112
"CAF",2018,40913.14626204207534117,19034775.499161608670247
"CAN",2018,2142936.812963152592875249,824912652.655453739851637
"CHE",2018,3134.439616724524934360,1806253.678314677795306
"CHL",2018,76893.377242162135195624,40716511.574988905247782
"CHN",2018,569767.25946294541572457,279209190.878513739528216
"CIV",2018,324680.77854971300728053,183986452.255318526892059
"CMR",2018,120813.73525862568964264,76362685.824322777867137
"COD",2018,1373826.56604103580788877,900546805.683612775508269
"COG",2018,62697.82920092167895491,38976948.267018328598788
"COL",2018,352219.12797348920903932,207353148.197474671337457
"COM",2018,218.15903529950534798,115554.452342507283824
"CPV",2018,21.71358060700628879,0.0
"CRI",2018,12334.40910492579269417,7178251.719031576295911
"CUB",2018,14955.10306669445556247,6638545.562394935550400
"CUW",2018,0.75222388673773867,275.19588932665397
"CYM",2018,42.38853785286678450,12929.447282272120687
"CYP",2018,32.45037143414713036,6832.621247909977738
"CZE",2018,39194.873835705724911445,21678407.923003036267154
"DEU",2018,52238.957968991986411321,30083511.773804533716046
"DMA",2018,778.56520479542283958,415345.674717520752177
"DNK",2018,3161.625253422650320620,1144826.185780029514908
"DOM",2018,13970.35656141529360511,6726204.135205445172219
"DZA",2018,5761.367891192526713198,1459604.758896139329276
"ECU",2018,38747.92180841488176338,26843158.515275485916102
"EGY",2018,62.73815149738497000,14983.865223338308426
"ESP",2018,119648.839104224475785522,51937571.871133098217589
"EST",2018,40037.877212862136819035,12871209.730408849515044
"ETH",2018,18894.24322274952793537,9485326.093636076023453
"FIN",2018,269954.625923517338406952,62060854.2044751673993441
"FJI",2018,1366.93536312733414370,729872.091891206487011
"FRA",2018,69201.663429386099118494,35861513.940055735127383
"GAB",2018,26787.90257798479059575,17352595.950932327721417
"GBR",2018,26250.320682858051154835,12132304.1352678226011715
"GEO",2018,300.049159958878042440,112097.079681593050354
"GGY",2018,0.20145048737847224,78.80721180145521
"GHA",2018,151530.49019063331528522,90953372.681167196490839
"GIN",2018,182895.05287649571572763,85133011.859332625673370
"GLP",2018,100.89858279946665684,47588.012697072646784
"GMB",2018,6.14594194131239147,1707.409653765091524
"GNB",2018,14394.17075915071151065,6286861.283361697762352
"GNQ",2018,7824.05225485987876533,5142936.997399838018654
"GRC",2018,7122.668737333894588106,1837648.259168329520580
"GRD",2018,109.80815758138183384,66659.722702906550034
"GTM",2018,71129.17704417862465098,36711340.919794493549167
"GUF",2018,3738.63434819543251207,2788582.964395532790588
"GUY",2018,11761.05242713646040368,7474245.910982921492930
"HND",2018,76254.84923377157365599,40129404.581584668745834
"HRV",2018,8285.340237986674503476,4250050.446896562838722
"HTI",2018,4131.55180499139759688,2022191.546551747153715
"HUN",2018,13808.831790283191614004,5671956.761103810142520
"IDN",2018,1218733.12768500151423174,776780749.200314272339272
"IMN",2018,23.6730372366189203,8805.4208506928480
"IND",2018,125295.26807157559812547,69710610.596132642868773
"IRL",2018,8381.487118725921211890,4204638.362995809254349
"IRN",2018,67.989587893654501545,13050.1335369484506055
"ISR",2018,39.65515358359266854,11010.829505370805977
"ITA",2018,38839.619788522428992396,13915283.556087852101352
"JAM",2018,2232.63611540212102251,1233398.521928870402209
"JEY",2018,0.10123078691840279,67.66494206395297
"JPN",2018,50506.690389593705493761,24081351.204119858123424
"KAZ",2018,1138.88781485711323626,374910.4900891830497318
"KEN",2018,15908.26164030239970833,8243001.136791524830951
"KGZ",2018,17.37103547119140661,1156.387092788707435
"KHM",2018,113205.48582976533860012,66258940.242098173749667
"KNA",2018,4.85461569453993066,2610.062096437410384
"KOR",2018,21848.378332811197758388,7770243.148647247583279
"LAO",2018,294657.80019348882948551,153368921.824508277418538
"LBN",2018,255.74116844648762963,82351.132279685305375
"LBR",2018,204932.16293762251902007,122750918.828582219987047
"LBY",2018,2.92231886577473980,858.242048901116335
"LCA",2018,33.78015339789496655,18677.288144299058331
"LIE",2018,6.11404858589409763,3037.086974979400029
"LKA",2018,13160.78491125228812955,5441128.532566125782957
"LSO",2018,7.72213771004340380,2368.96045101482521
"LTU",2018,19749.844356467176005994,7284928.594809901719833
"LUX",2018,457.782299683658907165,278049.926429251499615
"LVA",2018,46923.521359871378987639,16682319.8315595966212015
"MAR",2018,2078.01749857905671936,722064.573907742106069
"MDA",2018,861.219109267732344756,307411.737810447094335
"MDG",2018,366620.01320705144205756,191972308.5025404402307810
"MEX",2018,267178.47703236318467798,120401062.644690958759527
"MKD",2018,1542.931312803364146926,674126.968112333576060
"MLI",2018,298.79918577201932131,101466.94263805457567
"MMR",2018,278708.43853388664278294,156670727.501490119855464
"MNE",2018,1652.242790739477316569,744494.688084102161972
"MNG",2018,9224.329045354856293948,1392631.9879872060420809
"MOZ",2018,172404.61919046994391027,63782452.146467395578677
"MRT",2018,0.0,300.71459764829050
"MSR",2018,9.44280537019965513,4931.19209410911152
"MTQ",2018,51.24024817145399883,24804.189956165299073
"MWI",2018,15519.46143611538646442,6483756.952836560431599
"MYS",2018,438009.45506251981541759,224267429.909771125120861
"MYT",2018,72.58350490233121284,39934.076610655207791
"NAM",2018,7.93315108103733348,2285.385394151140921
"NCL",2018,3069.44107184365176450,998834.550436233291543
"NGA",2018,119823.06801515973287334,69963778.704756717100999
"NIC",2018,71360.74012094167340765,41591929.953200885934322
"NLD",2018,1271.179917872526295020,593707.151843394970835
"NOR",2018,59219.471229697969755509,16716065.7814138791684363
"NPL",2018,1672.11661051246070724,945120.436750971226852
"NZL",2018,79228.114259537211573378,56297779.839825196402468
"PAK",2018,73.64783526847981075,23256.28852153083640
"PAN",2018,28013.26025935756404695,16539456.040096816297557
"PER",2018,211643.25036817368854676,135357008.206922914425207
"PHL",2018,70533.19669475200183899,42945381.607537515419912
"PLW",2018,3.89126619202826643,2738.030310778768146
"PNG",2018,117934.87364562533071046,91136485.310928417851796
"POL",2018,96846.195291840616704943,39961906.545456827883169
"PRI",2018,1227.87992786876536479,670988.215068668090213
"PRK",2018,7691.721813411918483505,2341798.824807235574403
"PRT",2018,97437.236060027353621380,31377924.193658075770687
"PRY",2018,258769.27780851121789767,64632968.667034587455419
"PSE",2018,2.02768764523546058,548.934669748669636
"ROU",2018,18974.387463229501815297,10347993.843681974750227
"RUS",2018,5560431.581131929510444443,1110873761.4130354993909378
"RWA",2018,4291.07537441494273569,3486319.475736215345716
"SDN",2018,16.1157628217578149,4809.97467169252746
"SEN",2018,300.94409676495793305,99466.550999837643909
"SGP",2018,289.02683051019597845,126136.940523041218582
"SLB",2018,17824.77894856255403423,13396464.707006916063710
"SLE",2018,188217.97130127379545187,95940163.962374949098094
"SLV",2018,2703.34751938074943984,1378474.639415183957993
"SMR",2018,0.22314501609375,56.95430170028166
"SOM",2018,43.96594224073670443,10107.951837011390621
"SPM",2018,0.42455700738715274,0.0
"SRB",2018,3966.381087852911944038,2093585.315444543166133
"SSD",2018,2640.93805290876650279,1127226.989344755376111
"SUR",2018,19000.90114784524771407,14244382.055911966591770
"SVK",2018,17697.583252592930912730,9970717.744842687794239
"SVN",2018,8215.194085072721436051,4894311.879515667372223
"SWE",2018,290151.347718357212093676,79406481.3586621493619965
"SWZ",2018,1919.84958659882955761,1362134.820863337931251
"SYR",2018,903.42889385926539766,253664.278340343897272
"TCA",2018,36.12955168661892676,9510.145428894782983
"TCD",2018,6931.78333732772677691,2105158.109883308060230
"TGO",2018,6762.41939020875174282,3756821.411774433962773
"THA",2018,133517.48639988677411736,88645647.411689557247620
"TJK",2018,0.1800544646527778,19.137934553848055
"TLS",2018,1243.67484914857272005,649171.403333569553537
"TTO",2018,947.23956202933415488,563737.413504880048316
"TUN",2018,905.028145204758386546,230010.176252081718500
"TUR",2018,35668.330839898930662073,12792282.780856605863111
"TWN",2018,1901.45037543690371031,1124347.682795463787868
"TZA",2018,171703.42479406283306505,61013851.879030715134870
"UGA",2018,86229.99575000540299013,38982618.127453981351209
"UKR",2018,74423.767856468019251781,31389733.824934998586617
"URY",2018,19531.28667686900471350,19041091.9636344513467065
"USA",2018,2092360.695626054623517572,939855314.3429096772854105
"UZB",2018,0.46610425407335072,204.9161920974781931
"VCT",2018,17.01207724403702756,11436.19878282317272
"VEN",2018,112166.26414638443096352,54380920.802764845529537
"VGB",2018,6.21236764107638933,2525.937075083109035
"VIR",2018,45.39200020479275865,18114.726409847858374
"VNM",2018,225177.05356055467724859,184283711.909653960247925
"VUT",2018,1031.35033539518627331,682830.004525931606212
"XAD",2018,1.65273739651041673,683.96182705927958
"XKO",2018,593.89405119405374008,336308.711054154247507
"Z01",2018,71.95398580370226171,44067.612005148213342
"Z06",2018,1.91385396440538223,801.01533126615631
"Z07",2018,6865.77263752848162934,3885705.356988205580904
"ZAF",2018,63666.82299717242063360,43150210.842628198644245
"ZMB",2018,143920.34077531803978567,52959398.967113240897555
"ZNC",2018,35.10801199195747191,12092.77783991586914
"ZWE",2018,6541.81211360565339500,3468687.297198668725483
"AFG",2019,17.11506675814453245,3708.260846004532714
"AGO",2019,175076.52078336952005049,63316276.915187752619965
"ALA",2019,2361.250917574538744292,720878.788551385253011
"ALB",2019,1073.500348725938163595,429980.0264202080449835
"AND",2019,8.039982792960070976,3736.01361719565288
"ARG",2019,145459.389704971892336679,41222774.4707935743990918
"ARM",2019,0.706427593621961835,269.698208906098318
"ATG",2019,23.41031010710397289,7263.333554076864581
"AUS",2019,1661547.111942415743860629,331810427.4701124593399640
"AUT",2019,33659.510352965242342145,18605091.394626700980495
"AZE",2019,11.94976342916666717,4127.076453581034411
"BDI",2019,2386.17622536835864415,1281777.634622434143798
"BEL",2019,5577.118212720532575861,3127105.092056822842915
"BEN",2019,773.15092047922098673,340605.446169750954484
"BES",2019,1.5425652265896273,607.8565244278791
"BFA",2019,0.0,999.63416162154066
"BGD",2019,22078.75883191466841497,12846291.356397473325458
"BGR",2019,4125.018881264945799128,2005757.745329922275948
"BHS",2019,1557.77356329313390212,482793.5519480974664243
"BIH",2019,1232.210397055444902039,716517.561844456534266
"BLR",2019,75048.525075755361398464,29067906.175184299907883
"BLZ",2019,18437.34927058437170638,8692531.736121221569937
"BOL",2019,853555.96891393458452680,248085230.526872271231114
"BRA",2019,2696542.17879501539684102,1539117464.746166291210395
"BRB",2019,53.66338849330901964,23316.553176863351463
"BRN",2019,1168.45755000401449765,715726.867932133902440
"BTN",2019,819.65376990096357839,434998.112547283383952
"BWA",2019,0.07219066732530383,18.292376626364575
"CAF",2019,49026.61679440041011181,24080045.940928586097128
"CAN",2019,2175716.167516485516818121,894137662.4586653442054425
"CHE",2019,3518.020686783958815252,1950146.804348721815435
"CHL",2019,78733.740838194637633458,40023898.487645884042514
"CHN",2019,497026.879117842387913440,232741529.2698931774631595
"CIV",2019,242201.77111878181865766,140118737.455393933932761
"CMR",2019,121799.82096113587496980,74606776.550260243221926
"COD",2019,1220241.16529112850990095,821923410.541249556551608
"COG",2019,73758.07861714315874123,46062828.958487195571171
"COL",2019,268476.52853669851121523,154538499.348159060852858
"COM",2019,280.49728503887204573,151139.46311567230242
"CPV",2019,0.1486707659309896,0.0
"CRI",2019,11488.96239748971762104,6734775.939520744218521
"CUB",2019,7463.60839057388374923,3060937.3241569851737095
"CUW",2019,2.1818032075661886,740.8764644020126
"CYM",2019,10.76036729791232726,9020.065505411301829
"CYP",2019,43.45628981809461348,13275.538293002920574
"CZE",2019,73288.680232863364133723,40245217.756118391096893
"DEU",2019,108232.909744620660100479,62188877.172595466439196
"DMA",2019,58.70914486738768335,34982.800071366811746
"DNK",2019,9180.333627167244341854,3353803.162165293747367
"DOM",2019,14930.91128902382105223,7022343.082342489761562
"DZA",2019,6289.924955111390577663,1388081.609776402484457
"ECU",2019,35715.29204678776678733,25223206.024943052918122
"EGY",2019,20.90405680939561275,5666.884304500207870
"ESP",2019,71021.864828331259552413,32172650.014687932833793
"EST",2019,45917.245814342061717185,14976886.687114078922614
"ETH",2019,25582.39838615165869882,13596511.775854254145085
"FIN",2019,289910.433963487098651572,66535554.5206188226968899
"FJI",2019,1455.84047928457252611,824986.936064403922685
"FRA",2019,81304.447682624971932879,43666510.501395924121622
"GAB",2019,28561.01882431759699530,18745575.008727838371710
"GBR",2019,28392.882897568531475448,13323648.788928523692873
"GEO",2019,166.186343996532111816,84312.626509042284843
"GGY",2019,0.3008211251041667,111.31726380792624
"GHA",2019,88265.36798248114484917,54422602.335952200210911
"GIN",2019,193689.93216448477104702,89890345.555926462697543
"GLP",2019,70.26019322572591507,30890.089360182352978
"GMB",2019,20.08557126249132895,6338.18036296709825
"GNB",2019,15622.72825428658146023,6933209.399920260712369
"GNQ",2019,9526.09500578094820511,6443786.834066562065941
"GRC",2019,7604.947201074258842214,2114252.645601730352810
"GRD",2019,21.06297714314399146,11326.27072081338450
"GTM",2019,90261.35709486278121034,45397414.680923861456631
"GUF",2019,3297.92582579197848699,2525732.891334743046354
"GUY",2019,22324.19466286762467803,12252531.365559103253200
"HND",2019,81415.85952949339715950,42347574.838261954092919
"HRV",2019,5977.626809427684509785,3094312.222607947315568
"HTI",2019,4395.44081062647666704,2059385.120318952327127
"HUN",2019,14401.012381995810645937,5969764.092843948135583
"IDN",2019,1176883.45165677366577828,754598043.755043347756068
"IMN",2019,39.41001702511285919,15054.676220554104074
"IND",2019,115903.91004132520116557,65075424.971201285842030
"IRL",2019,10354.220143685037816780,5093237.687396686438439
"IRN",2019,144.056464964223097990,30710.624844023748235
"IRQ",2019,0.06209721399739584,22.73801260951708
"ISR",2019,54.35792290111435350,17460.913938224940076
"ITA",2019,59702.146532816762833874,25080837.9982796532083553
"JAM",2019,2292.15580609812640430,1248135.032875188140717
"JOR",2019,0.58736446819769968,111.320569552595228
"JPN",2019,51380.500391523364465312,24958838.654127354056764
"KAZ",2019,1281.725583989125497602,464993.8931039433578115
"KEN",2019,15950.47570762959641661,7290048.208808432240295
"KGZ",2019,15.72676642753037917,2188.357291934832447
"KHM",2019,143345.33390736586930557,82653669.367045747580664
"KNA",2019,8.90336391154730974,4528.26992458750114
"KOR",2019,20730.843380745185019091,6969517.920284520857534
"LAO",2019,364695.13496435000955166,189118531.593044783449294
"LBN",2019,389.80778729658753702,123108.3131206624437775
"LBR",2019,171765.61797923322227550,106079525.784732030575414
"LBY",2019,2.14434264185112864,638.341101836383267
"LCA",2019,21.89532865355577146,12408.722411621202545
"LIE",2019,11.544410222528209688,6892.290507100948315
"LKA",2019,10307.14289287238335264,4349951.706219660458853
"LSO",2019,10.20990833923719843,3405.58986060859476
"LTU",2019,24565.204584139422957334,9081172.895616516490849
"LUX",2019,509.19765510358730323,312990.693373043138275
"LVA",2019,57402.930579995169498568,20575781.139149414920638
"MAF",2019,0.51260368655056424,151.29555708785517
"MAR",2019,1250.01748588565042376,372407.399287322453314
"MDA",2019,817.159428098630683439,292690.232059831992109
"MDG",2019,254242.66519554088848843,126781899.895419251656632
"MEX",2019,327305.42728557836614244,149681742.748633412396431
"MKD",2019,1790.296992155974385504,849364.765834426738469
"MLI",2019,210.75723679909063798,69419.305743432865660
"MMR",2019,309418.45824321846850892,172933429.105447740597380
"MNE",2019,647.236633280466614685,375066.141022649763073
"MNG",2019,2815.422969558708051481,900233.4782410765105113
"MOZ",2019,235664.24820953398978443,89377883.158716440415327
"MRT",2019,0.0,97.981958895825201
"MSR",2019,4.64687765316948788,2406.489905232412256
"MTQ",2019,60.54677782825303549,28501.274732054743045
"MWI",2019,12149.38506320338400197,5266828.528607581633338
"MYS",2019,395404.58431471112754759,198271969.907641041243768
"MYT",2019,34.90639031589900693,17915.892534295794477
"NAM",2019,1.96699585995551219,360.470430504953837
"NCL",2019,811.97016784848385618,285285.862903607658723
"NGA",2019,86895.12476145212569862,48762319.702688386296444
"NIC",2019,77828.93451551607799271,45348663.257912044627018
"NLD",2019,2481.473998876966847675,1190134.140872782083221
"NOR",2019,64784.172063588028729214,18571407.270562452066183
"NPL",2019,2086.96085386084759793,1207508.679344963505257
"NZL",2019,71430.76196932552521416,52286577.180837245283439
"PAK",2019,78.28540945318578365,30258.6104901097516314
"PAN",2019,34034.10982776147704320,20000923.103577352301419
"PER",2019,231172.95714825111820444,149940443.523892612254730
"PHL",2019,64038.08109387344094021,39167361.840956832839321
"PLW",2019,8.69836226629638601,6890.41159066381137
"PNG",2019,95134.67482187430128578,73019357.818986430847687
"POL",2019,76721.074240562332309415,33068111.869025233075031
"PRI",2019,695.02114087957041057,333446.413423086524286
"PRK",2019,27491.952771013699404141,6471517.0482889740046035
"PRT",2019,36885.657364763705826096,13452567.178208041678463
"PRY",2019,312985.83175547787152754,76259357.933973345708576
"PSE",2019,0.2624685463943142,95.65179888579192
"ROU",2019,12266.127869953108685614,6625499.039894028550258
"RUS",2019,3686557.281675803130587776,600296950.0943823444701504
"RWA",2019,2516.13981508587807368,2153727.478187408307669
"SDN",2019,56.39586824043023918,17968.67631498029528
"SEN",2019,277.64000257541922033,80541.789954908086707
"SGP",2019,287.95075812156049609,141840.236028114953149
"SLB",2019,16550.67233884764408294,12288733.355427701845195
"SLE",2019,175466.68836596345529694,91645798.597764398499089
"SLV",2019,2249.15876579755777541,1132814.641456161770822
"SMR",2019,0.501878941686198,151.973399962775
"SOM",2019,374.13892427585138400,81364.211277531258941
"SPM",2019,0.6368403754774307,0.0
"SRB",2019,3962.211902648626405976,2053630.5179330978242955
"SSD",2019,3753.36179750321162729,1643348.244828734952861
"SUR",2019,18454.11214424600035264,13772287.062169608065333
"SVK",2019,10331.958200613207134813,6113929.740778008473869
"SVN",2019,3444.440936633756839632,2013748.579614781046110
"SWE",2019,332890.804261404979209322,93119997.7906269273709150
"SWZ",2019,4116.62952577534943560,2381861.8661069920257095
"SYC",2019,0.8351447150564237,773.17634144549227
"SYR",2019,1176.52027477614227077,307494.556203619110677
"TCA",2019,17.24336371313585155,5272.699209009686640
"TCD",2019,5058.9267387286388702,1488935.888345094269000
"TGO",2019,5187.66425017166402034,3069610.535801487102431
"THA",2019,129770.76351443516425280,84042946.343883932368680
"TJK",2019,0.059565943791232645,24.44788437123789
"TLS",2019,1501.46983487714265443,777308.202599135929446
"TTO",2019,658.35834211459088408,394802.460516269004532
"TUN",2019,573.516909584069635781,161861.879041591100539
"TUR",2019,39117.934327150214417615,13724161.813556019194122
"TWN",2019,1426.27423970394520020,859982.681715092458386
"TZA",2019,142771.01357221261703020,51871642.485818554511259
"UGA",2019,63267.53282701146073313,29706199.443166388732571
"UKR",2019,45143.775820619773258138,19064583.607601129489582
"URY",2019,14521.90103738390131530,10295084.330423091188245
"USA",2019,2109922.026010733132278204,906918645.3693250530835240
"UZB",2019,17.63890151589844277,6768.125388976438222
"VCT",2019,11.61693048892795129,7356.16851311374416
"VEN",2019,140698.91803586619163989,62548758.447197635537337
"VGB",2019,0.87699208941080738,351.015547133118988
"VIR",2019,19.58205995306640805,7817.656038907548884
"VNM",2019,216776.91393863605905735,168327331.029001140967538
"VUT",2019,251.57034171083495265,128635.994765118863693
"XAD",2019,1.3986241717925350,416.20210620949311
"XKO",2019,697.399454282525879638,392325.419152900691660
"Z01",2019,25.90482638726996560,15094.42069060909298
"Z06",2019,2.95767513256076388,960.762287675741938
"Z07",2019,5224.69299186992658302,2921760.185074586246506
"ZAF",2019,76139.96713459634493987,45536342.006563782783707
"ZMB",2019,124579.73697520787842048,45845159.999145489964615
"ZNC",2019,25.1274156027734358,8787.188870654772626
"ZWE",2019,11514.47862500643184629,6233020.785613913859083
"AFG",2020,36.58230789240667949,11409.236816046643564
"AGO",2020,247979.44341863593687455,86438597.466079507023844
"AIA",2020,0.14632985609049481,47.48156422402951
"ALA",2020,673.411287509387547378,206496.593648586017352
"ALB",2020,1116.970242067361540222,426637.121632259554796
"AND",2020,27.49449198667968534,15049.18263725887472
"ARG",2020,197404.200989013247765951,51415361.4448729961610825
"ARM",2020,18.54296916338759123,7719.003747908707907
"ATG",2020,15.23599393617404470,5613.272930142093062
"AUS",2020,2356517.983653598898865221,564775622.5580246681587636
"AUT",2020,25940.408163143579796091,14782455.5373781039422935
"AZE",2020,22.774961494372840585,7882.792927690613633
"BDI",2020,1856.85177499982059557,1104775.863124324692591
"BEL",2020,5408.582106970414084716,3121888.197080616257318
"BEN",2020,1603.04791630123532574,816390.874291024054862
"BES",2020,9.69795470649197125,4027.071001815235025
"BFA",2020,0.0,7498.210552122835132
"BGD",2020,21475.59137844708341667,12491380.780686226136921
"BGR",2020,4795.214784004511815349,2305845.535540138316164
"BHS",2020,2696.17849708248671953,949602.540764750753889
"BIH",2020,1842.180257719705121741,949485.339984435720007
"BLR",2020,68932.175516464009349950,27668616.015381001979265
"BLZ",2020,26721.58744571552353451,11881789.929784109128730
"BOL",2020,428902.86426320481532343,159586977.675788421423687
"BRA",2020,3290644.63117096174273034,1686981199.633171588842435
"BRB",2020,22.10970874015734249,7922.326130859158162
"BRN",2020,1166.42756850767157157,741056.298193605362925
"BTN",2020,1288.37448758953047897,708319.472623093232456
"BWA",2020,1.81525809188368081,446.772637361570328
"CAF",2020,55136.83110016811112298,28748622.507212197126145
"CAN",2020,1195271.063623760861415576,370818919.7765048005711590
"CHE",2020,3927.994574761221998613,2433169.893179997851129
"CHL",2020,70568.259845053465961150,33800672.525223115249564
"CHN",2020,422361.06929149859708034,203361542.3399068004292455
"CIV",2020,248549.65606758051949125,149151918.531940293935264
"CMR",2020,202795.51540921703096423,134019658.081456314283245
"COD",2020,1310238.09473405478670979,866308623.801545695773271
"COG",2020,64540.48509085224675259,40771968.306838286205273
"COL",2020,324203.09775475908452878,194107018.8735024090802025
"COM",2020,265.51162030653214086,140262.950546525866762
"CPV",2020,6.5394375064735244,0.0
"CRI",2020,8248.60491812551542526,5036019.084653197128100
"CUB",2020,12618.45341911080641528,5048540.462652568189761
"CUW",2020,1.95612769982530369,617.129039093337302
"CYM",2020,8.57770746025173522,4871.068969511989356
"CYP",2020,33.19479004149956143,7960.869035393766093
"CZE",2020,100267.37124467792725170,56532188.416106467050811
"DEU",2020,186938.861286665976845736,113178711.112771083151285
"DMA",2020,65.61122506442003270,38300.15981878436382
"DNK",2020,3193.593482203414406607,1219078.1583512646976085
"DOM",2020,21441.30738443467245794,9991378.652069031253270
"DZA",2020,13072.357037419773117920,2388391.207967548802220
"ECU",2020,48963.23868776016903471,35610333.718796476849996
"EGY",2020,18.13907616891275972,4436.577070061876049
"ESP",2020,101988.176393417478108016,46471662.898540837340885
"EST",2020,36805.569045306603844500,12188184.484197212763145
"ETH",2020,17980.78234328901386593,9345941.365633130590647
"FIN",2020,254472.600298344497736776,58901662.5404085374003985
"FJI",2020,2066.83206738262274484,1163564.524592169397434
"FRA",2020,77745.737139422101021544,43954858.441658002195717
"GAB",2020,22022.19705051162477972,14396097.186042702771618
"GBR",2020,22836.270154015513390197,10655432.824430764709072
"GEO",2020,222.153776001503918145,100003.385270018268716
"GGY",2020,0.2014560815060764,65.61830819889053
"GHA",2020,136613.33537539588679325,85990950.139335684810749
"GIN",2020,178406.70874928501437047,87622638.686395215776444
"GLP",2020,51.92330283529622728,23333.334902226368582
"GMB",2020,9.89257143620659903,2542.108375714034104
"GNB",2020,17107.80284895022880065,7793079.483143947824092
"GNQ",2020,4870.64700301007264032,3386690.710986657960677
"GRC",2020,5427.825421510588784712,1505724.973797817900060
"GRD",2020,18.43700219297906004,9889.894853889663220
"GTM",2020,98561.32396590552683213,45999532.343520376663709
"GUF",2020,4289.37669249657901850,3287405.272471411511477
"GUY",2020,15769.97951732442441138,9930553.051241240248719
"HND",2020,93648.79185482426939722,49588446.683044543348359
"HRV",2020,6051.722610220720448862,3145814.096494111261287
"HTI",2020,3802.05673911145161327,1813369.660440564338814
"HUN",2020,12016.303963450474130929,5029995.178258178743506
"IDN",2020,961584.79717963133125936,604785144.994081775762768
"IMN",2020,14.25881806646701482,5294.711810409094492
"IND",2020,130854.60339082315757827,73262413.105913585645090
"IRL",2020,6212.890538965919384038,3143162.759516609693579
"IRN",2020,20.192009289160152756,7299.502582944605205
"ISR",2020,46.46654973852538901,15030.291042437634970
"ITA",2020,28245.356767884453654723,11108203.513337897966605
"JAM",2020,2169.74570218075833480,1188493.387610095942073
"JEY",2020,0.30383212113715280,124.948486574380648
"JOR",2020,0.19579483644531251,52.612371304200215
"JPN",2020,48058.221412997919350615,23664332.149151962095472
"KAZ",2020,1853.267679175215843331,719353.555662732502881
"KEN",2020,19045.37283900203724713,9418784.592469385153950
"KGZ",2020,11.89814012151041831,1828.41181074333001
"KHM",2020,143528.98846973180610135,83592793.743688520752957
"KNA",2020,10.14993487445637951,4711.830470344761475
"KOR",2020,20122.304110373559666575,6755238.731871120293046
"LAO",2020,357519.43862173192443809,189105057.872876817422239
"LBN",2020,473.08464572179388747,149423.489645542504453
"LBR",2020,220121.97838960667572906,138137645.971160131283597
"LBY",2020,0.78090105616210944,94.9768216815563575
"LCA",2020,40.73259010682671385,23210.647840157461321
"LIE",2020,3.21449726384765691,1985.26508724627423
"LKA",2020,11215.99147357759043028,4635019.078580403642020
"LSO",2020,16.13182196853624154,5436.342956905080238
"LTU",2020,22970.527799865065919745,8721063.620848518202366
"LUX",2020,654.519188711011268856,415291.412250951714490
"LVA",2020,50462.783828106705925900,18508731.236382892207854
"MAF",2020,1.61110014099717890,744.383696037715316
"MAR",2020,3620.77965439201812015,802549.331002346553632
"MDA",2020,1413.315172163183611320,507661.449408041751072
"MDG",2020,241112.00477303661409653,128728688.756440292944750
"MEX",2020,299298.44958654743120181,131821342.352134813634770
"MKD",2020,1856.137405649019146889,878790.317535293642299
"MLI",2020,148.84741201595268274,57700.104235352865704
"MMR",2020,310005.38153156865290356,174544477.457804395556784
"MNE",2020,983.183855986670907195,545397.080851251170527
"MNG",2020,464.617516136349764024,174153.7427083256015716
"MOZ",2020,232523.84531724310775047,87350891.307159534207892
"MRT",2020,0.0,472.00626987143860
"MSR",2020,2.21254263953559039,1008.985582602693051
"MTQ",2020,65.09517640956979260,33746.211124107698909
"MWI",2020,16070.14046082541831568,6889093.092842800717356
"MYS",2020,268775.04833566062639902,130887877.187902999141406
"MYT",2020,166.78849063975112256,88606.865379819580021
"NAM",2020,1.46098344458441847,347.252133923826140
"NCL",2020,4065.97549624897209480,1344093.208014975897836
"NGA",2020,99199.51603081963642843,60468255.996572093731321
"NIC",2020,111296.12941590367862986,60436447.859194423109513
"NLD",2020,1921.808177094026117149,937845.887949807915532
"NOR",2020,68362.848221985160661449,19584734.4267374971509445
"NPL",2020,2232.81156351152800481,1249913.841888795510969
"NZL",2020,60924.632569294136161494,45474945.745059332547312
"PAK",2020,66.93545053930772346,24763.815733857978625
"PAN",2020,27379.02438371940298468,16155887.463974595654030
"PER",2020,278604.09826143233402426,179379712.819180700008244
"PHL",2020,63727.29573765028072848,39146702.446847272402328
"PLW",2020,16.25437658344238413,10213.706628055130066
"PNG",2020,78439.73413638653870199,59710774.607063735430340
"POL",2020,74958.855156036361544902,32946663.126579693128774
"PRI",2020,680.78000166393773873,361335.961759659324297
"PRK",2020,14775.417513406483424558,4379495.900479719175048
"PRT",2020,62043.513095106691087714,22627729.1699001233879596
"PRY",2020,243326.26433875795493110,69568107.983411147300931
"PSE",2020,0.26138486053819446,84.33445300512504
"ROU",2020,27445.451195268414271506,15394647.365938166532504
"RUS",2020,5442086.246369257928082519,822798814.2947399500492550
"RWA",2020,3187.39401529724361238,2608862.057400939826515
"SDN",2020,66.80291179048831392,21508.56065368120936
"SEN",2020,758.45816100406388855,226655.376218039334023
"SGP",2020,165.12609479173371636,91343.626128398225242
"SLB",2020,14598.97770127087148292,11051876.295039878914588
"SLE",2020,154640.74448345033325469,81292575.225685806559055
"SLV",2020,2208.12560440713462400,1155748.144230004473455
"SOM",2020,154.51877993220296765,36337.639263611848263
"SPM",2020,1.48593832768663186,0.0
"SRB",2020,4987.05340095984410951,2668162.196160554730776
"SSD",2020,2326.22676357332437091,1100905.562956107282407
"SUR",2020,15095.85336916831888828,11316023.221125220169040
"SVK",2020,11947.850559567848368406,6994357.785962145109079
"SVN",2020,3874.40940942002044082,2334601.785348167426197
"SWE",2020,339968.339891257442401563,97215419.6876512903118244
"SWZ",2020,2684.09113614353149932,1722922.604860863325218
"SYR",2020,3037.67036048139127880,637369.934820762504738
"TCA",2020,34.41261375366970396,11053.308062396820260
"TCD",2020,3433.48961585372712993,1077825.139641103227913
"TGO",2020,5446.29695028422111698,3177767.127311155095166
"THA",2020,119391.72305411413663080,78803147.558600938646381
"TJK",2020,0.42767135353515627,127.252936348088476
"TLS",2020,1459.02023857232259188,764267.681645071968498
"TTO",2020,859.98702567581513093,507819.749258153945739
"TUN",2020,1062.227097201835920572,209798.948920642031268
"TUR",2020,45348.463610691241117535,16001271.677585530410296
"TWN",2020,1461.49965451778965934,873029.683662915580884
"TZA",2020,186208.95467037333687484,70134059.562305736929878
"UGA",2020,73601.53457729713199947,35954171.295579310964768
"UKR",2020,79461.177611407122340544,28929081.897125692002672
"URY",2020,12732.70047145085435505,8803772.884486509283123
"USA",2020,1966726.693712250172046548,933333613.7606965294620948
"UZB",2020,3.18195054995442712,1101.364796641528337
"VCT",2020,7.11959635742133295,4682.671820196612154
"VEN",2020,139221.40839570028107484,67609887.489560109241678
"VGB",2020,0.07308887034722222,27.917912030420048
"VIR",2020,14.00582780646593153,5623.148061415783554
"VNM",2020,207647.83186279575157316,157417444.802961841392863
"VUT",2020,3935.03410784820679261,2479319.514369650398143
"XAD",2020,1.144118643576389,654.9197713788346
"XKO",2020,970.674474934084072626,535417.587978585077842
"Z01",2020,41.27344476414822383,27957.300159516924109
"Z06",2020,2.26615802366970501,689.800398260688778
"Z07",2020,6819.31678247421805566,3735859.193053453543825
"ZAF",2020,62247.23386544652933204,40531683.599803029898321
"ZMB",2020,162801.58944267598983368,60919973.460788356037042
"ZNC",2020,12.37025114204861286,2195.31688728629421
"ZWE",2020,6200.71249399640993618,3460432.166468364296065
"AFG",2021,26.48246160191733310,6774.541944499912814
"AGO",2021,298261.68435422101454970,120251260.624900600340570
"AIA",2021,1.68278169644097240,553.705438735288627
"ALA",2021,1355.481820779997472976,422539.486314009353491
"ALB",2021,1685.677235689262127459,506988.3889806593323335
"AND",2021,2.224712977380642426,1299.672125387358719
"ARG",2021,201896.344452605256056670,64230271.004018408115862
"ARM",2021,4.96472232192057252,2192.640620117905469
"ATG",2021,39.15892521036023611,14718.968476371330262
"AUS",2021,261044.955942215967482533,98072566.6062439234151979
"AUT",2021,16650.647931454753973254,9315630.953607771747906
"AZE",2021,85.22633726126297778,36480.186380777071505
"BDI",2021,2272.25175327985322111,1452788.500933843181487
"BEL",2021,9142.949797379093250922,5406277.812433320851149
"BEN",2021,1699.54014162905345805,1608506.884644762940693
"BES",2021,0.22568747203938805,76.56245250867421
"BFA",2021,0.0,44020.501841586280287
"BGD",2021,17587.28243270616913112,10586737.914430938297348
"BGR",2021,6684.012024956979026825,3283464.448636182505316
"BHS",2021,1548.74388476882418969,464594.146909908122593
"BIH",2021,1018.740783485178062399,569465.827320676531938
"BLR",2021,63478.932386615283084258,26165966.9836633498747910
"BLZ",2021,9310.73375697315332585,4533964.013225694768322
"BOL",2021,559588.66506382019923447,197739295.500378209431828
"BRA",2021,2990028.76131567948685565,1873648059.352914977051025
"BRB",2021,17.23879269510959311,7551.381316495855384
"BRN",2021,952.93058214787812841,637927.345872598936946
"BTN",2021,1278.57589323634456123,699615.910437849034005
"BWA",2021,1.42478080287760433,573.900930618452730
"CAF",2021,67180.99665510715137383,36230500.087258360072404
"CAN",2021,2524984.969306070894178238,1026010723.9150221149190038
"CHE",2021,3454.853211812606236583,2100401.666675415022334
"CHL",2021,71609.984379257702497060,50802619.4818310405634189
"CHN",2021,536772.36649166126969617,277945979.424498220036099
"CIV",2021,183272.23436631584693167,114376884.594118090033697
"CMR",2021,168797.41740747862530494,106759430.056681507409746
"COD",2021,1248060.48472706412785303,831855147.419206716069428
"COG",2021,58192.92151258491733761,36778349.150152784757394
"COL",2021,265160.66955185589932317,162806148.461959642390436
"COM",2021,164.53768411434628526,86989.573464828915910
"CRI",2021,7850.73668311729505868,4878039.029463281018492
"CUB",2021,9720.83331947197913934,4363721.599699694006524
"CUW",2021,4.06381176150499166,1289.969099994357899
"CYM",2021,10.10522126454427137,5977.923344543924032
"CYP",2021,642.87003442237577299,91886.473836042722803
"CZE",2021,56298.102724837263715712,31955864.910067925938798
"DEU",2021,202277.204429519278336179,122308686.709183928867965
"DMA",2021,30.35926319274468036,19409.23009671626954
"DNK",2021,4795.048927643727908730,1966551.542435065797612
"DOM",2021,14182.34201178285696028,7189538.840451419548300
"DZA",2021,20471.652534532591139256,3521914.800901662760187
"ECU",2021,30367.76456221182947374,22658040.713454538054063
"EGY",2021,17.81208130640407988,4399.922171225724796
"ERI",2021,0.0,53.375284879325702
"ESP",2021,85791.957416141346323671,38444546.275775269388879
"EST",2021,34004.18103350409226524,11650289.440146033744725
"ETH",2021,19751.43827758899402641,11116677.311662938801465
"FIN",2021,266899.154358797019580714,63613708.6290256536800167
"FJI",2021,7198.68557758023518529,4215417.103074909552505
"FRA",2021,112885.768951208199583660,66529117.877340244421350
"GAB",2021,18317.62964507299675425,12312066.163845497970807
"GBR",2021,26216.317962058562026229,12824216.785026916578112
"GEO",2021,420.262445849194939896,197633.229745086530077
"GGY",2021,1.10826138006944444,435.38041330845016
"GHA",2021,101414.08485857479882557,67149219.509497324857243
"GIN",2021,167376.67003997849447565,82633487.673989913535758
"GLP",2021,67.73279766907388109,29952.077325256328292
"GMB",2021,19.03735950195854146,9654.608415325489202
"GNB",2021,13684.85411847591208135,6464975.640044451548239
"GNQ",2021,8905.52715633372565244,6139193.274165770906842
"GRC",2021,49038.519036179011642283,8746271.922952288450703
"GRD",2021,15.95471225753634947,9153.883511134762196
"GTM",2021,49898.31212181120212206,26896095.862339724489397
"GUF",2021,2205.03299824686588026,1716406.033253007246363
"GUY",2021,9536.76713339113800106,6556456.654118428348667
"HND",2021,69498.32169403489316069,37734682.543723290470832
"HRV",2021,5264.326696804363059115,2800293.500717271166889
"HTI",2021,2413.74453287675800054,1185911.325734226704384
"HUN",2021,13757.123536229149749732,6095116.688051790607884
"IDN",2021,841390.16131598948869006,518185901.123021652255148
"IMN",2021,27.96447584641928159,11396.64166559236574
"IND",2021,125753.22883265905363989,72977350.528390991945875
"IRL",2021,8779.289064123879025201,4655521.232679435548476
"IRN",2021,20.998456522460944575,9680.974399040121664
"ISR",2021,28.61547411162543793,9232.684635340723137
"ITA",2021,28263.216555394214670194,10225958.6833440029391251
"JAM",2021,1485.24723965635442291,805043.974679811203068
"JEY",2021,3.24072188023437517,1306.585635272468969
"JPN",2021,48455.130205260759883520,24372143.039420681700636
"KAZ",2021,718.409062407000695745,256217.123353564517366
"KEN",2021,7564.30353703219358314,3765394.390040848587895
"KGZ",2021,17.535345973652344964,2579.6853759005459504
"KHM",2021,144262.64338879270413168,86496613.546957880656307
"KNA",2021,9.41626906362521720,4752.437896151679707
"KOR",2021,17342.127881665775033216,6069776.930351221371147
"LAO",2021,317562.59400856882936900,168426997.950632007847164
"LBN",2021,672.61767208680913396,154189.650337227624163
"LBR",2021,129838.01097076559983285,80901492.449365809793721
"LBY",2021,0.51960896124891499,126.873847176340998
"LCA",2021,34.60395206810438391,20649.402269692575185
"LIE",2021,0.632270560839843774,365.12265725043944
"LKA",2021,13296.08742554542177893,5388821.306576391999953
"LSO",2021,16.91761747763889002,6711.760878104386617
"LTU",2021,22633.628914351057316660,8937620.401426952487062
"LUX",2021,1054.629058322799253045,686947.924368036977616
"LVA",2021,48422.148732552783318162,18356582.119372097269020
"MAF",2021,2.1235823210525175,923.45803353088363
"MAR",2021,1538.46211751804427151,629408.153580654691110
"MDA",2021,1130.887987131410761933,413680.625511896080727
"MDG",2021,234879.82064764925576691,121688065.941007657310694
"MEX",2021,189046.40207507318933235,85758312.730537777108235
"MKD",2021,2304.283069036994465644,825440.182114619418812
"MLI",2021,130.30924230515134076,167554.060905591540607
"MMR",2021,304151.45531416790136606,175529019.206913828502914
"MNE",2021,507.759413625527339380,268958.853064818994753
"MNG",2021,186.689692578834546730,43361.837922461907174
"MOZ",2021,278084.37292224109915629,108093921.755795808263607
"MRT",2021,0.0,2027.377460193698413
"MSR",2021,2.50734279155164935,1341.396276448483272
"MTQ",2021,43.55235253291613205,21714.107574105746731
"MWI",2021,16582.62200617774122219,7049696.474485937432518
"MYS",2021,277597.31450350861675003,135637708.910025465991638
"MYT",2021,63.72506181654560184,33201.744843210804876
"NAM",2021,5.03323263665907123,3376.3255614532508265
"NCL",2021,656.28992337712046048,261228.279767568339505
"NER",2021,0.0,69.694062058679423
"NGA",2021,97193.20236319159162791,65263512.625189048620618
"NIC",2021,91835.34072655783027243,51967134.026652883067579
"NLD",2021,2456.722221562805540567,1272301.345418615743774
"NOR",2021,63937.474521455616332735,18908119.3647541536922665
"NPL",2021,2752.51013305627030765,1596246.325042483164795
"NZL",2021,66243.067947619143861391,53092199.0241418403476658
"PAK",2021,57.29336734512261459,20127.759145353467164
"PAN",2021,24431.46188523033303985,14643286.766027814145064
"PER",2021,225105.75051461574410126,146371658.668634934462747
"PHL",2021,48882.82469788232735669,30437902.057236772502762
"PLW",2021,3.28079689110975483,2630.709884537171585
"PNG",2021,76611.95401154623598137,58793151.685716657889458
"POL",2021,77567.841885871819823219,34985101.366833719175556
"PRI",2021,690.97244845043952831,380612.378592924359830
"PRK",2021,13742.213202007264335604,4627226.596485757038429
"PRT",2021,37224.040511981823485115,15995618.834285340348701
"PRY",2021,276715.96883817925399833,80709961.997478372762613
"ROU",2021,14699.91001372660896731,8113159.975414828961981
"RUS",2021,6518851.437173669769718832,885259932.0064626784191086
"RWA",2021,2922.36228820050463783,2754827.553287332626206
"SDN",2021,50.3201208656255452,16549.399339224272226
"SEN",2021,176.62630635852293783,90159.601015269463549
"SGP",2021,200.96460941006574934,103698.935081359939499
"SLB",2021,11999.49179906530921494,9087310.479031897079479
"SLE",2021,113032.57345571909013870,59883090.737145437288548
"SLV",2021,1488.70583885661712259,795937.394468824346241
"SOM",2021,169.13600076246188516,45171.636478554577445
"SRB",2021,4072.234727776636964221,2136501.981408877395582
"SSD",2021,2812.00284088291174748,1316111.622115940624640
"SUR",2021,12262.02727013255316817,9575272.781105080212776
"SVK",2021,6097.751883228220485709,3670601.879692483834200
"SVN",2021,2227.33921769147273921,1346176.267026689725821
"SWE",2021,333156.954731360984135609,97615034.219626500243887
"SWZ",2021,3159.94837910575157655,2318565.320053357444441
"SXM",2021,0.07325181551432293,22.34490656145632
"SYC",2021,0.15183578900878908,95.008307231459
"SYR",2021,2856.11506763448868099,688604.586323060574211
"TCA",2021,43.21771063945854906,14552.057592026844515
"TCD",2021,5095.07155513138232382,2359229.680693176859997
"TGO",2021,5842.18839390005493300,3634973.852977872006048
"THA",2021,122793.67513734764091656,90301717.473995750933715
"TJK",2021,0.0,11.7745754550327673
"TLS",2021,1430.80279047743072609,793422.862074979686984
"TTO",2021,315.77582185779335018,201624.060668754691022
"TUN",2021,2079.373819036635174104,391455.936842014687089
"TUR",2021,79284.172485660326582136,25314802.249900457816149
"TWN",2021,1463.19306404018583079,917315.3565391826815446
"TZA",2021,165067.54529773737738324,65510483.330645637643246
"UGA",2021,49244.99068024498102969,24844645.151723985763944
"UKR",2021,66593.083139680660626996,27360630.1865353640728694
"URY",2021,17035.09627316761365872,34627445.395605681397222
"USA",2021,2044298.827959683209924424,972078620.1457742904404813
"UZB",2021,3.50573994564670099,1329.930115308419545
"VCT",2021,13.03725396607910081,7624.66258383882626
"VEN",2021,64337.18317298037032592,33040217.8961984376127143
"VGB",2021,4.09281393830186648,1735.23270524360710
"VIR",2021,19.27717569569552828,8139.056890952149456
"VNM",2021,193094.02570042231364657,168730067.254462159171028
"VUT",2021,57.74947851619792702,30507.921539631301080
"XAD",2021,1.65326713871093787,437.72588755431168
"XKO",2021,520.118516298248313513,297525.789663229981702
"Z01",2021,38.38272193842447257,18455.916092885690198
"Z06",2021,5.88936413769965282,1759.56132312786081
"Z07",2021,6955.90151083774507750,3761154.491359046114490
"ZAF",2021,52067.64856828276466306,42089934.733786733765150
"ZMB",2021,201228.11909250672583010,79397338.386148298409460
"ZNC",2021,5.42370134893663147,1848.818198263701370
"ZWE",2021,9012.07167909735875714,4801089.063082009187758
"AFG",2022,5.87254217911024235,1913.28166369987125
"AGO",2022,266914.79364431120617781,103522716.026258127340337
"AIA",2022,0.21949719567382814,66.54565846435712
"ALA",2022,1166.354418855954477489,365730.588342203967388
"ALB",2022,2095.367522834093840901,649839.978326285558778
"AND",2022,15.2269364910460068,7826.00401327411253
"ARG",2022,232225.097492902970124744,75170843.2123215620879211
"ARM",2022,8.46307184608506978,3273.733354371678921
"ATG",2022,37.31956432351454350,15925.648123285418290
"AUS",2022,118986.445949228856946436,54853647.1453697636537518
"AUT",2022,19868.612760231075722249,11344136.437196959687618
"AZE",2022,146.17824737043184533,65895.170581038235563
"BDI",2022,1609.96687256175106491,1001536.088688750872210
"BEL",2022,4833.589053605785012914,2874221.188866885070135
"BEN",2022,1669.64490356105443883,1589602.919011125760786
"BFA",2022,0.0,51877.304696817143922
"BGD",2022,13798.24790189634510699,8329487.136064719756971
"BGR",2022,4093.156986546591396246,2048201.529739170760272
"BHS",2022,593.10384306705935431,198815.786916643823823
"BIH",2022,2053.874205449888855962,1078553.648438867274402
"BLR",2022,64994.869387763943908000,27198073.142875081614070
"BLZ",2022,8201.30835715002888689,4104398.500922027271279
"BOL",2022,594997.63220989781920446,255602801.603034585363502
"BRA",2022,3308334.44626146062468880,2087034773.647277701148911
"BRB",2022,5.24632374365125848,1879.488608002463275
"BRN",2022,919.66386560047197760,611789.123657861103735
"BTN",2022,1247.58636915355149000,708804.111512596566259
"BWA",2022,2.08060677156901071,1735.977760603246580
"CAF",2022,51029.87181857066717746,26382735.240093653393954
"CAN",2022,2299844.574435312001799129,909369547.8037210168765227
"CHE",2022,1973.736664604606879861,1218802.466988246919541
"CHL",2022,67887.456562183944608807,48866820.7014759317669365
"CHN",2022,612008.556139852220509744,326847617.3034822341618371
"CIV",2022,172478.17616297588709160,111504621.968056427621517
"CMR",2022,147809.57707166606023432,95505502.358417443564036
"COD",2022,1220222.30475550848892327,830602734.225283242055574
"COG",2022,59424.51638072344628145,38267528.079656843815934
"COL",2022,265730.28431698664808466,165282643.987538349512502
"COM",2022,164.57181848895508495,85222.923549709657010
"CRI",2022,8562.65354181257851907,5251365.511566780220847
"CUB",2022,4889.29978998594917463,2336362.526903010494698
"CUW",2022,5.04185831043457069,1849.46298930702673
"CYM",2022,26.24678481632269411,17084.452808254462973
"CYP",2022,72.75658528764322681,17753.7693805043511437
"CZE",2022,34761.270389685435615444,20038060.029264490190303
"DEU",2022,86449.889273225387364344,51171710.555892472429969
"DMA",2022,31.61919702006455633,18602.123082750386395
"DNK",2022,3366.075160139064829136,1430183.581310606042787
"DOM",2022,13141.38316419399051836,6465359.659958850609029
"DZA",2022,13442.366265144568932382,2482960.4722593023472620
"ECU",2022,52618.07398041853643219,38605542.985249477536902
"EGY",2022,11.94349840600803418,2841.567592775513970
"ERI",2022,0.0,179.773213831711542
"ESP",2022,137820.564074125002981613,46151977.795211985499123
"EST",2022,39215.776958503501398014,13738024.472240079383711
"ETH",2022,19941.37941555529935894,11843855.074286824152298
"FIN",2022,255378.153350668697329860,62186027.1779712208092118
"FJI",2022,989.06148929695205165,593948.006371741298536
"FRA",2022,58785.767593018252866354,32284017.965497300626598
"GAB",2022,29455.28668297455098683,19736459.794822675873538
"GBR",2022,34174.677592281007054017,16553829.8510874467384865
"GEO",2022,290.666764490492624814,133262.344071534786626
"GGY",2022,0.70552666616319448,257.68103597062824
"GHA",2022,118644.04473735662816276,78784387.074703579357824
"GIB",2022,0.24970415416232639,89.25624102231401
"GIN",2022,130216.16108630598865820,65867024.680731533743617
"GLP",2022,40.83405200416015230,18612.211872769599435
"GMB",2022,17.08939480143229018,10771.049216399180329
"GNB",2022,9780.39690513339551414,4584881.577829239019386
"GNQ",2022,7760.79069214418796351,5311442.644415022825576
"GRC",2022,9793.826287369042572820,2467764.9126081755023405
"GRD",2022,20.77143531632487069,11798.952334200707617
"GTM",2022,46373.44830799146679149,25074395.114595038854156
"GUF",2022,3840.11126918071952447,2959779.674734568591051
"GUY",2022,10563.91365830290634698,7052297.314213309238030
"HND",2022,57343.35028922194339572,31145715.895670853806134
"HRV",2022,7826.264829359273465998,4079335.392006300157671
"HTI",2022,1844.32716022849899818,906994.292480635957608
"HUN",2022,14807.639423730067106475,6623047.228089317721848
"IDN",2022,885237.26532087957046701,549418239.643897928850065
"IMN",2022,33.95734876563800540,14115.819011336873902
"IND",2022,114223.94127261070384258,65479692.686887427353645
"IRL",2022,6753.383054733406885375,3639454.7370532657305295
"IRN",2022,94.965771682395807184,45608.921921503247287
"ISR",2022,80.11602118536673871,17242.921040764025520
"ITA",2022,28675.908627247649065417,11084279.711112113096365
"JAM",2022,1133.41568755350702694,632027.520098759914332
"JPN",2022,53788.646500338445591585,27361518.235146432631898
"KAZ",2022,3629.095186685649680265,967800.8556990711107146
"KEN",2022,6638.95415095152708706,3682464.213245737673615
"KGZ",2022,31.65620621325520701,5017.178651882271715
"KHM",2022,103879.54249253219001051,62865839.308143879304874
"KNA",2022,4.33926927564561660,2705.469103951076572
"KOR",2022,25659.631300287780727148,8240628.605685259583963
"LAO",2022,321688.10951834860968454,172326372.341055998853101
"LBN",2022,584.70695453841018779,158945.576711526374157
"LBR",2022,152104.07681600119970301,97361892.918055044982340
"LCA",2022,34.30942153760308638,19239.227564340774530
"LIE",2022,2.106876924726562664,1292.92447214812561
"LKA",2022,8411.63233450233819356,3581397.391050397102897
"LSO",2022,4.0951839329980473,1766.075877409145905
"LTU",2022,23738.995567155955008859,9627222.823894089034349
"LUX",2022,320.739119441082873985,206184.882889134524648
"LVA",2022,57142.209545190128631922,21976708.968199533115264
"MAF",2022,0.43938094141384553,128.727834077309633
"MAR",2022,12016.34706657132665937,2348151.977314988811349
"MDA",2022,1130.143275967144044340,405350.761361886278035
"MDG",2022,256379.50912973503049543,134727647.730211792843056
"MEX",2022,178845.39488621810252515,91865063.0975859769136042
"MKD",2022,2448.352756508869717241,1098982.439552121399297
"MLI",2022,159.19620831946712724,241999.551465940457494
"MMR",2022,260937.92628760693094046,152293155.054018143852399
"MNE",2022,1168.831261088208776101,691044.4187917160303275
"MNG",2022,102.989679620026044586,25996.4584783142994301
"MOZ",2022,237874.53325187034247526,94662282.1103280357342485
"MRT",2022,0.0,2262.865784024099960
"MSR",2022,0.59007010213324665,279.442924923090307
"MTQ",2022,32.83465201954210117,16342.826755171584365
"MWI",2022,14883.94936703519455054,6578847.706285944748517
"MYS",2022,248127.10238491424771704,121445590.570854354776149
"MYT",2022,73.09736044078391116,38386.176918094339493
"NAM",2022,1.45252962440104167,4841.8049309290457754
"NCL",2022,374.08133147305026226,146013.848170139592270
"NER",2022,0.0,207.268845340526186
"NGA",2022,106189.31925917946730935,70690515.523939460389237
"NIC",2022,48980.54467780215205738,29187975.535118670232517
"NLD",2022,1186.207567312960322582,620573.882952624445539
"NOR",2022,67306.322090950669485773,20196874.9962440707630155
"NPL",2022,2022.48749570578257663,1214095.936670984088083
"NZL",2022,58514.713241578256637048,47321627.002906403194382
"PAK",2022,44.31425311406575549,17508.771737898232350
"PAN",2022,17364.16405688023616475,10589870.687687646923365
"PER",2022,236061.90280011752758080,153806965.856182208262570
"PHL",2022,84543.24260780474014540,54278267.682094710542134
"PLW",2022,9.31485244887993802,5990.431233738577254
"PNG",2022,142078.67200896064658224,110856233.196117473063290
"POL",2022,72193.51697843067552337,33172884.531062644340541
"PRI",2022,614.96100823452911512,348722.595083344644058
"PRK",2022,9047.232214211394012044,3059336.2739509909255235
"PRT",2022,46876.686345491865767302,16471395.4208431724993759
"PRY",2022,217142.28457892144197289,67826183.029240256774635
"ROU",2022,16515.96605379612737387,9159208.750167764191455
"RUS",2022,4287817.226961033659623337,712552585.2122710167932771
"RWA",2022,2536.45060692872234144,2475973.369556269262967
"SDN",2022,43.3291742521788099,15113.70104704717683
"SEN",2022,289.10913117446179969,122246.900935553371931
"SGP",2022,103.05905582149536727,58662.592917533771354
"SLB",2022,14502.41401868568653045,10785498.102584908394919
"SLE",2022,119929.38953917654193451,64513168.665185232917204
"SLV",2022,1632.42216721045785552,874725.018243275086705
"SOM",2022,125.51895270340352897,39069.187808479821227
"SRB",2022,4505.898813390768953516,2449400.9837961863714715
"SSD",2022,3463.09663580639054273,1625426.401484959575135
"SUR",2022,14541.76179228436850722,11502337.141036729484152
"SVK",2022,5206.545602607999071839,3208381.430442659106777
"SVN",2022,2850.986186210708733416,1495596.237861974153477
"SWE",2022,329902.576567342154905685,98432262.6263912853325502
"SWZ",2022,1937.23827240902890903,1485455.378940445519758
"SXM",2022,0.5127469789366319,215.3942600336351
"SYR",2022,457.77308929830930867,141348.849579346048838
"TCA",2022,15.67102818273654170,5763.701361302377826
"TCD",2022,5444.71237756184843943,2992823.318359649719860
"TGO",2022,5002.89184761726680544,3295762.148284376047848
"THA",2022,110658.38642472553968941,83863129.136853092316662
"TJK",2022,0.12240774215711805,23.3381928066257956
"TLS",2022,1113.46333797864444082,614751.426934021170852
"TTO",2022,375.20720818732913804,235774.902720736653307
"TUN",2022,2943.556995873178593076,535576.410775038651963
"TUR",2022,53403.769246081955724573,18535047.980120641994852
"TWN",2022,1513.18295552978742668,948506.711369351008173
"TZA",2022,160656.66938237507118483,64162343.904994049246962
"UGA",2022,64134.62502828993622935,33448218.415798500932127
"UKR",2022,47989.676220029010783142,21047364.128667889460601
"URY",2022,15873.36586369813116630,35592775.963415748772477
"USA",2022,2204642.869452991091301518,899190908.8817070515563583
"UZB",2022,7.48941688362848071,2393.614363660096243
"VCT",2022,63.45990616181039459,32458.961205470467948
"VEN",2022,55748.94910910146343665,29480750.118539276632073
"VGB",2022,2.04631630525607687,801.552389673594726
"VIR",2022,33.65771102221029197,14001.639160857872785
"VNM",2022,165149.45382105384501301,142578824.302889020518544
"VUT",2022,48.26949804303223030,28129.375912130394781
"XAD",2022,0.0,77.562859021914925
"XKO",2022,784.685259965064951686,441922.521328713643107
"Z01",2022,25.30608835848741470,11969.541216890643530
"Z06",2022,4.317134019611545126,1897.896212882024706
"Z07",2022,8379.29544289563481355,4849436.093713718871881
"ZAF",2022,40979.85655712355108467,33619274.917302353370863
"ZMB",2022,179007.02512905030767945,70521028.934805539806615
"ZNC",2022,1054.31806013529834599,151015.440947875550607
"ZWE",2022,8226.76071266536767354,5064461.107883614796489
"AFG",2023,14.74150500058484400,3440.485471329775128
"AGO",2023,268277.52047413681925112,104552730.414604436878077
"ALA",2023,1093.00140094762349016,354162.307167768815490
"ALB",2023,2502.625022474969010806,949156.3581603730422047
"AND",2023,5.64594455555772599,3243.69083895653797
"ARG",2023,215940.857883802421086318,66860725.9849562616283715
"ARM",2023,86.451892725282399895,36409.9822551613016825
"ATG",2023,19.20554960403429362,7052.047579787201784
"AUS",2023,190713.257426339934913945,60247121.7076616336260242
"AUT",2023,26516.703272654021225746,15734262.791348281598391
"AZE",2023,460.964785526482413493,153755.261679622287435
"BDI",2023,1952.26119428368316300,1171599.972589243710963
"BEL",2023,7579.452194689254505104,4564270.412472802485649
"BEN",2023,2602.42817380469648945,1900364.117622246434888
"BFA",2023,0.0,58140.252901426295595
"BGD",2023,17787.15616168202332298,11322177.073372341195933
"BGR",2023,5653.070192213146593208,2843729.029983647901626
"BHS",2023,1259.36981639213016059,491139.285067663455059
"BIH",2023,3947.301712817044607184,2237297.395778776866965
"BLR",2023,59232.410839471512868815,25483959.2637290085090876
"BLZ",2023,22573.90472250624725070,10186195.926514094854272
"BOL",2023,696297.00885796971875609,265675244.067420152100217
"BRA",2023,2805354.98006370807273999,1694382799.798672337039689
"BRB",2023,5.92085521881998737,3261.745326800732940
"BRN",2023,915.29829124361713256,604252.556988836572694
"BTN",2023,1796.80166026537820851,990936.147134138427031
"BWA",2023,2.39503329332899302,1022.508928164365295
"CAF",2023,54533.63547154937256136,28975762.322233516943099
"CAN",2023,8570165.547439731358257906,3806843861.9731342127941991
"CHE",2023,3119.723013399065084431,1899728.903392151015265
"CHL",2023,107337.190452953293602534,57272956.3428543486422935
"CHN",2023,602762.22359883538783883,316299364.7711950183720385
"CIV",2023,190298.27626867597086821,124816799.160163053879102
"CMR",2023,204198.49520176467962266,128921791.549271750003358
"COD",2023,1325020.23838009950678317,893577832.886516254796943
"COG",2023,67415.22897060166808107,43993260.511133680018079
"COL",2023,196634.30085578761120862,119317312.810854318424506
"COM",2023,154.22294818335941993,78242.145708603619885
"CRI",2023,9049.88636058726612813,5648913.375222088694719
"CUB",2023,18795.43971002059715165,7543690.308425465034684
"CUW",2023,3.83654908158474424,1419.290970565956590
"CYM",2023,24.62707433583007927,12525.389237270437777
"CYP",2023,54.50247531159723847,10983.9537432655911394
"CZE",2023,24393.594884146475398907,14021730.526564498044119
"DEU",2023,122937.238688249687331477,74167392.917027496211965
"DMA",2023,144.95933567120492484,88735.620609430676892
"DNK",2023,3977.714235255069816584,1704638.685818445200677
"DOM",2023,22947.12542786567648048,11486229.436368255363290
"DZA",2023,22019.653149397076695024,4037054.2465306350317616
"ECU",2023,43010.31014613513815774,30276817.409966043280946
"EGY",2023,35.40372228590386430,9533.7435178583630514
"ERI",2023,0.0,266.228713201898466
"ESP",2023,85868.669582582462548218,37434976.1100364456665225
"EST",2023,36155.771038696651413465,12845337.703122344802769
"ETH",2023,36262.92476927026940115,20698058.394694090660492
"FIN",2023,241781.034143572497066032,60417976.4404496897639666
"FJI",2023,788.67007238825696575,470682.948313762614775
"FRA",2023,86279.344383253839293523,50723321.168738651612611
"GAB",2023,19706.66703012596029025,13365711.337283479824385
"GBR",2023,21608.961118107219970540,10805140.660012760379474
"GEO",2023,785.481253823264715156,271841.513491552762087
"GGY",2023,1.31020556697482652,666.90318672527055
"GHA",2023,112582.05957467692012431,76660044.295496230242261
"GIN",2023,154122.53249843953875681,74614604.069227796713982
"GLP",2023,36.83073756595377406,16932.08265294369690
"GMB",2023,12.06764349663845831,14521.521551132681141
"GNB",2023,11478.58584681013663174,5575290.131803791196890
"GNQ",2023,8524.83011642510139029,5946074.412947804618735
"GRC",2023,46011.643441397679673504,7685224.997231183549637
"GRD",2023,26.71467963090983358,14364.730162895077182
"GTM",2023,71098.23386380082450007,37353201.593729241521226
"GUF",2023,5044.28641688745587068,3859874.565996591239970
"GUY",2023,27881.80385210278503006,16826136.323599500921321
"HND",2023,84447.51741255668188019,45703966.106550000637573
"HRV",2023,10503.305562965089957941,5575708.691078730854684
"HTI",2023,2555.71208397253005513,1245303.672475403562768
"HUN",2023,19703.619009523793007767,8833762.824515407089098
"IDN",2023,1395285.38650753840679559,853323053.713114860355370
"IMN",2023,15.2440294995616351,6539.7033868798656
"IND",2023,136712.84002571032580334,81459827.417298647211112
"IRL",2023,6858.299634752335886286,3740592.5195545233945765
"IRN",2023,136.965369653068555346,56854.790510316036945
"IRQ",2023,3.35585767128689248,1354.702261811411597
"ISR",2023,61.34880050846464373,22307.984192505276230
"ITA",2023,44861.585680367438815525,19217480.753454939720123
"JAM",2023,1970.82302288786954826,1124458.638251188929410
"JOR",2023,0.3918947888780383,50.27517440560082
"JPN",2023,50608.230193583126334795,25929810.449737100983679
"KAZ",2023,20111.868858750949089556,4599467.688641301922019
"KEN",2023,11257.06927170634133244,6341464.791224027838896
"KGZ",2023,94.26578992241118291,14372.207861205587878
"KHM",2023,120845.80644143603916642,72109445.654277268860075
"KNA",2023,3.23568568136935774,2638.755786844539218
"KOR",2023,21640.165221630128050281,7444912.931911876292095
"LAO",2023,445460.61798396607439447,242736430.821611295252803
"LBN",2023,522.57975945539429963,151449.937338451488110
"LBR",2023,155262.58476653012270824,98764702.037032279347658
"LBY",2023,67.50620038978622445,20504.7789737125391294
"LCA",2023,24.81043504053873711,12957.759901816990965
"LIE",2023,0.79110673559244790,450.02562828200864
"LKA",2023,11720.88268392072035804,4822455.215202372793124
"LSO",2023,1.47745337015733508,501.71620832596384
"LTU",2023,24749.646147743183083056,10143543.517249708603586
"LUX",2023,912.773090939266565025,596505.346336117076636
"LVA",2023,54500.147252252431496100,21202570.227323453915226
"MAF",2023,0.07323607323784723,22.536273830765037
"MAR",2023,4004.74737724369089220,1183094.7925091993569965
"MDA",2023,1380.741025818591733992,524209.241586543223817
"MDG",2023,303190.53103604866000813,160090560.775141487730946
"MDV",2023,14.44443859318277541,5358.21066632993106
"MEX",2023,226362.95559393038749119,105483216.585951708039206
"MKD",2023,2798.307169813768573193,1474524.922402246492379
"MLI",2023,315.77264553316808119,393762.521370412740052
"MMR",2023,307183.59405779568856841,182164110.659228548541952
"MNE",2023,1667.800340873415959144,1021025.254940635652819
"MNG",2023,839.191568326505275095,145277.3714728651662635
"MOZ",2023,262209.14454757701135339,104483429.561059534931185
"MRT",2023,0.0,3006.287685273065367
"MSR",2023,0.0,58.276203474459358
"MTQ",2023,106.19864615587571222,50172.18757447727141
"MWI",2023,22978.86474447199521734,10447741.434975360251827
"MYS",2023,308655.54505735861625528,146517146.160572827011702
"MYT",2023,54.19937884170681908,25908.25791365276823
"NAM",2023,3.22989921146375904,3532.857472830335874
"NCL",2023,596.91654951928510066,209511.412273244174172
"NER",2023,0.0,146.330079367586954
"NGA",2023,85267.49467742216687838,54870743.377304233766982
"NIC",2023,117536.24204980985049575,68780150.112411895948738
"NLD",2023,1577.706096066221773144,825967.141104064626300
"NOR",2023,57971.201125302488051462,17643986.119439005083173
"NPL",2023,2277.24507401536923047,1314998.074051639312709
"NZL",2023,50463.021047161994950967,45262529.855183139713724
"PAK",2023,141.40668075779187167,59292.663855607060326
"PAN",2023,25115.17463265139356761,15234646.339880480222428
"PER",2023,227601.34903011139254399,146938071.766104991769217
"PHL",2023,42735.90256485837126719,26719749.151951698572168
"PLW",2023,34.51967701963054006,21445.451817921023007
"PNG",2023,83765.06744193254714429,65166622.643514802611346
"POL",2023,76137.488333361269280391,36016578.079032146918008
"PRI",2023,760.67279077229468695,431760.633914354733610
"PRK",2023,10118.65740117398611913,3571556.327223583320882
"PRT",2023,36388.344389273826401672,15182928.419030716263830
"PRY",2023,184551.79351942777994207,57867393.987479580593794
"PSE",2023,0.19615165777669272,215.197834804093211
"ROU",2023,25380.466468234521031713,14597523.172309496702544
"RUS",2023,3354720.805056451656025092,655804750.9397416738174137
"RWA",2023,3036.31925548650269070,2922921.145015299614738
"SDN",2023,22.80814069044868153,22641.517927587657612
"SEN",2023,161.60965898341748279,108441.398990752586121
"SGP",2023,186.43038059217053906,94710.523666628705425
"SLB",2023,9577.87235249282909011,7229199.180239750219134
"SLE",2023,99682.07635303963533418,53381067.928427895754876
"SLV",2023,1784.62584039543885112,936443.552598630775529
"SMR",2023,0.39042938017795142,120.838167205037964
"SOM",2023,104.60085323754936032,34641.993804414625685
"SRB",2023,7866.49407498215061006,4427829.751955677054119
"SSD",2023,6181.78673608737579439,2787180.117562791609355
"SUR",2023,26115.98159733010382339,19036084.047392387014544
"SVK",2023,9851.273438427541676757,6198927.697565898081270
"SVN",2023,4620.913988271546312415,2879789.224214554861232
"SWE",2023,313926.419369914317380082,95086680.4076378685148075
"SWZ",2023,2034.74905655435479106,1302224.679924817827476
"SXM",2023,0.366242637969835,122.91606292714468
"SYR",2023,2445.72004297207541237,479090.060892781172582
"TCA",2023,23.89354382810980552,8086.198441823733693
"TCD",2023,11067.20165146298969090,5046836.492403971313712
"TGO",2023,4447.36787944472975331,2931273.539534588231306
"THA",2023,141859.33633016690242762,108787333.645979992555187
"TJK",2023,14.2169472482096176,1989.8739616334807945
"TLS",2023,1477.34961149481174285,807555.162475600922240
"TTO",2023,846.74310624688194594,529159.324778457059132
"TUN",2023,3447.071889557721611299,700968.829599134762657
"TUR",2023,54043.730767930872129020,20771042.414414037885376
"TWN",2023,1965.18272437396537527,1212392.963033812246682
"TZA",2023,229024.80108455727661490,90297860.663577408100714
"UGA",2023,68915.69704692365499189,36479903.436449479820027
"UKR",2023,67102.703601209449268636,29963294.479158486821936
"URY",2023,20954.93103389995482930,56853617.695715013648971
"USA",2023,1382422.541771993133663288,723891600.4754988945194274
"UZB",2023,0.51379083953342020,1224.905680501832670
"VCT",2023,11.16512802968533015,6185.47177397025544
"VEN",2023,76607.67875613344106870,41350369.809808993097820
"VGB",2023,2.19241960189127612,1074.77099886480335
"VIR",2023,26.84787535385960609,10647.128363312450143
"VNM",2023,135320.67369745490293082,118072464.104531123598409
"VUT",2023,839.63414595199140640,428654.888245854543235
"XKO",2023,1465.43857537140420331,853198.865744808724725
"Z01",2023,99.58724634087566933,59108.166495017143497
"Z06",2023,6.89341822077799496,2424.8851823033298422
"Z07",2023,6778.53900284389740501,3952451.174534668497429
"ZAF",2023,29571.28835034008091328,25808819.688015207556420
"ZMB",2023,190289.66930244100577427,75694004.700106496442643
"ZNC",2023,82.0582082191146101,28310.974736735914659
"ZWE",2023,5668.38549706652457491,3264836.923131240575313
"AFG",2024,9.705785115355904026,2641.228085691720592
"AGO",2024,283340.41251376126334562,107654427.910816618390996
"ALA",2024,951.435959743933976105,311256.439375864839238
"ALB",2024,888.891955822287617062,308722.0070437727742484
"AND",2024,16.937232488500437534,9269.007585502960852
"ARG",2024,203056.773587554238299637,61766028.6949807307259515
"ARM",2024,29.633177048194435451,11560.8042532677047805
"ATG",2024,43.06290585051543004,15329.691128965496817
"AUS",2024,180669.922016207291177676,59225720.056073940358261
"AUT",2024,27496.094714580546906146,16236578.183845462843600
"AZE",2024,173.222020496328149716,67581.836022276664137
"BDI",2024,2142.59227822061631545,1287573.238053838831648
"BEL",2024,6093.348185317593097436,3673865.520007112542907
"BEN",2024,1390.37970019115217346,1396299.508344156933865
"BFA",2024,0.0,92458.703039297008599
"BGD",2024,15928.55986595329160531,10045603.074607333058588
"BGR",2024,5367.482109936462280776,2333297.659497738147958
"BHS",2024,1959.73361957528778091,697848.748950346277955
"BIH",2024,2225.00798719822624897,1343756.8609796622913732
"BLR",2024,71158.958994333879351405,31141768.759870873877676
"BLZ",2024,34001.25926784284668585,14053455.611259902744935
"BOL",2024,1813613.22895853067274342,584326401.698766667931524
"BRA",2024,4391693.73095348650491643,2117827764.9195092498246075
"BRB",2024,8.46905187192057612,3208.034436559068092
"BRN",2024,1041.81545293806416080,550614.715978791349687
"BTN",2024,1188.06788734580430673,688088.284803478831177
"BWA",2024,1.45238886900716157,1005.678719947444956
"CAF",2024,60751.65651672610774297,29413680.781016080557721
"CAN",2024,5165897.201092928324691335,2404861213.9858224803941735
"CHE",2024,4212.234002518928316548,2612091.791628756643789
"CHL",2024,47655.161749976198530208,33763982.335300459454951
"CHN",2024,675197.63149692780750725,356672209.133822391822015
"CIV",2024,165119.72654500120157915,109839548.727139934585115
"CMR",2024,179151.62541159689239982,117577830.442230674567427
"COD",2024,1377807.21325427877854796,926812389.706467469783282
"COG",2024,114668.23392485734565368,71010364.055863629365228
"COL",2024,213030.18157675832088232,131168013.367873304853603
"COM",2024,496.10502980289464111,256686.336649848349036
"CRI",2024,8299.44951876620904514,5088430.277523497541733
"CUB",2024,10084.86306694560273310,4445701.6419384908229444
"CUW",2024,2.33247536684353318,890.25039603835878
"CYM",2024,35.98152213774088604,25548.226060585758366
"CYP",2024,159.44928347779067416,29511.4958423807021882
"CZE",2024,19588.712293896321785041,11314558.960814945616131
"DEU",2024,89727.279811253807495585,55534360.880117924004863
"DMA",2024,45.77689944098631543,26466.375319666706816
"DNK",2024,3645.04139728474131294,1580774.816315592735866
"DOM",2024,12996.53641864150827152,6683111.172255361596180
"DZA",2024,4407.170687155832533339,1178699.9514085535783703
"ECU",2024,62062.80098348891267419,44084886.849731799326172
"EGY",2024,31.30277649243923779,8217.095941720226675
"ERI",2024,0.0,82.09337144754797
"ESP",2024,78035.691949488761992945,39477455.440991126076970
"EST",2024,34898.481067943506257936,12653257.7553908208117695
"ETH",2024,27943.02839911547248732,15255414.203012691199101
"FIN",2024,233618.034194618856127557,58934569.7832791003754518
"FJI",2024,1079.23383371828806212,610734.490358506363570
"FRA",2024,79146.665709806263049111,48007218.937562769534423
"GAB",2024,29130.31048066321010910,19626722.146009426661585
"GBR",2024,22835.492084920834590508,11488380.335695101978554
"GEO",2024,509.303174274012546486,221900.963156636769295
"GGY",2024,0.80636120157986118,351.32446848761686
"GHA",2024,107918.19424276218708797,75590796.097021118590967
"GIN",2024,146801.57809842027484919,72722338.515455121376874
"GLP",2024,28.62485588220974591,13827.985806801115752
"GMB",2024,15.3602439039534519,19334.414654415134855
"GNB",2024,9300.86920940454829051,4404660.955747736673648
"GNQ",2024,7745.29819334452847167,5424003.881753660570389
"GRC",2024,12511.688451540679605631,3146682.842135212095590
"GRD",2024,229.89657158437389746,155742.205331610834414
"GTM",2024,141998.30797532135920464,64538193.971493038769047
"GUF",2024,4492.84355176476940188,3451272.119996508241898
"GUY",2024,107334.66705555645129007,47512868.528542682384711
"HND",2024,74953.05365785180659871,40451040.153039555132757
"HRV",2024,7515.323752467754537098,4048941.798187587000814
"HTI",2024,2417.85898294310267943,1213837.031555776873635
"HUN",2024,12739.106789051283864014,5779968.349054512592568
"IDN",2024,1120263.90713851494012571,690608784.360994521530154
"IMN",2024,27.94230853034722771,12788.92490029271002
"IND",2024,126043.83912128687833779,74021907.371328759183829
"IRL",2024,7332.522974149785645495,4122830.715208245160745
"IRN",2024,66.483736881102436110,36189.1728487243623519
"IRQ",2024,2.358598910240885594,845.659601526819193
"ISR",2024,61.54954457665256249,20824.180420904210891
"ITA",2024,33081.744893168383491145,13934526.0809745905433974
"JAM",2024,1817.97337178060610081,979449.294392893063179
"JEY",2024,15.50429789984809395,7249.21032712283223
"JOR",2024,1.2409600653190105,229.637421222544811
"JPN",2024,53861.553854285658412648,27945824.752534350545617
"KAZ",2024,2925.273057828809444075,1065445.542603633924928
"KEN",2024,14102.37580161273863232,8894981.807358861724630
"KGZ",2024,53.74152927150174441,14106.89800643364535
"KHM",2024,93477.86148757386500630,57113972.4121124522359006
"KNA",2024,5.2236317944683161,3378.44977234948544
"KOR",2024,15651.479850057986781666,5709484.043291386625637
"LAO",2024,351225.98978775939489343,191981086.804122159273202
"LBN",2024,507.70335564491268188,170419.839435852219121
"LBR",2024,166498.97829312384124969,107524698.135353318576377
"LBY",2024,41.24806572311850449,12389.2425584403742400
"LCA",2024,18.90865604970432072,11347.489783914057055
"LIE",2024,5.90355153720703150,3256.80342525676231
"LKA",2024,11775.47802089796625101,4929241.068875534076113
"LSO",2024,1.68464747519748280,573.134800422243901
"LTU",2024,22313.682177124665676436,9297960.391082083259047
"LUX",2024,587.954881165258119574,392519.473882733468593
"LVA",2024,56620.400845186468466994,22661218.277240526453811
"MAF",2024,4.02755561862955661,2193.43764926905171
"MAR",2024,1409.45661628815338668,515524.5058283978503515
"MDA",2024,1826.141254438506984734,682115.082038950563536
"MDG",2024,231218.70384342485909439,120418604.266035321054271
"MDV",2024,19.41040805383924708,3487.887954285622790
"MEX",2024,330819.17982999602711033,133218745.6472014742870888
"MKD",2024,2054.963635089506387405,844254.915776092061681
"MLI",2024,236.80563416852949563,374866.202997361578612
"MMR",2024,276977.81059430994444216,165788202.309341248139733
"MNE",2024,651.758193361247611709,415731.090097732065303
"MNG",2024,2717.874784293643735164,446058.1838012388701229
"MOZ",2024,298631.33988658234966434,117382199.807562386167873
"MRT",2024,0.0,1700.237793747471556
"MSR",2024,0.88521007776475716,484.466073260571025
"MTQ",2024,57.33368333132866583,27944.360748979297861
"MWI",2024,17092.97273644055175610,7204737.967392577010208
"MYS",2024,282533.58103206479934616,135633727.129139341475581
"MYT",2024,1158.69411984998300612,637499.708646538529906
"NAM",2024,0.95332852549370666,3149.092999874582688
"NCL",2024,1782.05937156283327727,599081.466580789888637
"NER",2024,0.0,397.754108053799833
"NGA",2024,105644.33004385722907900,72148634.301814706852667
"NIC",2024,157980.93289707204970036,90033496.647624414702249
"NLD",2024,1507.638799445520974076,775723.581731764486459
"NOR",2024,66325.395066503280239066,20320058.2388648079535020
"NPL",2024,2679.08830356231074033,1476004.621205185412750
"NZL",2024,39496.565828101180948682,37297085.988689480517081
"OMN",2024,0.0,6.143262482865707
"PAK",2024,114.84624364671115941,51386.4646212667832176
"PAN",2024,21552.72921878774763190,13283044.041497661430052
"PER",2024,268477.16865044707734253,166847412.369861005512285
"PHL",2024,59208.90948676974457960,36456869.467356543563103
"PLW",2024,7.09689850764702749,4897.193726695077480
"PNG",2024,82210.22981897378705610,62403551.616532631827696
"POL",2024,71612.447006448812749062,34308968.165693268537525
"PRI",2024,364.14037788834850857,209718.375358093167541
"PRK",2024,12017.276912428357257730,4036723.0928653860373390
"PRT",2024,43380.716665141932230280,17346094.6353926531298990
"PRY",2024,265819.58633815492035313,74807352.520140450707717
"PSE",2024,0.72383783935329856,735.488220297006165
"ROU",2024,20153.390286690836280775,11731893.412910477494702
"RUS",2024,5180132.894531229664811468,814452606.8583092775128761
"RWA",2024,3605.41794670364349811,3440052.296153158268785
"SDN",2024,28.3500080510693393,29981.09534596386066
"SEN",2024,154.45796883318468806,115332.116793809730301
"SGP",2024,64.06597942935072327,31703.447363382883365
"SLB",2024,11061.72793614805013063,8322001.186837095013183
"SLE",2024,130669.12534244876838911,73768547.153187757586891
"SLV",2024,1679.34781025245685340,931349.868993527923148
"SMR",2024,0.16733450256510418,58.36847353279262
"SOM",2024,141.00018149500255787,44533.290745513070130
"SPM",2024,0.95298322494791703,0.0
"SRB",2024,4239.654432016733447500,2403646.749048079001079
"SSD",2024,5576.77463575733312742,2510185.566999662549328
"SUR",2024,34033.91194844940971124,20920606.231597718580142
"SVK",2024,7651.075088853114161605,4918391.052545173065389
"SVN",2024,3741.948079171054055216,2388623.534295470660905
"SWE",2024,315358.631976843880464135,96597420.9359462839335251
"SWZ",2024,2428.62417492595978043,1459051.212301455665094
"SXM",2024,1.02543027944227433,388.9525050458945
"SYC",2024,0.60728605523980034,257.979890469694305
"SYR",2024,986.88216194198350987,257946.773662974861605
"TCA",2024,21.74941458078341939,8513.970818636814073
"TCD",2024,13092.28063024343451596,5279035.373892326972350
"TGO",2024,5731.26026178065353667,3782996.543569386589876
"THA",2024,141657.86723916791235508,110430678.753685617852308
"TJK",2024,0.488066510371093764,190.7985923512047295
"TLS",2024,946.92174346687466524,508001.109440121997891
"TTO",2024,1107.04527755152761680,670726.857037534719277
"TUN",2024,1664.934139047389661815,401609.683383869770812
"TUR",2024,40151.646311932421513455,14874639.147825298726502
"TWN",2024,3734.59072050152037986,2123658.884049822850452
"TZA",2024,225765.28677639220771225,89498215.375357744955702
"UGA",2024,64858.55514983617744530,35331410.711755279920012
"UKR",2024,80279.444931872356140292,33678818.784431145243934
"URY",2024,11481.51107115947741153,32880300.726550808423796
"USA",2024,1596539.176294101921507316,734767789.9666961494943215
"UZB",2024,4.36758045204427098,2286.9019262107786313
"VCT",2024,42.29153386034229685,28891.18749483465422
"VEN",2024,145092.91665159828081581,71036496.564316593587829
"VGB",2024,0.21927488408745660,105.76269993237622
"VIR",2024,20.61052820454210213,10031.259817316578788
"VNM",2024,128461.52024024111737454,115206223.437277076050722
"VUT",2024,310.69872299981063082,152252.648688285109220
"XAD",2024,1.7797165651692712,508.663571720865214
"XKO",2024,772.081757564240427720,408018.994415891339203
"Z01",2024,80.66357451726562468,46793.286601691632266
"Z06",2024,26.07078271392147408,10535.749309166573164
"Z07",2024,7551.76660291290569491,4430107.099216329755899
"ZAF",2024,39556.61675949001804984,27071803.279549325108552
"ZMB",2024,229624.80790196624796011,92459583.823771341072693
"ZNC",2024,13.37542872935329992,4719.948221567126359
"ZWE",2024,5834.54073476420609335,3888799.933843256558099
"AFG",2025,8.82256016294922012,2254.208950920695314
"AGO",2025,377712.37125091463798115,146052850.925714263267229
"ALA",2025,706.497477707995535594,234020.169317183625048
"ALB",2025,3824.511926705187791226,1009887.0009462355186265
"AND",2025,14.48323912057726109,7404.324489791472448
"ARG",2025,197870.038434711594650302,55120730.996706178899426
"ARM",2025,36.192375861310773496,15123.488324063529041
"ATG",2025,17.43958396964518423,6073.231162907567546
"AUS",2025,384105.138242648126548489,97775602.1317666104770575
"AUT",2025,27575.374552085951010714,16196693.637731894616058
"AZE",2025,138.099117501523425852,53111.193664354936534
"BDI",2025,2656.49054306783028895,1636818.211712092222062
"BEL",2025,4339.193680674923113489,2644288.245983923490420
"BEN",2025,1938.97848990882424476,1670981.800692710585643
"BES",2025,0.0,52.05045498720551
"BFA",2025,0.0,84988.790687227326893
"BGD",2025,13176.32908929688824770,8274945.462925703563746
"BGR",2025,9103.033166854158325400,4150674.0713351689817173
"BHS",2025,8003.50984899977118498,2868022.268706147527420
"BIH",2025,3791.143061299105899304,2071945.322940001293242
"BLR",2025,78911.444964860777785751,34879598.558028319030553
"BLZ",2025,12518.60470120345624677,6057165.752884540545026
"BOL",2025,765219.26038201929497534,257491199.053694079746428
"BRA",2025,2868122.44508555266187565,1483756363.1841643231769326
"BRB",2025,6.89509769466634347,2792.36931850366646
"BRN",2025,851.89442753148693592,424414.213545326228294
"BTN",2025,3446.12334758825817992,1803255.779679305263109
"BWA",2025,1.23971259935655385,673.409794337968717
"CAF",2025,74124.68479318545394910,39406130.966354606046345
"CAN",2025,6225187.103089992871000635,3061859542.9430556339606437
"CHE",2025,3729.113742945520946816,2352267.791061964064712
"CHL",2025,38789.523154544123205825,28568816.724233022848905
"CHN",2025,650785.10752506479808313,344675329.6346049544960524
"CIV",2025,213072.30801303529964602,146981876.854740331673992
"CMR",2025,206263.29947243197032251,130307862.241622995241835
"COD",2025,1287662.45657372274810518,866608053.686597828847674
"COG",2025,70833.95393066109362103,43918931.283001662749773
"COL",2025,186035.18782844346169209,115856101.061887782542877
"COM",2025,123.21657239301650901,61421.714576377206390
"CRI",2025,7511.95195669167942506,4621692.133272095887780
"CUB",2025,27997.09322643095861584,12262702.540917058422437
"CUW",2025,6.99826545797851636,2846.999405288829761
"CYM",2025,74.65994982999244052,47119.7774391026183605
"CYP",2025,136.65077296471778126,39499.6914848388893915
"CZE",2025,16197.381095242592272141,9249090.498040277720852
"DEU",2025,56072.892071574194242027,34344360.457767247726907
"DMA",2025,26.85952689536241433,15591.097507624011985
"DNK",2025,3701.769952731457109043,1641744.558710224330501
"DOM",2025,11420.57956298257326816,5923574.041741134379737
"DZA",2025,4497.902768176675517859,1261729.684964361801726
"ECU",2025,51762.55238425102988411,35914831.417469867907052
"EGY",2025,19.21086426856987563,5297.372999109029503
"ERI",2025,0.07445408830403646,16.522120641158487
"ESP",2025,162796.405676107957519250,56227039.0471552291264127
"EST",2025,31058.688198521818878032,11425176.792705753889185
"ETH",2025,24980.19112179258673404,13178335.115897032099286
"FIN",2025,238056.076827442311187713,60819605.5644965157073915
"FJI",2025,1262.33227872593242982,728058.038046381623438
"FRA",2025,70487.974375637551733328,39166558.565973104106203
"GAB",2025,21919.75889887393033008,14914283.801512335913002
"GBR",2025,26566.405239659062763375,13724480.6523278223644975
"GEO",2025,553.898475999244828324,258707.954348652858050
"GGY",2025,0.9076785234592016,478.48018730107873
"GHA",2025,116555.42688093862452780,78296931.295701946111652
"GIN",2025,104702.93640371004159003,54004818.750747494657835
"GLP",2025,40.14509072792860589,17317.207591185687142
"GMB",2025,28.40101266665093312,26417.163077778622346
"GNB",2025,8132.41841252063961033,4021692.017111301945993
"GNQ",2025,5019.22998004289767285,3498426.807222551087888
"GRC",2025,10224.353118147271520224,2893176.269181023560130
"GRD",2025,37.01815385068089486,24100.846997242012738
"GTM",2025,52384.17338189027127460,27489435.694023517760187
"GUF",2025,3955.17382133546442046,3136998.295125326124293
"GUY",2025,19295.73691950885251169,12077008.540956203622080
"HND",2025,34244.08675248722798803,18324971.376445294048258
"HRV",2025,7227.460172192812121355,4020446.094999685671287
"HTI",2025,2188.85060975980689676,1093460.912964216538513
"HUN",2025,15508.249842127102595719,7243911.323997506407472
"IDN",2025,1161830.75574047034421851,735560122.615578355579211
"IMN",2025,153.61532726457879931,68687.41788994339183
"IND",2025,118595.19829004654987970,70087628.965897507715524
"IRL",2025,12168.685114873313565452,7898580.596239561427533
"IRN",2025,80.49423774718316462,49341.980373670927626
"IRQ",2025,2.1196176335373262,865.498217808695921
"ISR",2025,218.38675350646061229,62344.440206107697344
"ITA",2025,29314.551964177740281809,12116825.7137688288532097
"JAM",2025,21169.76588550322038395,12620021.439099388011214
"JEY",2025,4.55894075633246522,1914.077422786337511
"JOR",2025,5.15852572176974789,722.984324531253399
"JPN",2025,53467.957752227959806251,27801555.530283674965403
"KAZ",2025,3962.749258559835545824,1409231.199733853177614
"KEN",2025,10418.45457369754908733,7215108.102642630975137
"KGZ",2025,35.234729095961370086,7910.818563628603924
"KHM",2025,59083.93615992106004363,37157793.169921521177560
"KNA",2025,4.19310631254014788,3293.687593973839075
"KOR",2025,86981.415896175261376145,17539825.572446092805709
"LAO",2025,230200.01529611333439516,125938435.201184055373785
"LBN",2025,346.84034742898253949,120143.401210959476491
"LBR",2025,145881.08851065090048314,95420459.255725742563301
"LBY",2025,7.28262760161566838,1094.584375272509956
"LCA",2025,30.86472682140787338,17216.567194825480065
"LIE",2025,4.58448553794704884,2820.780140123579241
"LKA",2025,15243.33413939279520806,6459194.090020672571695
"LSO",2025,5.59171831647894914,2032.095993436673247
"LTU",2025,29531.798793018399275433,12489943.262316948663697
"LUX",2025,387.985588733758639325,261025.247856750958994
"LVA",2025,55492.136431294312918334,22682326.7552456512587067
"MAR",2025,2665.73981702579391795,732910.5658752101426813
"MDA",2025,2412.862125157241941771,918874.839781669417833
"MDG",2025,262863.55126315496145831,135871372.596469752673946
"MDV",2025,11.55149733588270597,663.2847956874577
"MEX",2025,224047.71100139110653433,91159355.1798791640076152
"MKD",2025,2264.474000527543812131,956262.048879789210639
"MLI",2025,307.46867509745925224,448160.812680803756245
"MLT",2025,0.06255734642578124,23.88587174412289
"MMR",2025,226989.81818759767956463,134970324.437790122292822
"MNE",2025,836.305218870807208144,398455.128580761439784
"MNG",2025,7878.717280975758046295,1427327.216037302740941
"MOZ",2025,248492.83366408023982102,100803989.9673420355644004
"MRT",2025,0.0,294.779451933948426
"MTQ",2025,78.79510948325686563,37698.817602066986916
"MUS",2025,34.32421399020942258,12847.98790306177454
"MWI",2025,17963.66482495140738048,7813727.670333172682866
"MYS",2025,263253.92981843963341487,127861576.774751223354409
"MYT",2025,1001.12755670898229831,525443.884904730772911
"NAM",2025,1.53849439762152798,5245.886343962664371
"NCL",2025,1796.83666267238622414,577452.324993806066414
"NER",2025,0.0,332.775037938135476
"NGA",2025,118262.73322194685510280,84551247.233495849053603
"NIC",2025,59155.61667617543981658,35588648.764782125642706
"NLD",2025,634.741056694158052385,334666.0844188238880285
"NOR",2025,69111.831174135539091811,21436062.7133302891169595
"NPL",2025,2963.52102637954223510,1788550.1508761484767328
"NZL",2025,39723.322291075111976930,40420801.413070559609594
"PAK",2025,112.15250711793510742,57719.4174022963176168
"PAN",2025,18529.71521170472609079,11345209.7344647081207275
"PER",2025,248922.04575658101706648,159525705.799855346124303
"PHL",2025,41584.18485765254599423,26179432.268953431342497
"PLW",2025,3.05278437047146292,2094.47267862820255
"PNG",2025,70723.48396491615079918,55342879.313135400203308
"POL",2025,78461.341843743316274489,38091131.881635869918226
"PRI",2025,491.86557449818034872,271364.175145795064981
"PRK",2025,9516.854211772012694305,3400932.659325086779497
"PRT",2025,57135.538103731244106495,16654034.0761630721809288
"PRY",2025,149845.46910196767347648,49135274.362555078256489
"PSE",2025,113.38041451194115390,24271.652955226783670
"REU",2025,407.66829811827886798,161417.001588261862697
"ROU",2025,23474.922091409950174139,13770985.553712002230038
"RUS",2025,3291324.939968344241496277,660005978.1869989456553660
"RWA",2025,3758.09838184484722950,3691152.939220748779172
"SDN",2025,16.02975634876898746,19809.332375377263394
"SEN",2025,168.73321032809310250,120034.599349000832359
"SGP",2025,86.98611517746941241,48417.925725204864688
"SLB",2025,7865.20732973468571544,5784191.743664251176038
"SLE",2025,104933.84831926863671460,60660197.845976552123765
"SLV",2025,1606.94325519102049255,882212.385814555857850
"SMR",2025,0.055761990514322915,18.762327207630868
"SOM",2025,218.04873680518283001,55957.600882965888143
"SRB",2025,5787.644403785953181435,3137787.824290946775280
"SSD",2025,8371.94361612023937048,3953853.350675869471813
"SUR",2025,14441.97200733660547002,11480850.103609032050752
"SVK",2025,9474.234066308314867204,6042181.803842027576243
"SVN",2025,3331.262063281801991816,2158308.480862740527175
"SWE",2025,291433.575735118441786775,89591982.1719741554192585
"SWZ",2025,1616.88267946304297314,1107524.520528981157001
"SXM",2025,0.4394871459331597,177.69589109934333
"SYR",2025,12422.23552597454047351,2666531.013795337273772
"TCA",2025,48.37203614199759373,17446.2717215116665048
"TCD",2025,12532.67350471983467081,5037555.456749448812912
"TGO",2025,5676.50334389587041118,3858233.090973470323224
"THA",2025,111550.87759889999043607,89559816.008017382517945
"TJK",2025,0.5436940714539931,158.8008119340665193
"TKM",2025,0.06132809331163195,14.209028418326323
"TLS",2025,990.69566946562716700,539642.616457594597133
"TTO",2025,498.05686229967896338,313870.125942600409317
"TUN",2025,1573.267825748336424824,418207.9780322919120563
"TUR",2025,71914.571584333627064719,21808749.7207800917314665
"TWN",2025,3056.86973809662711435,1895915.268016399484435
"TZA",2025,203747.12518253811440089,81048030.066406649334684
"UGA",2025,58786.32822246457774837,32807237.996138466783379
"UKR",2025,71906.747933040762361387,32506806.2846006190014476
"URY",2025,9399.28873369584909082,32400481.019105318275375
"USA",2025,1573244.997475663020855658,698924518.8097728364237753
"UZB",2025,9.64643756951822741,3748.569307373453187
"VCT",2025,5.40199039162543442,3789.94414358647136
"VEN",2025,63794.89207102967750524,34763509.608138204843614
"VGB",2025,1.09619949072374144,608.291220530761298
"VIR",2025,32.65205844024199352,15608.95019301407951
"VNM",2025,118343.43861744175045662,109607639.717469797868844
"VUT",2025,291.83163153198568938,160767.626517004041296
"XAD",2025,3.5598929221093752,1695.36690942151916
"XKO",2025,1045.249340205371190231,494396.549513933987479
"Z01",2025,98.70450907699545170,49986.346268883908078
"Z06",2025,2.80465655270290798,1303.301294938832629
"Z07",2025,9940.79557264160493708,5821265.011094406964053
"ZAF",2025,27423.62302315487737338,23320592.439980131243917
"ZMB",2025,277032.63531874356059342,111612821.740914669656535
"ZNC",2025,10.59983220896267416,4062.991016529011411
"ZWE",2025,8528.51320080113050510,5306312.067086238896571
